CL,Twb,CL_predict
1604.1409606222226,26.657,1636.2498
1546.4664441599996,26.66,1598.3477
1605.56528112,26.657,1648.594
1538.6648294044444,26.684,1594.6151
1491.407915022222,26.667,1544.6643
1520.756060444445,26.68,1564.7113
1508.593962222222,26.672,1555.6213
1558.365641102222,26.668,1601.2844
1538.145639724445,26.64,1589.684
1477.09187288,26.646,1531.2241
1527.6896761866665,26.604,1570.9451
1485.255136133333,26.604,1539.9302
1490.4202309155553,26.626,1538.8279
1508.3825224000002,26.606,1553.0891
1513.955732835556,26.645,1560.947
1459.8889633600002,26.609,1511.2095
1501.762224888889,26.639,1544.686
1543.3245285155554,26.62,1587.4475
1528.8100568888892,26.605,1580.53
1585.7125117511112,26.598,1634.4656
1472.4337818666663,26.569,1533.8615
1457.92494848,26.589,1500.321
1468.878239253333,26.594,1504.3044
1477.5249146311112,26.594,1510.3578
1410.5098489777777,26.589,1443.9622
1354.9024158666664,26.558,1386.5054
1345.6658748533334,26.558,1371.3795
1567.0589361777777,26.528,1582.2588
967.0817960533332,26.541,1153.2296
1091.8426375111108,26.509,1162.5143
1141.3604185955558,26.545,1191.9131
1199.09829248,26.552,1231.3214
1231.202999288889,26.557,1258.8313
1185.1845635644445,26.6,1234.5458
1189.7893276799998,26.575,1232.6423
1167.7716721066668,26.586,1219.1866
1247.551775999999,26.519,1263.4109
1218.5717988,26.54,1254.6731
1178.4901969066668,26.521,1228.7401
1204.455463537778,26.569,1238.5142
1200.2974886044449,26.556,1236.5397
1175.8898014933336,26.549,1221.7733
1209.9900575022225,26.563,1238.9701
1241.6340169333332,26.569,1264.8955
1220.0370774666667,26.526,1254.8959
1217.4692573866669,26.552,1251.771
1236.2909927111114,26.532,1263.0624
1294.9999934666664,26.521,1307.6495
1448.641578168889,26.49,1446.239
1572.8181037333338,26.514,1596.2134
1593.6694086666662,26.488,1631.5759
1659.3528540799998,26.504,1717.0474
1775.2859106222215,26.504,1838.4902
1787.3750983199996,26.511,1857.7455
1774.7788882222223,26.492,1843.5339
1813.3952137777767,26.502,1880.1206
1795.046102,26.551,1869.481
1711.631581848889,26.568,1790.644
1775.0414483199995,26.562,1847.3297
1796.944374675555,26.528,1874.3064
1778.6234471111109,26.583,1861.0732
1762.2068089066668,26.535,1844.2117
1789.7889322666667,26.542,1870.0665
1824.7194709333328,26.59,1907.28
1857.697639164444,26.577,1939.7642
1972.1652051111112,26.626,2039.3157
1916.445172551111,26.587,1992.7238
1935.7478327466667,26.659,2005.6685
1926.6196304800003,26.696,2000.6509
1923.01121976,26.687,1998.098
1965.56815224,26.669,2033.085
1923.6498080799995,26.841,1998.2383
1996.4529067022224,26.743,2052.69
1945.465016835556,26.805,2012.3351
2112.4612504,26.827,2151.289
2332.8117857777784,26.905,2339.2915
2244.0928171200003,26.867,2275.1348
2286.1983061333326,26.915,2318.452
2309.642625066668,26.885,2363.9165
2331.612780622222,26.798,2407.7388
2299.427140266666,26.978,2409.5388
2282.1619131733337,26.987,2409.2964
2300.818904062223,26.891,2448.0083
2248.061772444444,26.91,2386.684
2319.2423341777776,27.049,2484.2085
2387.635143715556,26.923,2453.956
2282.903438382222,26.991,2467.8254
2303.387018746666,26.843,2488.05
2369.422981084445,26.755,2452.317
2385.5108104533338,26.677,2456.408
2330.6083192,26.668,2445.137
2361.2179433866663,26.674,2450.9263
2378.521132533333,26.406,2453.7705
4037.529858346666,26.436,4186.155
4598.400455777777,26.62,4308.2417
3235.802990453333,26.609,2915.6687
3230.2044067733327,26.555,3161.0266
3157.07224663111,26.716,3212.177
2978.295503288889,26.736,3046.224
2901.208396088889,26.69,3000.59
2921.974531226667,26.423,2998.893
2963.62567847111,26.379,2995.9216
1361.7305725333338,26.544,1903.2788
2009.959740302222,26.522,2205.0884
2460.10584352,26.618,2573.2644
2404.705736248889,26.33,2424.9692
2450.698068622222,26.412,2447.26
2411.9785791111103,26.287,2429.4202
2465.0763561422223,26.62,2483.2375
2471.925791866667,26.307,2487.526
2446.1650075022226,26.368,2460.1729
2467.018940586666,26.268,2472.4216
2473.81158752,26.396,2472.3203
2437.544094293333,26.67,2441.6638
2466.5132805866665,26.651,2457.221
2429.316949617777,26.605,2403.0474
2455.808302933333,26.489,2402.7551
2446.305194968889,26.644,2408.9539
2453.058455733333,26.465,2451.1936
2458.084468106667,26.277,2458.708
2476.2372289333334,26.255,2485.4731
2469.632045911111,26.471,2489.5273
2411.12309904,26.369,2438.1558
2447.15453376,25.893,2460.2324
2410.23544071111,25.855,2445.6663
2418.110810213333,26.23,2468.3716
2447.360258488889,26.162,2477.12
2444.302122293333,25.704,2456.1267
2414.908845333333,25.82,2441.036
2474.842499297778,26.011,2495.8926
2459.798711982221,25.79,2474.9272
2459.2017385777776,25.878,2474.3047
2475.693408924444,25.939,2497.9373
2414.4245156266666,25.936,2445.4094
2450.9249652800004,25.948,2475.7488
2447.740319182222,26.134,2478.8413
2407.855232426667,26.233,2448.4265
2441.335735004445,26.449,2480.3142
2427.967913946667,26.259,2465.7131
2441.740556444445,26.132,2472.8096
2449.8849824800004,26.116,2481.7715
2494.762393066667,26.423,2535.383
2464.164263111111,25.969,2489.781
2449.3456362666666,25.879,2472.3816
2466.547447715556,25.681,2488.849
4366.174404764443,26.294,4343.5586
4657.327757262221,25.96,4352.207
3294.2366315377785,26.267,2982.6077
3385.0381741511105,25.883,3366.2017
3238.484788684444,25.827,3283.9917
2974.6138560000004,25.631,3045.4348
2928.6565128533334,25.765,3040.1406
2846.726893422221,25.587,2971.4043
2719.5578620800006,25.662,2859.2227
1626.154619822223,25.824,2049.817
2085.816039039999,26.002,2229.1912
2549.5721805688886,25.898,2652.0286
2471.4235728000003,26.078,2467.3066
2430.8207760533337,25.888,2425.257
2338.823784497777,25.486,2381.368
2362.5824195911114,25.63,2397.2803
2436.273152088889,25.746,2449.4531
2411.19470888,25.922,2427.9658
2277.802291395556,25.644,2272.9639
2225.467786737778,25.796,2326.2346
2319.164878826667,25.114,2330.4807
2289.8206086755554,25.59,2373.3533
2165.212805493333,25.607,2227.6936
2136.905081866667,26.0,2165.104
2171.994886257777,25.908,2176.3416
2164.1833306400003,26.11,2169.482
2201.1124367466664,26.284,2196.661
2210.550326506667,26.159,2205.2527
2221.8611459733334,26.226,2226.3618
2181.6861952266668,26.103,2185.8352
2208.059926844445,25.83,2222.8955
2215.8072039644444,26.025,2258.5955
2291.3888405333337,25.606,2358.3013
2387.49067808,25.79,2432.5764
2335.8024610488887,26.063,2411.4646
2375.454281635555,26.046,2481.7373
2375.1705472800004,26.058,2438.4062
2309.288766702222,26.02,2454.8125
2395.7530541866668,26.021,2453.9622
2401.7461516444446,25.975,2458.4783
2425.1567692266667,25.765,2469.52
2415.1224545155555,25.797,2468.1013
2392.655068373333,25.852,2458.8018
2338.1930689866667,25.877,2441.9736
2331.6654368,25.905,2440.602
2389.66171488,25.872,2459.2983
2387.065115555555,25.833,2456.9038
2363.81588648,25.866,2447.631
2340.7447219200003,25.874,2439.7083
2171.233516586666,25.887,2306.3313
2209.887447875556,25.928,2337.3843
2194.6329566666664,25.976,2312.3562
2146.68729552,25.984,2234.9028
2091.268147253333,25.917,2151.551
2186.183433377778,26.016,2244.8772
2195.1128044266666,26.03,2245.8596
2231.972564373333,26.025,2272.1946
2117.1822505244445,26.077,2146.211
2114.6897525333334,26.028,2136.5957
2141.5110185777776,26.023,2168.9077
2156.2408099555555,26.12,2187.7158
2012.178388906667,26.336,2046.8584
1964.1864445866668,26.328,1998.334
1984.2951821333336,26.168,2013.7598
1950.355248,26.165,1988.6958
1867.4326299377776,26.11,1918.72
1835.4570425511108,26.06,1887.9359
1902.968684373333,26.026,1945.8507
1828.4029522222224,26.068,1884.0386
1869.564293377778,26.129,1915.811
1779.9757164444443,26.064,1836.5437
1815.790368871111,26.094,1866.6758
1783.8688571199998,26.084,1845.0513
1787.688060231111,26.139,1844.901
1672.94824368,26.154,1732.2933
1700.7475592177775,26.15,1749.4766
1648.9105180355557,26.09,1699.0757
1645.4527794400003,26.116,1685.9888
1676.9680712533334,26.077,1716.0386
1664.0116228000002,26.019,1705.01
1535.9880301333335,26.034,1579.8428
1698.0352048,26.058,1728.7094
1698.9120943466662,26.078,1747.542
1717.2650138577776,26.149,1766.9719
1674.2525868088894,26.15,1727.8867
1665.6686330666669,26.196,1716.2188
1685.413106773333,26.08,1733.9329
1697.8943303111107,26.106,1753.1445
1707.6504464355553,26.096,1767.6274
1656.84081904,26.085,1717.2188
1667.06361888,25.984,1718.8428
1669.3820394133334,26.005,1726.0288
1678.7344892266672,26.001,1735.2986
1710.5979534222222,25.994,1771.3319
1693.0164341066666,26.024,1755.6384
1664.5513544444443,25.993,1724.861
1651.149107751111,26.072,1710.5432
1627.1828277600002,26.092,1688.4011
1555.1696416711115,26.093,1614.1836
1419.0056309866663,26.17,1472.0757
1436.8028345244447,26.207,1465.191
1471.1875794488892,26.264,1495.0308
1097.0347555555556,26.212,1214.7036
1142.4424995555553,26.242,1203.6595
1144.7211776,26.249,1199.5471
1243.8661928888887,26.227,1256.7737
1257.2312577066664,26.201,1276.4393
1252.5986389155553,26.266,1278.5498
1230.2905313066667,26.28,1262.7299
1338.138249217778,26.289,1335.4271
1279.61370112,26.311,1305.211
1277.454476444444,26.353,1298.5055
1294.1206760533332,26.312,1308.9998
1202.4667892177777,26.366,1249.0284
1230.752543271111,26.368,1255.6643
1270.1295235288887,26.41,1283.0269
1225.4177528355551,26.382,1256.8649
1196.5962413866664,26.466,1236.061
1242.2931774933331,26.451,1260.1599
1192.997700497778,26.454,1234.2794
1172.75773472,26.513,1219.5033
1285.4096232000002,26.514,1289.6372
1361.7276555999997,26.547,1365.3683
1329.840554346667,26.506,1352.5431
1554.1294131733334,26.54,1564.5276
1538.0481466133333,26.532,1589.6935
1554.3374272000003,26.581,1605.0607
1486.3934422933328,26.588,1545.5083
1500.807438666667,26.553,1546.952
1518.6501207466667,26.504,1563.9717
1494.6288859644446,26.574,1547.2848
1436.0983409777778,26.531,1492.4042
1501.3923356177777,26.552,1540.258
1477.2301657955552,26.573,1528.4644
1473.7637474311114,26.531,1522.5598
1440.89901472,26.542,1493.8049
1402.5688898133335,26.516,1441.8096
1384.4962381066662,26.53,1419.5806
1322.608790755555,26.514,1364.8167
1337.1021114133337,26.555,1368.7028
1300.101715688889,26.562,1339.9763
1323.215147253333,26.566,1351.8319
1307.0362804533336,26.599,1342.8672
1284.8170350933333,26.576,1322.7671
1313.385680444445,26.61,1338.1362
1375.4621695288886,26.646,1389.3872
1377.34162944,26.643,1398.7133
1364.5237708355555,26.67,1384.9896
1391.113488266667,26.723,1406.0763
1397.9074451999998,26.69,1414.2433
1345.1173609688883,26.703,1374.1539
1301.6865397155552,26.686,1332.0773
1395.07772992,26.75,1400.1714
1335.5586705777778,26.691,1363.0995
1330.5385875555558,26.726,1354.7635
1441.3819750399998,26.736,1444.7906
1383.9620760000005,26.728,1410.3654
1337.030407253333,26.708,1367.1779
1343.4025895999996,26.8,1367.255
1319.9408342755555,26.762,1347.9265
1356.24953952,26.68,1373.4646
1342.198228,26.716,1369.6416
1310.4515564177775,26.771,1343.9137
1315.203799751111,26.787,1343.12
1305.2928660799998,26.736,1333.9413
1304.4117076800003,26.743,1332.9207
1279.3376812088884,26.665,1313.0444
1250.5278107111114,26.7,1289.2622
1038.5379643199994,26.68,1161.6827
1118.5657467111112,26.68,1181.6929
1239.6779703466668,26.7,1255.1984
1289.9725744444445,26.72,1304.0377
1259.8812864,26.685,1291.9082
1205.0803370311112,26.679,1254.8629
1255.0338672,26.671,1280.2388
1267.6199512888886,26.694,1292.4717
1277.44920384,26.679,1302.92
1278.5610212177776,26.642,1304.1318
1252.8211013688883,26.697,1285.4966
1287.8358480000002,26.685,1307.9429
1249.5183177244444,26.62,1285.1304
1284.251495866666,26.648,1306.1844
1252.483838666667,26.642,1287.7272
1301.4910248355552,26.661,1318.7568
1276.043694942222,26.632,1306.0793
1219.6119772266663,26.6,1265.9489
1291.0232934222229,26.639,1308.0092
1333.755873031111,26.645,1348.646
1325.7385263111107,26.63,1350.1528
1329.5498112,26.644,1354.9318
1448.74046512,26.574,1466.2307
1555.0697416533333,26.622,1594.1671
1675.2264489600002,26.59,1725.8287
1761.169101431111,26.501,1822.8076
1946.9951154666664,26.437,2002.9795
1993.8607672,26.432,2044.7217
2033.70752976,26.456,2074.1028
2041.752352711112,26.431,2078.1008
2007.113059066667,26.418,2049.268
2029.7778988888888,26.43,2071.0833
1878.3239990488887,26.455,1950.6733
2007.7902592,26.504,2058.675
1934.3053189688887,26.464,2004.9016
1956.944004204444,26.481,2021.7328
2043.614178275556,26.502,2096.9263
2026.3452901688893,26.506,2083.8486
2000.929283831111,26.484,2059.0435
2058.60242392,26.332,2107.026
2057.9263183644443,25.861,2105.0244
2102.5519539377783,25.45,2139.5647
2093.4034891733336,24.249,2127.6907
1897.7668176,23.968,1976.58
1784.680833546667,23.584,1874.0509
1845.4363395911105,23.408,1928.1274
1833.2616770133327,23.713,1931.435
1828.4041830399992,23.578,1917.1615
1798.9974660622222,23.598,1879.447
2012.7527488,23.893,2069.658
2209.75520192,23.41,2224.996
2209.13371696,23.578,2223.9407
2164.255075555556,23.812,2186.2402
2181.18361984,23.974,2203.3118
2206.6138498666664,24.078,2232.1807
2226.2655616,24.002,2255.5706
2174.107598364444,23.903,2209.232
2262.7341613688886,23.806,2291.9832
2195.4226491200006,23.748,2242.5137
2257.4528305777776,23.507,2295.55
2164.4215305600005,23.775,2220.8706
2202.010301431111,23.851,2253.614
2223.088610151112,24.107,2275.8818
2229.5568463555555,24.196,2278.4258
2388.3695867733327,24.417,2392.8572
2353.363330106666,24.527,2385.7656
2309.9551433244446,24.726,2365.372
2376.8514309866664,24.78,2445.6228
2358.347544746667,24.924,2454.4114
2370.225336871111,25.298,2437.0925
2490.7957969066665,25.301,2511.1316
2413.8121308,25.481,2459.264
2359.8009775200003,25.499,2441.1448
2389.18791408,25.676,2449.4495
2398.440437093333,25.813,2454.0432
2459.0229032,26.044,2491.5044
2401.310828746666,26.005,2454.4958
2473.6938552,26.236,2509.3887
2476.776994346666,26.358,2521.2258
2478.015627875556,26.451,2524.9392
2517.14963632,26.488,2579.6
2444.751005146666,26.514,2494.3164
2460.2997735911104,26.488,2512.6782
2474.036621066666,26.597,2535.9146
2487.0795865777777,26.587,2545.734
2496.549740764445,26.62,2552.3093
2437.400802417777,26.662,2486.1172
4353.300167253334,26.369,4341.757
4516.449271999999,26.161,4253.469
3336.3947126844446,26.44,3002.647
3265.8215042133324,26.142,3236.0547
3289.579834222223,26.4,3387.78
3251.172082791111,26.578,3320.2422
3043.3428627733333,26.533,3111.8682
3043.3428627733333,26.533,3124.6077
3067.3314267377777,26.441,3124.3818
1760.4724038399995,26.784,2158.783
1989.3176697333336,26.472,2210.098
2567.9461753600003,26.532,2710.7527
2505.5789640888884,26.441,2526.339
2458.479085520001,26.295,2433.9612
2487.1272100266665,26.02,2472.1924
2476.652075075556,26.423,2479.7795
2421.007343644444,26.123,2418.1467
2496.842943217777,26.244,2491.7295
2503.4262032444444,26.222,2488.7002
2499.92928808,26.569,2480.6243
2500.64405552,26.533,2474.3916
2712.696927466668,26.676,2774.7175
4729.174791102221,26.772,4344.1377
3658.9692792,26.306,3305.9868
3520.0489400177776,26.432,3306.952
3429.5976064,25.933,3372.3647
3250.45009696,26.319,3257.1494
3288.931469226666,25.687,3300.528
3149.0284623644447,25.795,3158.8982
3110.051339519999,25.725,3130.2002
1443.1173791999995,25.723,1987.6733
1980.29254176,26.077,2198.903
2515.690726,26.315,2672.738
2490.349183555556,26.026,2498.6484
2488.6522689422227,26.125,2456.9365
2474.7965398399992,26.281,2468.2422
2471.1514048711106,25.743,2463.041
2513.599028622222,25.825,2515.0625
2444.41470544,26.078,2452.6477
2474.043242097777,25.66,2469.3755
2445.218944133333,25.597,2438.5125
2450.4961201866668,25.658,2438.284
2499.8852266666663,25.886,2477.3342
2497.490505911111,25.956,2471.4165
2442.003784933333,26.002,2392.5955
2327.595868817777,25.781,2292.5007
2398.8450454400004,25.88,2368.2102
2323.414898435555,25.816,2334.2095
2373.989266133333,25.611,2370.3008
2370.3721756444443,25.46,2380.9543
2374.1562824,25.448,2394.5767
2328.58542535111,25.548,2386.1567
2389.248469848889,25.709,2438.3135
2461.39907552,25.587,2508.9797
2425.6798027377777,25.752,2463.4565
2365.2669950222216,25.57,2421.2556
2329.6469888,25.397,2405.2966
2387.548106151111,25.567,2437.8926
2382.777864,25.626,2436.284
2382.1284160711107,25.671,2435.0735
2359.229304,25.958,2426.7969
2396.125299128889,25.769,2445.911
2388.538714177778,25.852,2442.933
2303.537539493333,26.322,2401.6707
2455.806451466666,25.805,2495.665
2420.397803555556,25.69,2461.3877
2451.783862995555,26.054,2493.5415
2410.653369137777,26.01,2463.1128
2430.364632888888,25.904,2475.0173
2449.5537970133337,25.882,2492.0125
2458.505854933334,25.682,2496.3926
2498.5188000177773,25.588,2534.0188
2459.860269173333,25.613,2494.4766
2467.4333966399995,25.92,2508.2866
4470.430227271111,25.764,4386.0854
4519.228102222222,25.888,4260.7363
3237.761388053333,26.012,2959.882
3143.2570891022224,26.159,3165.3848
3095.707778062222,26.263,3232.336
3032.906643555555,26.24,3137.3923
2946.939023066667,26.265,3047.9807
2936.487408728889,26.304,3031.647
2823.013557546666,26.32,2941.4133
1417.5259877333333,26.361,1936.4062
2058.5682393244447,26.374,2233.3523
2491.499028195556,26.432,2613.063
2425.431606062222,26.502,2442.3455
2462.1451746666667,26.473,2459.8647
2456.0711413333333,26.418,2468.7114
2447.83124832,26.495,2469.1567
2418.692479324445,26.456,2446.1707
2490.6423324444445,26.411,2508.2476
2426.7825234755555,26.431,2446.9976
2421.009925217778,26.441,2435.6829
2409.430215733333,26.502,2420.5732
2420.6040965333336,26.348,2412.0457
2465.698232355556,26.358,2436.9263
2340.936510577778,26.4,2301.4033
2380.6497719111107,26.337,2340.9067
2296.260431271111,26.344,2336.212
2383.5631373866663,26.278,2390.3796
2290.5644208533326,26.28,2343.9736
2323.144967404444,26.376,2368.867
2245.938171617777,26.385,2365.3726
2287.3862211200003,26.391,2414.3215
2266.84184744,26.342,2405.797
2230.0079172,26.228,2367.6077
2189.853057777777,26.278,2280.9172
2115.8992260444447,26.314,2170.6392
2231.404936133333,26.371,2300.9282
2296.636862391111,26.414,2379.558
2217.0305855999995,26.436,2274.0667
2179.3698672000005,26.393,2217.3586
2180.3531264177773,26.424,2221.803
2189.821536266667,26.428,2233.934
2247.176983306667,26.292,2300.7705
2203.758811413333,26.386,2252.4575
2135.1344684,26.332,2166.9976
2158.3648439555554,26.318,2191.4087
2137.3757980533333,26.315,2170.5317
2125.8571532,26.367,2159.906
2112.9159368444443,26.379,2143.4863
2030.227989271111,26.426,2063.7664
2026.87356368,26.438,2055.7732
1950.0795576266664,26.497,1994.9419
1899.2384471466669,26.442,1948.7344
1842.3989153688883,26.404,1901.3331
1865.2295953688888,26.419,1918.3978
1862.079103591112,26.392,1918.7312
1837.879137066666,26.373,1897.1526
1924.2861758044444,26.355,1973.0885
1683.8208547555555,26.368,1758.6025
1709.7469401599997,26.349,1754.1766
1678.7526335999996,26.286,1725.5884
1708.3922580977778,26.363,1756.0488
1645.516622435555,26.343,1694.0868
1643.7711865866668,26.289,1682.1108
1551.8542226399993,26.324,1591.5991
1585.5798163199995,26.388,1609.7703
1733.7213933866665,26.35,1768.3761
1552.0133043822218,26.372,1599.697
1536.3712988711109,26.284,1560.759
1516.8032606222218,26.392,1540.7734
1416.7276422933337,26.163,1443.9161
1302.8462262399996,26.017,1336.5297
1314.306650035555,26.096,1329.5216
1306.9346524,26.065,1319.986
1348.5191875999997,26.028,1351.4287
1257.177894711111,26.094,1290.0231
1315.7306677777774,26.06,1320.3298
1378.1562142222217,26.11,1376.0862
1405.7282651377775,26.128,1409.057
1362.960819733333,26.178,1379.0847
1340.2240102577778,26.173,1354.0309
1286.2639644444444,26.103,1311.8551
1300.052523733333,26.148,1314.6233
1267.6178110400006,26.17,1291.6797
1287.1073505955555,26.172,1300.5901
1291.1294441777782,26.166,1306.5986
1302.1453541155556,26.207,1316.8772
1275.4593755555554,26.176,1299.42
1330.02316136,26.217,1335.5594
1319.3401742400004,26.252,1332.4918
1337.8043808711109,26.261,1351.1976
1334.3073865244446,26.233,1351.1399
1302.43110296,26.283,1328.8108
1306.0744248888886,26.345,1331.3722
1303.65961048,26.346,1331.1998
1321.4465494400004,26.325,1343.796
1334.0331237600003,26.347,1356.6812
1332.0097699555554,26.381,1357.3652
1348.4218214133334,26.333,1370.9465
1312.8807412355554,26.352,1344.0625
1337.9551810844446,26.341,1357.1796
1329.5906832000005,26.389,1353.7932
1289.8357464000003,26.388,1323.3441
1403.4524306666665,26.403,1409.4963
932.344775244444,26.409,1127.1942
1107.446988382222,26.424,1169.5264
1091.4510662844446,26.403,1172.4562
1174.8819212622227,26.41,1217.0812
1143.9358390044445,26.395,1207.8712
1154.0784249244448,26.367,1210.9427
1166.3100893866672,26.388,1218.8335
1142.7433011733333,26.428,1206.2234
1185.1282847999998,26.401,1227.0536
1169.3537596888889,26.415,1222.0005
1159.0475052800002,26.428,1215.419
1156.694014008889,26.462,1213.5387
1161.0826933333335,26.433,1214.6812
1194.444762595556,26.466,1234.7063
1184.4954791111106,26.479,1231.9312
1205.4645792444444,26.444,1242.9255
1189.3025200355555,26.421,1235.2898
1215.1797371999996,26.436,1249.8647
1222.77655296,26.462,1258.2106
1177.1258266666666,26.478,1231.2401
1185.1069312177783,26.459,1231.1174
1152.2476900266663,26.48,1213.2
1160.7715072,26.477,1215.1761
1179.5754102222224,26.497,1235.2283
1157.8247827200005,26.474,1221.1716
1158.8044740799996,26.502,1219.9972
1162.1611086222215,26.472,1219.5919
1152.8329759022226,26.466,1215.4176
1138.7524403199998,26.483,1206.8119
1218.722957662222,26.466,1250.5674
1206.591400488889,26.496,1252.6566
1232.1757226133338,26.483,1267.6788
1238.8554452177775,26.519,1275.8397
1226.06083824,26.483,1268.3268
1249.6631466666663,26.48,1282.6222
1163.0487413333335,26.49,1231.1062
1153.8122608711108,26.448,1215.8453
1166.7169125066666,26.465,1221.396
1164.537297244444,26.443,1220.6886
1163.9268256000005,26.444,1220.5741
1183.8703773866662,26.465,1231.5829
1201.8170327111109,26.469,1244.428
1246.4771987200002,26.482,1275.9673
1273.5818416355555,26.488,1300.3969
1219.9461669600005,26.474,1269.1079
1251.1283414933328,26.443,1283.1393
1361.3737611377776,26.489,1368.3489
1445.940681884444,26.473,1473.9541
1607.8480312266663,26.469,1639.8292
1656.6375023822216,26.475,1710.5767
1816.5486178311112,26.475,1879.1177
2010.458457884444,26.534,2064.02
1991.2680839022216,26.506,2041.947
2027.40093824,26.538,2065.4683
1981.039833297778,26.501,2025.7878
1910.318040551111,26.504,1968.0103
1907.303757333333,26.54,1969.5447
1937.896624,26.54,2001.3273
1827.6852562044448,26.515,1913.55
1906.28315904,26.563,1978.7465
1856.8777235555551,26.583,1942.8208
1897.822873955556,26.557,1975.707
1891.1033587911115,26.588,1973.6182
1949.8237396622224,26.687,2023.3053
1888.475196035556,26.678,1973.0774
1886.9089833244443,26.649,1966.8193
1988.1379396266675,26.682,2054.646
2021.741922222222,26.668,2087.205
2045.3491096711111,26.742,2105.6204
2096.7778814933326,26.702,2145.496
2085.2926014666664,26.689,2133.3103
1731.5389799644445,26.747,1836.8533
1759.7784065955557,26.792,1836.1124
2082.022213831111,26.746,2128.007
2355.6984208266667,26.78,2348.8906
2378.9495828799995,26.827,2361.6658
2392.1793986400003,26.677,2378.5474
2407.312871466666,26.69,2427.8223
2395.246094666667,26.618,2499.0916
2451.5204807999994,26.653,2460.7034
2351.9676141866667,26.842,2446.4907
2386.774936,26.828,2454.001
2440.9213756,26.744,2478.054
2482.7936869422224,26.73,2515.7654
2386.2863374399994,26.821,2458.5374
2386.2863374399994,26.821,2459.8809
2382.477181155555,26.758,2459.6992
2397.505168124444,26.792,2465.9792
2342.1617879288888,26.672,2448.1892
2476.3002905866665,26.77,2525.544
2412.2486650133337,26.748,2470.6284
2406.226213075556,26.724,2464.214
2439.4934127200004,26.745,2486.693
2355.8157001777777,26.97,2448.7986
2390.6368625777777,26.824,2459.8164
2397.685937644444,26.672,2457.0195
2423.6015418844445,26.71,2464.9531
2454.3308791111112,26.876,2489.3232
2465.736929173333,26.733,2494.6897
2416.350568453333,26.681,2451.9812
2400.1423157333334,26.85,2445.9526
2462.6197113955554,26.71,2495.2578
4448.101003626665,26.635,4313.256
4452.28104711111,26.737,4142.453
3340.9019976622217,26.976,2993.799
3387.1760452444446,26.777,3351.4338
3408.347277795556,26.651,3436.0908
3195.5524707555555,26.816,3198.65
3093.3575076444445,27.033,3153.6638
2931.6928879111106,27.12,3049.732
3086.1839918933333,26.819,3154.9382
1597.6167344355551,26.964,2067.4219
2115.7250926933334,26.828,2208.484
2506.60081416,26.864,2646.6702
2388.998316906667,26.872,2388.8914
2469.0510288888886,27.026,2468.8083
2417.8829994666667,26.903,2429.8125
2471.5960968888885,26.892,2483.836
2417.806113528889,27.002,2435.9192
2433.66639648,26.858,2444.8674
2467.7968081066665,26.93,2470.6946
2462.40252504,27.137,2460.832
2432.4547780622224,27.271,2430.6135
3023.9562787377768,27.308,3450.8608
4619.823195519999,27.422,4287.6997
3616.41211616,27.4,3270.061
3667.5221818666655,27.404,3485.805
3653.3321524088888,27.394,3566.9722
3501.358288533334,27.545,3429.1777
3385.82163799111,27.365,3352.147
3277.71655224,27.454,3287.099
3275.074718906666,27.738,3346.0493
3325.6853357600003,27.943,3418.5908
3277.890894026667,27.629,3294.8772
3267.011183333333,27.62,3264.7007
3245.519429297777,27.748,3255.555
3328.6371383822225,27.792,3359.644
3977.9769916888886,27.769,4044.7952
3783.92007648,27.477,3599.2642
3767.3015795022216,27.328,3612.3074
3837.328853333333,27.45,3787.7246
3643.23557136,27.431,3563.0764
3498.8644199911114,27.428,3479.0708
3498.276398835556,26.354,3466.2827
3535.8204305866657,26.632,3532.8232
3424.027601679999,26.818,3426.0396
3319.94658208,26.829,3352.7104
3299.396706399999,26.924,3369.6309
3300.690555555555,26.601,3337.3547
3329.841296204444,26.481,3336.3003
3286.549705244444,26.083,3247.4875
3131.811042702222,26.398,3126.249
1608.039576515556,26.587,2083.3691
1736.1576824800004,26.891,2067.689
1917.1929927466665,26.662,2180.016
1940.3708996000005,26.893,2180.6763
2224.2000467555563,26.85,2278.4504
2265.824918311112,26.175,2304.5723
2365.1260821066658,26.444,2327.1091
2345.81140368,26.448,2330.9937
2333.9793334666665,26.425,2332.6536
2320.1477072,26.487,2339.9648
2365.111762933333,26.674,2318.0938
2359.785376293333,26.689,2326.4133
2396.03397408,26.847,2357.355
2426.72840592,26.921,2391.3174
2438.7207118400006,27.051,2414.67
2407.4152936711107,27.232,2399.232
2421.2822573333333,27.038,2423.8354
2285.2194566666667,27.149,2340.4536
2319.6853400800005,27.072,2360.7012
2398.607765431111,27.379,2445.6863
2425.385527831112,26.534,2449.0427
2374.2412868444444,26.698,2423.5842
2478.360629475555,26.872,2520.8767
2368.10666048,26.809,2456.896
2426.1494953777774,26.885,2482.2117
2384.968446,27.215,2461.5295
2384.93712128,27.186,2456.2615
2319.706471253333,26.962,2421.7185
2437.769805546667,27.067,2482.7603
2585.226312,26.896,2637.1199
4647.093823004445,26.418,4354.3433
4536.086799635555,26.466,4153.0737
4115.34206976,26.351,3593.192
3841.620508817779,26.207,3520.5088
3527.013391413333,26.4,3395.2517
3561.683188844445,26.643,3601.436
3419.588074560001,26.828,3460.4368
3522.737337155555,26.912,3643.128
3483.447689066667,26.856,3538.9106
3612.293881386667,26.919,3663.183
3381.663079671111,26.992,3369.0725
3283.0567759733326,27.112,3320.922
3242.830708444444,27.105,3308.7754
3150.695520622222,27.241,3212.2979
1542.8537878755556,27.372,2064.236
1913.6940071999995,27.49,2165.976
2267.836570613333,27.573,2003.2772
2373.426490133333,27.64,2340.1646
2404.177204231112,27.681,2394.5293
2401.4693282666663,27.718,2399.0957
2322.927195333333,27.773,2338.3013
2396.0987032177777,27.731,2375.511
2391.1682218666665,27.775,2343.8032
2363.703937955555,27.796,2277.2656
2370.270414844444,27.83,2300.9321
2401.853513422222,27.873,2349.0542
2429.8008275199995,27.894,2387.9805
2371.8114196622228,27.917,2351.8298
2372.988496,27.912,2354.1694
2312.9752475999994,27.894,2326.8936
2417.61330016,27.864,2395.0073
2337.324813795556,27.835,2342.5188
2289.479882915556,27.882,2324.8635
2316.758179431112,27.901,2353.2388
2370.676084,27.892,2399.241
2408.2282051466664,27.871,2435.5178
2298.9598719999995,27.877,2406.5566
2369.45351864,27.872,2449.2507
2318.462622177777,27.824,2422.9543
2381.9463039466664,27.847,2435.8074
2359.2281511999995,27.799,2423.182
2346.34763384,27.786,2416.546
2364.768957475556,27.847,2425.515
2336.918870995555,27.808,2414.949
2365.6046862400003,27.732,2423.0386
2321.247986097778,27.758,2407.492
2372.9710992,27.71,2426.0718
2358.389222542222,27.698,2419.938
2393.303056088889,27.661,2433.2156
2411.8434697866664,27.676,2443.97
2387.4766768,27.655,2432.79
2396.4361918222216,27.648,2437.7114
2341.2745930488886,27.638,2415.7632
2339.8717844977778,27.597,2414.036
2244.692780817777,27.597,2380.7844
2210.973036142222,27.596,2336.6797
2164.234262275556,27.602,2272.637
2066.0227099022222,27.56,2173.4802
2062.701459333333,27.56,2151.0728
1962.59513344,27.56,2060.9575
1876.3847530666665,27.533,1974.9879
1814.6906139733333,27.564,1911.3977
1795.4997520888887,27.534,1878.167
1574.585497511111,27.489,1687.7
1517.6735163288888,27.494,1606.4282
1512.106712666667,27.445,1578.689
1551.7534644266666,27.43,1598.1938
1524.0171197155555,27.436,1569.5378
1506.0927518577778,27.363,1544.1835
1521.1522626666667,27.341,1547.3801
1505.27040256,27.316,1530.249
1449.4633964799998,27.3,1478.0197
1429.9313733333336,27.3,1450.9264
1412.7552122666668,27.219,1428.7861
1466.7643813333332,27.112,1465.1562
1434.741986773333,27.047,1443.702
1447.454430551111,27.062,1449.6454
1420.179272213333,27.174,1428.9897
1434.62853728,27.065,1433.6705
1408.5556899555552,26.971,1413.0609
1430.8264072533327,26.944,1430.0447
1384.6788206666663,26.999,1394.9839
1393.995532515556,26.857,1396.5917
1347.052796888889,26.804,1361.5043
1360.0970409599995,26.777,1367.2073
1365.6057272000005,26.71,1374.203
1385.056895982222,26.704,1397.9714
1402.523271537778,26.635,1416.2015
1328.0591720977775,26.695,1359.257
1284.0783208533333,26.68,1314.0542
1345.2393784444444,26.652,1353.4049
1365.2417940622222,26.707,1378.2555
1335.1088887733335,26.679,1357.0703
1324.2575835377777,26.676,1345.9701
1314.6565481244445,26.71,1338.2374
1294.470130488889,26.748,1321.898
1338.0360890133331,26.706,1351.3324
1389.0017240177774,26.65,1397.1271
1340.763189955556,26.664,1367.595
1311.7096373333331,26.657,1338.954
1354.6827376,26.622,1367.8027
1342.4152152355557,26.666,1364.2631
1302.7515662222222,26.637,1332.3954
1276.078298737778,26.601,1306.5554
1227.702496471111,26.651,1271.0355
1294.6064543288887,26.603,1309.6904
1313.2535881955553,26.652,1333.474
1240.4736864711113,26.605,1283.6698
1268.7688923200003,26.556,1293.8405
1248.7607767466664,26.652,1283.327
1224.0445130222222,26.61,1264.0038
1295.2138378666664,26.571,1310.5796
1232.953326968889,26.616,1277.3729
1291.7379944888887,26.547,1308.7852
1297.729673653333,26.553,1320.1226
1477.0842818666663,26.572,1487.2207
790.610483866667,26.588,1071.229
1056.9335246222222,26.566,1129.618
1029.6415552,26.578,1133.938
1100.1318610488886,26.538,1167.1349
1092.8008169244442,26.524,1169.0856
1088.4226350666663,26.579,1168.9032
1054.1511638044446,26.519,1150.5583
1044.0322894666672,26.481,1141.323
1030.6710766311112,26.475,1134.3114
1012.2181918933333,26.478,1125.5715
1018.6684106488888,26.496,1127.6127
1026.4044555377775,26.461,1131.2467
1060.5292766666662,26.483,1146.8727
1085.3645349688888,26.438,1161.7168
1149.0456308266666,26.481,1199.8054
1141.0304336711108,26.522,1202.0599
1101.2901723644443,26.502,1180.9202
1149.7434451200002,26.517,1202.9734
1175.5817430577777,26.517,1220.6482
1086.969856711111,26.489,1176.6158
1093.0009825955551,26.534,1170.7968
1127.7029012266662,26.514,1186.7834
1118.1384479999997,26.489,1185.7051
1092.81151584,26.449,1184.6178
1101.3833908,26.464,1182.0828
1118.8841116444444,26.482,1191.8656
1104.708852,26.48,1184.9124
1130.1063052444445,26.446,1196.8973
1135.549137493333,26.544,1204.0181
1140.2366214133333,26.544,1207.7405
1197.1287045688891,26.461,1239.6726
1167.836880995555,26.544,1230.9832
1144.698621146667,26.501,1215.1328
1136.2645628444443,26.512,1207.87
1129.6443980800002,26.478,1202.2426
1099.2006478400003,26.493,1184.9519
1172.95438144,26.519,1220.6779
1297.8157214399998,26.502,1305.3627
1393.248499484444,26.528,1399.6161
1447.6299740444442,26.535,1482.3154
1651.763171706666,26.523,1682.9297
1751.4464828800003,26.446,1809.6963
1814.94460376,26.559,1883.1366
1767.55227264,26.586,1838.2246
1832.8774965155555,26.535,1894.605
1815.3828459199992,26.514,1886.1185
1860.0109827199992,26.56,1929.5767
1790.37915888,26.574,1870.9392
1848.185899173333,26.631,1921.4323
1841.8886860888888,26.606,1921.5142
1799.7286114133335,26.579,1882.6945
1748.94503264,26.641,1834.8247
1934.6903378666664,26.713,2004.5925
1929.0491774399995,26.713,2006.7188
1992.701842222222,26.755,2056.6501
1946.9917618666668,26.88,2019.9792
1936.8522361066664,26.59,2004.6095
1936.122173688889,26.794,2010.6467
1960.939728942223,26.78,2034.7313
1943.7879676444447,26.619,2019.0122
2015.5265346488889,26.768,2078.1082
2007.5832011822224,26.664,2069.9949
2053.22868864,26.569,2102.9595
2180.887458533333,26.783,2216.5684
2472.1983149511107,26.888,2429.6392
2422.517786453334,26.786,2419.5806
2399.468556533334,26.605,2430.3965
2385.468557422222,26.612,2499.3718
2440.082499342222,26.548,2456.5881
2385.6672,26.63,2450.2031
2423.128309333333,26.905,2464.0334
2392.2266087111107,26.768,2456.9814
2454.2981,26.685,2489.0554
2455.0962567999995,26.4,2489.064
2241.179421368888,26.358,2524.2947
2442.3989508000004,26.477,2488.3296
2458.771076951111,26.48,2504.7383
2450.7897895822225,26.582,2489.9248
2512.563703599999,26.319,2549.1099
2439.5791332977783,26.552,2484.7188
2479.014125013334,26.272,2517.5547
2412.316617333334,26.367,2465.7595
2196.9850599199995,26.467,2405.0818
4292.904351111111,26.233,4290.067
3326.536448,25.916,3073.864
3030.8722845866664,25.84,2897.7903
2881.239226524445,26.043,2963.2483
3098.2743486933336,26.216,3197.1152
3075.920504035556,26.332,3114.1694
3085.9684555555546,26.068,3083.4272
3211.389364675556,26.139,3219.4622
3110.995696977777,26.446,3109.198
3071.2679848888893,26.312,3091.5667
3161.537092266666,26.369,3190.351
3078.356475235555,26.25,3084.7925
3061.3563246044446,26.65,3089.4675
3067.8316627555555,26.773,3115.0464
3134.190754933333,26.244,3140.0405
3004.7639776,26.167,3005.4578
3002.445074986668,26.626,3036.7798
2873.3212465066654,26.616,2948.3481
2022.7802224000004,26.434,2200.009
2436.9629573333327,26.236,2416.3208
2497.3689786666664,26.324,2495.3467
2402.384446524444,26.186,2340.19
2475.52225888,26.261,2391.9612
2477.9242597422226,26.188,2358.2727
2466.762348266667,26.116,2380.9436
2480.7723895466665,26.3,2414.244
2448.05623296,26.103,2385.434
2431.77709352,26.147,2371.136
2473.0991920533334,26.175,2416.808
2003.722524053333,26.523,2176.7097
4511.359303679999,26.25,4282.9736
4109.803264,26.426,3838.3176
3736.2097367466654,26.38,3355.9336
3405.598713813333,26.583,3292.186
3258.8416099555543,26.498,3292.9058
3273.924996533333,26.412,3340.8403
3088.66631031111,26.428,3153.29
3123.5665571200007,26.584,3192.137
3506.1485230311114,26.764,3670.481
3632.981848533334,26.962,3671.4998
3418.644315626667,26.773,3339.7834
3427.39689024,26.327,3392.3596
3276.421735431112,25.976,3243.1475
3231.900215164444,26.201,3243.8835
3437.77375656,26.545,3535.2559
3272.4821520533333,26.561,3283.1238
3440.6790186666663,26.71,3512.4695
3385.072457724444,26.594,3403.0798
3235.135393493333,26.486,3243.7058
2753.260964515555,26.696,2934.8171
3007.073734666666,26.716,3162.694
3145.8787822044446,26.734,3252.6946
3235.1482326577766,26.733,3258.2358
3232.9505580266664,26.595,3225.3403
3207.108603733333,26.564,3205.3545
3142.4599057777777,26.642,3166.3706
3159.2109048888888,26.623,3203.3162
3154.343085786667,26.659,3195.1187
2860.6728972444434,26.683,2958.9094
2666.7028624000004,26.58,2829.3044
2632.9572554133333,26.584,2762.3843
2722.1718488888887,26.674,2797.4814
2829.446148942221,26.603,2849.4263
2857.595321813333,26.435,2839.2556
2609.8376720888887,26.396,2523.2004
2694.0308213066664,26.423,2695.8616
2624.164928995556,26.577,2602.4382
2729.1371549866667,26.769,2749.25
2758.1990601688885,26.865,2780.0361
2719.62320488,26.935,2733.6626
2821.795135279999,26.812,2840.065
2800.108983066666,26.7,2808.7246
2799.907117306667,26.595,2803.4282
2792.76046296,26.603,2806.7512
2734.3634983822217,26.716,2762.9858
2753.318176,26.749,2791.3184
2803.142153573334,26.824,2842.3796
2896.1491982133334,26.798,2927.7593
2868.867269795556,26.748,2885.2004
2928.933073066667,26.596,2940.209
2979.9346404977778,26.579,2985.9548
3053.6857354666668,26.532,3049.4172
3242.4749427199995,26.433,3255.5476
3161.071662657777,26.26,3104.7253
3267.3628851466674,26.286,3249.3186
3252.5329236,26.369,3240.2705
3427.591665697777,26.438,3453.8584
3408.634315679999,26.366,3380.1804
3291.5280406044444,26.239,3252.6436
3250.014007857777,25.886,3237.1052
3285.307061368889,25.898,3293.712
3159.000541013333,25.828,3160.6338
3213.383573599999,25.857,3234.0898
3111.936727617777,25.863,3129.7783
3227.1418084266656,26.072,3269.4194
3336.379706488888,26.139,3380.8574
3212.8323372444443,26.105,3197.9365
3203.594595688888,26.188,3223.591
3169.1238111288885,26.275,3210.932
3196.764797155556,26.02,3225.866
3181.193287111111,26.034,3199.5889
3075.1927576977782,26.072,3102.4067
2999.324333600001,26.094,3052.6714
3032.2698729333324,26.125,3089.7239
2946.2435038933327,26.164,2999.0337
3013.8780283733327,26.247,3058.4373
3162.626016666667,26.093,3201.3662
3005.021077617777,26.204,3011.0535
3092.1284714666663,26.186,3117.5247
3085.5768412444445,26.221,3113.4846
3050.5044383111112,26.324,3076.022
3135.376012657777,26.346,3182.834
3010.5630366933337,26.455,3048.3008
2984.0861457777787,26.44,3035.8247
2863.676472231111,26.474,2944.7346
2863.8213046666665,26.481,2938.3616
2869.8432,26.546,2933.252
2811.531525155556,26.626,2868.5405
2882.019865422223,26.65,2926.015
2892.0741270666667,26.614,2922.1
2891.01530472,26.47,2904.9382
2681.2701602133325,26.405,2703.412
2804.960600088889,26.462,2845.6587
2662.843506915556,26.5,2688.418
2580.9343467733333,26.537,2546.415
2451.4125519377776,26.591,2363.0781
2527.474010648889,26.562,2482.6287
2516.0431788800006,26.583,2461.6685
2683.2260309688886,26.538,2691.505
2647.9436274666664,26.577,2626.0117
2729.9599980088883,26.417,2724.7092
2536.2685192355552,26.532,2473.7007
2660.306135893333,26.571,2679.2256
2596.913752391111,26.638,2593.4236
2597.8806767822216,26.64,2590.079
2665.953779946667,26.671,2698.5083
2590.642199004445,26.65,2587.2327
2662.0862127999994,26.624,2691.304
2668.4365338666657,26.603,2697.3774
2545.062236,26.541,2525.5635
1285.2439111111112,26.605,1759.721
2254.079485093333,26.651,2318.1467
2322.950613475557,26.596,2368.5784
2326.1284475733323,26.591,2457.93
2401.777347111111,26.529,2395.85
2390.39605896,26.552,2400.974
2383.400131466666,26.571,2411.3293
2165.298988355555,26.6,2251.6892
2293.5584171199994,26.571,2389.4292
2066.3778747733327,26.597,2155.2512
1967.292687475555,26.661,2045.1978
1973.9267592000003,26.67,2028.2094
1952.0412983466665,26.656,2000.7341
1889.6935146666667,26.658,1941.1232
1907.94762408,26.644,1945.1057
1896.377621404444,26.671,1929.0428
1819.8270995200005,26.666,1865.3152
1838.78304056,26.646,1872.6368
1753.3226194666663,26.702,1799.5232
1805.8831171733327,26.723,1838.4635
1716.8923264266664,26.773,1758.042
1748.9953692444435,26.821,1781.0249
1605.539390862222,26.834,1661.7675
1650.9256170933336,26.834,1711.1659
1562.0246061777782,26.764,1602.9961
1593.349278435555,26.738,1617.1853
1528.3507441066663,26.793,1558.2772
1568.511967217777,26.709,1580.5281
1600.1478826666662,26.793,1615.1158
1627.2944269511108,26.841,1646.9153
1570.034156942222,26.832,1596.7041
1512.2801531733332,26.825,1533.7966
1502.6543150933337,26.832,1523.146
1483.5268339199995,26.886,1505.516
1559.4251271822225,26.87,1573.8413
1482.869206933333,26.885,1511.6235
1490.4294929066664,26.843,1509.9473
1575.5286416177778,26.795,1593.9089
1528.918599413333,26.817,1560.9478
1525.6711163999998,26.84,1555.5586
1561.1149130666663,26.728,1589.4202
1519.820233706666,26.748,1557.1504
1545.2334744888883,26.719,1576.2897
1547.6539283022223,26.838,1586.5164
1497.3361983377777,26.686,1535.5559
1467.2362223733337,26.716,1503.8118
1483.2629696444446,26.688,1513.9629
1405.1940832355558,26.465,1437.638
1392.0280732088886,26.374,1416.186
1424.4888461688888,26.304,1441.35
1369.2861075733338,26.037,1393.3562
1428.038679511111,26.036,1437.101
1481.280881422222,25.788,1493.9127
1427.868704391111,25.756,1453.7688
1392.9775460711105,25.337,1411.0767
1328.816054,25.215,1352.2175
1407.8696458666666,25.331,1411.142
1501.4794512,25.306,1516.2014
1392.837413333334,25.256,1423.0116
1440.7090414311112,25.286,1452.4038
1472.406934435555,25.326,1494.1152
1405.1550231111107,25.24,1427.8649
1484.8717858844443,25.052,1499.0864
1055.5772356266673,25.123,1180.1649
1092.99848952,25.131,1157.7395
1121.9728249866664,25.402,1173.7927
1311.082747022222,25.305,1287.5004
1318.549507146667,25.271,1322.071
1226.0525508888882,25.028,1257.9426
1255.2381550044445,24.988,1266.7793
1287.4293811999994,25.044,1294.8452
1263.2963248177775,25.003,1281.9888
1319.716614675555,24.944,1319.3566
1234.7759573333333,25.078,1270.1626
1327.848132844444,24.903,1320.329
1312.2486353777776,24.635,1314.9799
1308.8188469422216,24.992,1323.9143
1333.6805707377775,25.368,1350.3958
1368.6083485066672,25.512,1382.9205
1330.756676355556,25.564,1354.7175
1338.9096156444436,25.578,1354.7379
1483.2352011377782,25.516,1498.1273
1447.3231848533333,25.389,1483.6954
1400.6773569422228,25.263,1424.3729
1470.30486768,25.205,1495.506
1396.4968546666662,25.144,1424.6986
1396.4460779022222,25.121,1423.2477
1369.1914720088891,25.039,1396.1221
1308.920709048888,25.095,1342.5035
1340.817000097777,25.095,1354.0957
1416.4246096,25.031,1420.2083
1345.2734815288882,24.932,1372.8896
1392.117702826666,24.818,1400.6101
1371.4174321600003,24.824,1389.5447
1368.3464707733333,24.853,1385.6461
1325.6441550755555,24.686,1344.9774
1571.7781337422218,24.74,1582.6868
1711.6890320444436,24.793,1764.716
1705.0600885333329,24.858,1773.2336
1702.849437333333,24.816,1765.3105
1662.2786884266668,24.873,1724.4321
1727.7470073866664,24.88,1786.0156
1763.536059502223,24.894,1832.878
1728.0412846222218,24.9,1800.379
1995.0358604888893,24.817,2044.7605
2281.6221792,24.835,2271.4988
2332.1001355555554,24.827,2301.7612
2330.0260387555554,24.87,2306.1975
2239.7929499733336,24.929,2257.2356
2207.8952243288886,24.898,2244.111
2183.436720862222,24.921,2236.5764
2239.340733315554,24.891,2301.8364
2283.7529506755554,24.89,2347.7266
2132.1106495466665,24.946,2195.5754
2164.536682471112,24.96,2222.495
1948.3917780800004,24.993,2026.224
2064.915854222223,25.064,2122.4993
2119.989455928888,25.036,2180.5403
2283.151015573333,25.12,2318.3853
2296.286598666666,25.184,2324.428
2286.123974986667,25.24,2316.718
2250.253373333333,25.254,2297.2944
2304.8180895288883,25.357,2360.4197
2301.645007528888,25.418,2376.0913
2410.085767680001,25.212,2440.0154
2311.818100728889,25.209,2415.3367
2397.689925866667,25.263,2448.9429
2384.1335428266666,25.257,2449.6736
2447.5411060266674,25.291,2484.184
2520.4530056799995,25.347,2560.3215
2413.181683111111,25.47,2468.4268
2498.3019781333333,25.601,2547.5198
2518.754091715556,25.583,2573.572
2472.625193297777,25.318,2515.5408
2513.9229747377785,25.47,2567.8264
4300.871303004444,25.251,4360.438
4613.108728222221,25.217,4349.5586
4584.014633137779,25.459,4282.7534
4336.672275537778,25.069,4053.9092
3930.980153644444,25.285,3744.3892
3854.485423786666,25.283,3910.3057
3691.847787288888,25.387,3798.2598
3826.479901440001,25.383,3993.5264
3986.79606656,25.251,4087.5874
3921.141614648888,25.344,3954.5637
3846.730158577777,25.521,3893.9565
3864.094016444444,25.408,3929.9175
3885.448693244444,25.44,3941.7754
3803.071959751112,25.534,3841.0515
3768.6801897333335,25.68,3827.2793
3797.1068601955553,25.442,3840.995
3763.447890204444,25.416,3779.1367
3697.347544568888,25.659,3725.3828
3707.660104444444,25.655,3754.8076
3713.41673584,25.611,3747.7192
3775.327338168888,25.632,3803.3262
3765.0555664533335,25.698,3775.7737
3829.945364959999,25.592,3835.9878
3727.01289048,25.666,3726.0986
3344.1209471288894,25.669,3368.0803
3503.826952675556,25.712,3637.9119
3464.161671111111,25.776,3548.5435
3821.993143288888,25.702,3898.1377
3953.697281679999,25.798,3927.862
3711.06674256,25.752,3631.6724
3675.353413102224,25.704,3679.4834
3722.1389627022218,25.778,3765.542
3729.14234264,25.897,3765.0327
3829.164437279999,25.867,3860.6892
3791.469788133333,25.863,3791.752
3720.056054551112,25.973,3731.8398
3706.062229324444,25.848,3735.3096
3662.0760752,25.955,3700.6846
3686.1074488,25.867,3730.3018
3697.058012444444,25.632,3716.2173
3685.9131542577775,25.976,3717.4312
3629.766980444443,25.836,3655.354
3557.15794464,25.981,3600.2998
3636.139605279999,25.935,3701.0107
3654.548762799999,25.938,3691.4956
3553.449948302222,25.848,3561.135
3623.518285102221,26.082,3682.8762
3638.0343962666657,25.998,3675.21
3621.818388346667,25.876,3634.0605
3600.563258737777,25.849,3616.1416
3677.990933333333,25.88,3713.697
3743.17789224,25.702,3750.623
3747.0327378311104,25.668,3732.8877
3776.8016098400008,25.787,3780.5977
3491.387482622222,25.647,3480.187
3486.343408551111,25.763,3562.879
3453.387602311112,25.706,3534.183
3604.946409279999,25.674,3685.4893
3536.534632106667,25.791,3564.9658
3622.806229653333,25.719,3663.357
3690.1899188266666,25.724,3713.0835
3607.749110613333,25.671,3599.1362
3724.502184071111,25.774,3759.357
3645.2159571644447,25.85,3657.1436
3687.579369457776,25.911,3722.647
3577.3258173333334,25.873,3598.2764
3513.071481777777,25.985,3563.559
3551.410034933333,25.891,3617.4282
3478.617284728888,25.961,3523.6108
3430.5058264888894,26.018,3486.4727
3472.9903747733333,25.783,3527.6472
3236.19710832,25.728,3268.5005
2953.493896266666,25.724,3074.7285
2985.8241513066664,26.099,3127.4065
3321.461435804444,25.97,3478.1777
3385.526213777777,25.906,3401.7815
3348.115236106666,25.654,3300.234
3452.656727111111,25.544,3445.1245
3296.4417830666657,25.646,3282.637
3386.8016076533345,25.541,3415.0972
3183.67920832,25.542,3206.8423
3147.206388604445,25.573,3201.9263
3264.99963816,25.521,3343.7349
3172.0189297599995,25.602,3207.0522
3065.387598666667,25.515,3106.8992
3279.5327630222223,25.372,3349.9185
2943.753001759999,25.35,2995.2126
2973.6403804444453,25.49,3029.13
2911.681977671111,25.52,2978.8118
3060.32000864,25.581,3091.275
3021.475152711111,25.698,3028.2449
2982.274246933334,25.718,2989.9075
3078.465942328889,25.728,3101.6538
3062.570320817779,25.744,3070.5562
3101.8371993600003,25.858,3121.0984
3501.292888675554,25.826,3609.9158
3851.1836043022217,25.892,3840.19
3881.064501688889,25.811,3739.8862
3855.722499288888,25.899,3731.0728
3800.6315787999993,25.887,3724.8706
3670.7866145333337,25.816,3634.151
3563.054205733334,25.69,3573.0264
3478.4450901777777,25.655,3527.4016
3512.1074335644453,25.612,3581.7544
3657.846701191111,25.439,3706.474
3573.156055893332,25.321,3558.236
3618.460073511111,25.378,3632.0723
3464.6383713777773,25.366,3473.5337
3311.133116337778,25.463,3360.6985
3448.606755564445,25.781,3566.2095
3491.9253942400005,25.906,3574.1514
3534.638338986666,26.065,3590.4111
3678.712848133333,26.093,3728.8462
3075.925554231111,26.044,3127.6904
3261.3021055200006,26.175,3403.855
3317.742924533333,25.991,3420.5327
3236.2440424177767,26.187,3280.5405
3299.980914,26.149,3361.0
3336.6183407466665,26.246,3393.4492
3326.723858346667,26.042,3350.6775
3327.5208693333325,26.111,3353.2192
3364.482313226666,26.155,3398.9775
3324.233141955556,26.103,3345.224
3347.1256656,25.986,3371.9053
3307.7161286399987,25.958,3329.0723
3225.5929995022225,25.876,3252.1309
2938.547709191112,25.973,3036.7585
2800.384215813333,26.049,2959.861
2817.210293644445,26.09,2946.1824
2773.310522666666,26.142,2864.2444
2914.720324133334,26.237,2948.5535
2802.2545674399994,26.304,2830.6953
2868.6628399288893,26.261,2881.8923
2827.19948264,26.336,2848.1099
2836.3885247999992,26.384,2854.8845
2749.2953255288894,26.385,2774.3389
2762.325987519999,26.415,2792.57
2230.810964666667,26.448,2068.72
2367.9455176711112,26.392,2268.3872
1655.018782542222,26.408,2032.1508
2271.57759176,26.261,2254.7822
2391.9668793777787,26.261,2342.7039
2363.823749973333,26.117,2314.554
2389.181507306668,26.116,2332.2012
2347.1143366666656,26.042,2313.2854
2405.997785173333,25.908,2364.7078
2425.7170300266675,25.972,2389.0547
2382.155142399999,25.9,2366.7598
2483.020599902222,25.941,2465.2861
2384.5195701333337,25.956,2394.8828
2445.1113156977776,25.971,2445.4038
2424.459455644445,25.971,2432.9023
2398.636979013332,25.987,2414.3774
2367.420516248889,26.003,2395.5889
2432.644743199999,26.049,2455.0613
2355.085971955556,25.929,2397.643
2215.956176,25.649,2333.4165
2270.374505226666,25.642,2406.0034
2134.6400744,25.422,2222.0112
2167.221709706668,25.436,2245.7317
1997.66177936,25.429,2069.389
1970.7092315200005,25.425,2031.7192
1776.3399063466666,25.458,1889.3336
1742.4330447644452,25.505,1821.6206
1777.20770624,25.472,1841.106
1782.3254675199996,25.353,1842.9023
1795.8976369333336,25.465,1851.75
1711.3295983200003,25.464,1769.8201
1709.5701588622223,25.4,1753.2122
1629.7710046577774,25.486,1677.0059
1421.4581652444444,25.43,1483.6713
1422.0065487111112,25.444,1449.8168
1924.2230186666668,25.403,1948.4199
1816.825416755556,25.371,1871.5681
1871.3578464,25.416,1902.5923
1766.58216,25.422,1803.3295
1751.9816894933335,25.406,1780.3835
1716.135026488888,25.45,1748.9758
1504.4277965866663,25.319,1546.3274
1284.3689475555557,25.355,1338.665
1375.4312512,25.369,1371.2334
1668.743597813333,25.377,1673.6989
1626.3652096,25.373,1668.7516
1617.0955238399995,25.394,1659.5847
1653.3423330399996,25.366,1695.5619
1563.5913603555557,25.412,1618.1215
1621.599513439999,25.379,1663.6094
1611.3891673333335,25.409,1660.9453
1571.9957323111112,25.422,1620.905
1602.0819806400002,25.395,1644.8748
1543.427793777778,25.362,1593.3175
1548.4287403200003,25.4,1592.1138
1520.8853032977777,25.344,1568.4722
1550.8870106311113,25.307,1599.575
1466.7253607999994,25.257,1512.4958
1480.3160681688885,25.274,1500.8911
1471.8209813333328,25.274,1495.6268
1519.945665333333,25.232,1542.3618
1543.1361656533336,25.24,1575.9617
1467.5607041333333,25.262,1508.3312
1532.114666382222,25.244,1561.9282
1507.9365564799998,25.277,1556.5022
1500.079756373333,25.308,1552.2001
1502.5885705599992,25.323,1547.8866
1500.015024906666,25.36,1537.4615
1475.0262217955558,25.425,1514.8488
1488.5719338666672,25.414,1523.3407
1487.3680962666667,25.439,1523.9625
1518.0672126666668,25.423,1554.839
1446.120052906667,25.483,1488.8433
1464.78532416,25.471,1496.6361
1464.594717413333,25.496,1499.7521
1441.1927691199996,25.463,1469.738
1247.78627648,25.458,1303.4226
1301.8185900444446,25.493,1316.2853
1248.5321799999997,25.45,1280.0265
1250.2817833955555,25.48,1275.6309
1313.110817991111,25.48,1321.0656
1310.626564266667,25.465,1327.3213
1297.84535888,25.538,1319.9303
1289.4210807466668,25.446,1308.1996
1353.5238033066662,25.423,1356.3755
1221.578863626666,25.383,1268.14
1318.384300426666,25.425,1319.9946
1308.1200300622224,25.405,1322.9978
1304.5152081600002,25.413,1321.0458
1345.0671291644444,25.392,1351.7567
1346.245538791111,25.356,1358.1768
1246.5644342400003,25.348,1284.1984
1257.9516040000003,25.354,1278.6924
1273.9409050666673,25.398,1289.6122
1271.6939930666667,25.396,1289.6729
1357.118825244444,25.303,1354.2349
1336.6011639199994,25.367,1352.3738
1372.7289808711107,25.404,1381.7548
1404.8483783111103,25.391,1415.8329
1427.7583243733336,25.462,1455.6902
1388.752383857778,25.471,1416.8757
1395.9538171644444,25.473,1418.8291
1413.9564170577776,25.45,1434.7063
1401.3040516266672,25.423,1424.1842
1374.5256324800007,25.487,1401.468
1372.79724992,25.446,1394.7444
1372.79724992,25.446,1393.9547
1343.5958582666667,25.347,1367.305
1372.1206983822217,25.319,1388.801
1308.3207127466665,25.375,1340.2174
1358.1902771555551,25.34,1370.3351
1428.549096266667,25.29,1435.8704
1419.0317378311115,25.288,1439.719
1383.517856746667,25.262,1409.3402
1421.3031427555557,25.262,1439.4735
1416.8609735111115,25.255,1440.3768
1451.760645084444,25.207,1485.9155
1447.2042566488892,25.248,1488.6946
1613.2724897066664,25.206,1643.8511
1686.9629357511112,25.185,1742.5054
1697.152920382222,25.196,1759.529
1874.1520798933327,25.218,1935.021
1874.1520798933327,25.218,1941.357
1974.1748208000004,25.217,2024.5122
2014.927996231112,25.24,2059.781
2067.9854869777773,25.282,2102.0396
2069.3781776711107,25.281,2103.9368
2097.639090631112,25.323,2129.1265
2087.631308951112,25.331,2123.4824
2115.399374293333,25.366,2149.9236
2188.00667624,25.407,2218.946
2068.161533511111,25.394,2115.6533
1961.8719249422224,25.422,2024.9126
1907.5692669688888,25.498,1981.7239
1944.761680746666,25.461,2014.5785
2003.435906533333,25.436,2068.44
1974.4713780177767,25.41,2046.2682
2009.498900933333,25.487,2071.5522
2094.3634431999994,25.453,2141.5408
2137.6569659733327,25.542,2178.611
2288.896901475556,25.5,2301.2075
2173.613715555556,25.459,2207.992
2147.39928576,25.515,2182.225
2212.165823164444,25.47,2251.8872
2216.346016862222,25.51,2262.3486
2279.9045491199995,25.44,2323.3713
2483.1333658666663,25.412,2450.8127
2401.1498908799995,25.494,2471.6682
2484.016077635556,25.414,2479.2393
2459.9564057066664,25.313,2479.0344
2453.6156773333337,25.474,2484.5366
2490.543934559999,25.159,2519.1191
2496.4303724,25.297,2533.0955
2461.414348373333,25.397,2507.4736
2795.009206631112,25.269,2835.3215
4624.0029444,25.285,4430.439
4610.450310871112,25.518,4339.206
4629.779416764446,25.298,4368.962
4111.700402506666,25.279,3788.168
3365.577863315555,25.323,3210.1814
2966.329880613334,25.38,3072.0542
2822.879674382222,25.444,3030.293
3104.7239223466668,25.47,3288.1284
3333.740020391111,25.491,3467.1147
3316.9197671111106,25.448,3317.3394
3252.658212,25.327,3244.936
3179.611208844444,25.33,3199.3188
3212.736336951111,25.444,3243.7983
3234.4332334933333,25.367,3248.9453
3247.0537315733327,25.446,3258.4368
3244.786451111111,25.456,3266.483
3328.569512106666,25.528,3372.3281
3589.5299520000003,25.424,3632.5256
3595.5521291288883,25.464,3554.5154
3599.9679272000008,25.4,3561.4185
3569.0051246844446,25.438,3559.7622
3576.238575555556,25.462,3593.0137
3582.5822360000006,25.462,3607.5288
3506.296855786666,25.518,3540.4092
3429.0537887199994,25.468,3480.2305
3264.876285066667,25.408,3333.314
3167.6354100888884,25.107,3247.7285
3286.0204186666665,25.314,3374.472
3270.573961804445,25.498,3325.7249
3313.8537313244447,25.288,3345.1187
3248.2291893333327,25.119,3256.9792
3200.1172455199994,25.113,3218.939
3101.576921573333,25.07,3133.3147
3146.5671633333336,25.072,3184.6516
3174.182052995555,25.049,3197.9722
3260.746734222223,25.032,3279.883
3355.8401221244453,25.026,3370.5051
3386.539711288889,24.976,3380.5283
3367.83821184,25.075,3368.0347
3315.7039252533336,25.261,3342.9194
3352.39607856,24.983,3388.9858
3361.4740560088894,24.829,3382.8325
3447.309302453332,24.803,3471.1914
2774.57372248,25.083,2935.0242
1312.2381786666667,25.298,1912.6919
1634.569093333334,25.504,2001.6194
1996.804387271111,25.388,2225.456
2503.1429696,25.266,2409.487
2489.3486346666664,24.899,2383.3965
2464.830530275556,23.723,2368.1091
2469.936810133333,23.826,2409.9841
2560.636026026666,23.745,2548.3376
2576.6081422222223,23.918,2594.0652
2584.632398755556,23.788,2625.428
2570.0225044,23.893,2629.1882
2604.7065942222225,23.288,2704.0076
3545.76607984,23.427,3750.5557
4588.70128448,23.419,4340.6855
4226.393121937777,23.32,3697.833
3793.354046720001,23.041,3461.6025
3146.8293729333336,23.306,3141.5488
2544.8059359555546,23.57,2792.8655
2771.51451616,23.94,3015.8247
2781.6810675111105,24.115,2959.0332
3001.949329066667,24.027,3027.1816
2955.714244959999,24.434,2962.235
3078.29302,24.55,3067.9263
2975.0778265600006,24.653,2979.2546
2860.0364352,24.778,2902.2627
2822.1721672533336,24.974,2889.7705
2835.3789864,25.072,2897.4302
2852.635540711112,25.174,2895.8022
2829.99471872,25.19,2866.5935
2857.2968933333327,25.197,2881.8054
2697.61783536,25.326,2751.698
2747.934846862222,25.375,2805.7969
2843.880606933333,25.487,2888.949
2802.5396991288894,25.46,2839.504
2892.0478979555555,25.402,2922.7754
2799.8937064,25.467,2839.507
2758.001347982223,25.431,2805.0054
2902.1479397333333,25.407,2948.9558
2789.573242275555,25.381,2823.1191
2748.2354109333323,25.464,2789.1438
2823.14492551111,25.406,2863.257
2793.438352444444,25.392,2825.7227
2767.8162208088893,25.592,2805.583
2860.9125166222216,25.564,2894.2368
2881.775700053333,25.169,2888.5737
2817.107658346667,25.209,2826.311
2773.9033553066665,25.062,2796.855
2865.708630399999,24.686,2873.819
3020.1807422933334,24.769,3006.5845
3119.4773764,24.496,3078.2395
3226.0072052,24.522,3193.6682
3282.407445653333,24.413,3247.4521
3152.30636416,24.791,3137.6655
3222.8084472,24.267,3229.262
3220.187214053334,24.255,3220.7217
3237.6595690311105,24.324,3243.78
3074.6607288533323,24.415,3094.356
3001.4788562488884,24.353,3047.2896
3125.3647527822227,24.381,3175.3433
3018.65151816,24.501,3040.061
3281.5303732888883,24.649,3342.297
3187.524627733333,24.706,3184.06
3296.270012373333,24.756,3316.419
3304.182943360001,24.643,3313.855
3188.9745858044434,24.726,3197.6685
3162.6329695644445,24.626,3198.6304
2984.600448284444,24.671,3040.9438
2835.321785395556,24.762,2927.2305
2874.706540648888,24.829,2946.9702
2723.9208910222223,24.799,2795.486
2948.80320896,24.849,2974.4587
2826.4186446222216,24.916,2845.7734
2893.830348000001,24.884,2897.3877
2756.7641863111107,24.9,2782.018
2851.782708586666,24.958,2873.6292
2764.00394264889,24.965,2792.2695
2829.696183111111,24.967,2849.0857
2747.953603733333,24.988,2774.2363
2647.4449762577788,25.023,2632.7898
1609.9942758399995,24.991,2026.7065
1438.64117208,25.02,1805.817
1567.4831199999994,25.092,1871.678
1827.628362613333,25.114,2065.711
1908.151042044444,25.107,2073.6526
2214.447593973333,25.208,2235.5322
2426.65032992,25.317,2320.9521
2376.1591827377783,25.343,2304.1213
2344.1641316622217,25.359,2290.2883
2353.707541048889,25.345,2324.5977
2309.651721706666,25.342,2326.2522
2175.57384352,25.321,2198.725
2174.0472847999995,25.316,2197.1304
2046.9726386666664,25.298,2067.8188
1805.4772931466669,25.308,1864.2795
1778.6663475733333,25.325,1827.5605
1809.67249304,25.412,1850.5664
1957.1422578577776,25.386,1975.3196
2111.9697337422213,25.392,2104.113
2417.689068231111,25.476,2327.6653
2368.2553786666663,25.461,2307.671
2242.998609635556,25.489,2226.6985
1873.1276529066672,25.518,1919.0549
1773.9086476533332,25.513,1867.6033
1736.4986912000006,25.534,1846.2599
1840.538373022222,25.566,1936.8547
1938.35204288,25.566,2016.7527
2107.104363466667,25.591,2147.744
2125.035786693334,25.562,2141.4734
2377.80931696,25.587,2321.99
1682.9363008355558,25.618,1778.5266
1779.8760679466664,25.556,1809.8262
1742.3074198399995,25.597,1801.1436
1746.9372998577774,25.397,1807.044
1679.9114933688888,25.305,1742.2637
1653.012461066667,25.164,1704.3428
1540.809526471111,25.235,1594.697
1564.1366638666666,25.109,1604.1471
1487.973949724444,25.187,1534.5764
1440.6692744888885,25.194,1477.1306
1497.3348801866666,25.058,1508.1884
1505.638143431111,25.178,1517.4526
1425.9842373688891,25.189,1439.5863
1485.3059233777776,25.273,1481.9343
1488.2980739999996,25.24,1496.0272
1484.2512115199995,25.213,1503.5605
1470.7582744,25.22,1494.1066
1382.1599468444442,25.18,1410.8135
1380.440341866667,25.156,1390.3948
1392.246061866666,25.089,1391.8066
1391.0084786666669,25.078,1386.6324
1394.20839296,25.06,1385.9625
1371.606149013333,25.013,1364.9047
1364.8939255999996,25.028,1372.528
1366.53565952,24.998,1369.153
1349.1020502666668,25.03,1356.2871
1349.966047084445,25.133,1356.8956
1340.049701075556,25.146,1349.7844
1298.2211961333337,25.12,1315.7988
1293.2701157600004,25.086,1307.449
1245.9634062399994,25.084,1272.3378
1360.8729941333338,25.104,1353.3745
1352.182983955555,25.069,1362.9259
1345.8805739555555,25.069,1358.1776
1284.5010491199994,24.924,1306.2505
1311.3839189333328,24.969,1320.3491
1377.4157253688893,25.0,1375.4008
1341.1631358666668,25.055,1357.2312
1705.6759457333333,25.086,1721.479
1144.959679111111,25.146,1261.0822
1095.9798643733336,25.121,1177.5239
1114.9702368711112,25.138,1174.9113
1226.7671727733332,25.118,1237.7009
1215.0628293066663,25.176,1245.4501
1244.9843576533335,25.106,1263.3859
1279.76262192,25.09,1291.1462
1244.2780207911112,25.003,1270.7241
1264.172548302222,25.036,1281.455
1306.1566591200003,25.031,1313.5657
1259.8000454399998,25.088,1287.6085
1254.113694088889,25.068,1278.166
1315.1708459733334,25.128,1322.4293
1306.4966710755552,25.057,1323.16
1278.3034495999998,25.1,1303.9299
1356.2426040888888,25.111,1357.5178
1317.167295288889,24.994,1335.1705
1260.2403731199995,25.038,1291.2761
1343.1368098133332,24.987,1344.3618
1299.6516288000005,24.99,1320.9258
1278.013358542222,25.02,1299.7645
1328.6494254933332,25.12,1334.1104
1323.762911235556,25.057,1330.4597
1263.1355243555556,25.092,1299.5802
1311.2053397333327,25.209,1329.2139
1332.82661376,25.105,1347.6107
1328.0755220622216,25.211,1349.0269
1290.522582311111,25.201,1319.2238
1315.1708459733334,25.201,1331.497
1255.1228424000003,25.135,1288.3663
1266.5276325333334,25.128,1289.5273
1280.1357937600003,25.191,1300.0758
1289.9779716444448,25.135,1307.1276
1289.268668942222,25.093,1308.6868
1240.316046311111,25.101,1274.7512
1313.405972053334,25.064,1317.8344
1301.3559702400005,25.07,1319.0569
1328.515586577778,25.071,1340.0536
1289.0798449599995,25.052,1312.0841
1310.5975276800002,25.051,1324.4567
1373.126128622222,25.038,1377.4895
1291.4632414933335,25.043,1321.139
1330.4331203288891,25.054,1341.9768
1370.1329381511111,25.001,1377.2993
1275.9570823999998,25.064,1310.3256
1236.4188021333327,25.016,1269.8757
1383.2749117155556,24.965,1372.2968
1368.8731466666666,24.986,1382.3188
1341.450340266667,24.988,1360.9037
1316.8768816800002,25.007,1337.6862
1348.3115322222222,24.96,1357.7643
1369.1049153599995,24.939,1379.0299
1338.95389248,24.936,1359.6841
1383.6149783999997,24.936,1392.4949
1324.0534051911106,24.921,1348.9562
1405.241563457778,24.913,1408.1583
1381.136486346667,24.933,1400.1362
1316.1933283377782,24.926,1344.9858
1414.4361623466664,24.948,1415.5493
1438.3997443199996,25.011,1460.9528
1602.7465011377778,24.99,1629.9868
1646.2991943111108,25.013,1698.7468
1777.4029055555548,24.998,1837.804
1869.93323712,25.025,1935.7715
2006.5146475733327,25.007,2056.02
2156.397894675555,25.007,2175.6287
2323.637558844444,24.978,2295.719
2280.710779013333,24.998,2276.6472
2258.321187075556,25.027,2270.0757
2255.7122446399994,25.117,2286.4785
2100.599508977778,25.063,2147.453
1611.2546844799997,25.075,1736.1028
1525.553455111111,25.075,1614.1965
1500.2614516266665,25.07,1574.9192
1720.308106595556,25.076,1791.4717
1738.6046471999998,25.111,1834.3397
1783.3756601688883,25.146,1872.3717
1765.535138133333,25.049,1851.3965
1874.908437795556,25.076,1948.5002
1985.304115022222,25.104,2049.8
2214.5197871999994,25.028,2231.3467
2423.654743022222,25.064,2357.2922
2460.476886755556,25.058,2387.0073
2265.633285688889,25.101,2288.4028
1928.876610266666,25.081,1990.7837
1768.62576,25.077,1852.5264
1800.0967808000005,25.077,1879.5447
2190.3738951466667,25.103,2230.8052
2498.4075338577777,25.097,2440.4321
2481.1674156799995,25.147,2411.6704
2434.479341724444,25.161,2396.5234
2389.493676231111,25.168,2417.123
2505.0054216355547,25.216,2505.1938
2449.902387431111,25.215,2478.6807
2454.1608143288886,25.347,2493.7102
2419.6534394311107,25.401,2481.1536
2358.4983484533323,25.336,2454.399
4589.570735555556,25.357,4433.4316
4501.566345697776,25.329,4264.7036
4445.737323466667,25.292,4108.3213
3836.2924698311112,25.438,3485.009
3365.0730801422224,25.443,3274.8384
3085.2166529599995,25.231,3161.7583
3007.4568718222213,25.336,3143.249
3170.301354408889,25.486,3297.7212
3174.280348408889,25.543,3235.1038
3188.4368768,25.486,3228.917
3611.321237244444,25.404,3744.3252
3726.536609413333,25.329,3710.1685
3577.520902533333,25.17,3470.514
3177.1144944,25.303,3175.136
2974.3182571199995,25.285,3088.6733
3144.035583093334,25.2,3268.7356
3144.035583093334,25.2,3197.4365
3178.3272225333326,25.618,3225.2134
3550.117106853334,25.434,3652.7449
4068.268816213334,25.524,4046.501
3992.048441111111,25.651,3834.837
3698.172332213334,25.529,3566.0637
3467.7760076888894,25.676,3482.1233
3459.2002807466656,25.64,3561.726
3378.267334933333,25.559,3467.6255
3469.9478281599995,25.651,3561.5933
3436.468257137779,25.547,3485.2734
3497.48352512,25.686,3546.1475
3496.36744704,25.648,3524.135
3467.7537493333325,25.763,3494.1028
3527.2643780977774,25.887,3576.4553
3881.968820888889,25.853,3925.139
3902.232168711111,26.008,3851.9495
3751.63234928,25.814,3673.4941
3415.6545602666656,25.767,3404.5735
3212.337560142222,26.008,3322.914
3379.4728423466663,25.754,3519.0862
3447.318988302222,25.867,3525.7637
3593.84547976,25.697,3630.627
3693.33294535111,25.73,3689.4917
3817.120450986668,25.745,3789.6377
3884.039436,25.845,3846.02
3677.8016645333337,25.834,3626.8247
3276.514243555556,25.844,3303.4558
3207.092380693333,25.912,3340.9812
3510.5872711377774,25.801,3672.6562
3770.206386311111,25.446,3810.3748
3881.7616988266673,25.173,3803.8574
3645.9867599999993,24.937,3532.5078
3202.5217918577787,25.681,3246.6748
2992.879364159999,25.096,3140.2908
3408.3981069600004,25.175,3596.0066
3903.5368122666655,25.261,3977.045
3936.276019031111,25.67,3867.866
3589.858749191112,25.917,3527.1353
3512.971642311112,26.139,3583.1301
3410.1659257600004,26.187,3511.4097
3465.335603448889,26.208,3572.2104
3444.141144888889,26.096,3512.1643
3475.2076481688887,26.131,3537.062
3501.8419475200003,26.282,3556.8608
2712.618344933333,26.472,2943.1665
2963.655688533333,26.326,3173.641
2978.416186311111,25.845,3106.1233
3137.213322008889,25.921,3157.4617
3127.115921191111,26.041,3124.3657
3156.964912799999,26.103,3156.4856
3104.0729047466666,26.262,3122.838
2908.87231296,25.923,2969.091
2853.627485519999,26.172,2940.0576
2917.0601064,25.767,2965.9902
3003.9898083555554,25.685,3001.029
2937.42540832,25.802,2930.686
2819.8048843022225,25.841,2843.8464
2953.157508062223,25.95,2985.337
2899.6072290844427,25.847,2915.5854
3084.0814733333336,25.894,3103.9863
3012.97082368,25.978,3011.595
3012.97082368,25.978,3020.7854
3012.97082368,25.978,3037.1108
3012.97082368,25.978,3036.6626
3031.982144533333,26.494,3084.6338
2950.080492728889,26.384,3001.8474
2938.6318484533326,26.632,3004.5127
3023.426878044444,26.587,3093.356
2939.656702791111,26.586,2989.6284
2991.1743240533333,26.347,3024.8794
3040.1605024799987,26.119,3052.0098
2985.2767727555547,25.992,2987.0479
2965.2439593155555,25.939,2976.737
3087.2396120177777,25.912,3100.7183
3685.061453973333,25.985,3811.0127
4107.858432177777,25.658,4004.487
4026.1721303999993,25.094,3748.4834
3437.098724622221,25.422,3273.4949
3283.260643413333,25.483,3339.2466
3354.943700186667,25.457,3479.0405
3652.540639928888,25.344,3768.5254
3638.145781200001,25.367,3639.1006
3706.9167464,25.684,3722.0283
3739.447260266666,25.604,3741.0898
3628.268931982222,25.776,3624.9844
3674.232438533332,25.812,3717.3555
3615.74909080889,25.334,3616.977
3669.703176995557,25.249,3677.4443
3445.042983822222,25.234,3441.2964
3078.6664433600004,25.194,3154.3145
2993.1793855999995,25.211,3134.2642
3072.236304284445,25.242,3188.7493
3043.67206752,25.211,3099.7024
2924.051312071111,25.187,2972.908
2937.190940444444,25.282,2975.5234
3033.869639111112,25.098,3038.2915
3051.641832711111,25.018,3023.9497
2950.2992557422217,24.962,2935.864
2948.370298791111,24.884,2944.4998
2956.9999104,24.903,2951.9297
2813.243829066668,24.965,2829.4417
2901.0378841599986,25.027,2912.2073
2810.0149410666672,24.984,2827.2922
2921.8212053333336,25.028,2923.7485
2574.797799075556,25.025,2457.2446
2560.3023987199995,25.063,2456.4678
2534.798252088888,25.101,2434.7078
1094.5524860444436,25.071,1642.495
1488.7188588088889,25.089,1763.0051
1685.13649416,25.036,1966.1509
1894.6213131377776,24.959,2083.937
2159.114997697778,25.05,2217.3901
2427.2837271466665,25.053,2327.16
2445.618581466667,25.113,2324.1023
2433.955243911111,25.152,2326.0105
2401.646229502222,25.206,2341.956
2322.444861484444,25.283,2333.2957
2130.0044036000004,25.314,2154.6882
2058.8797375288887,25.319,2077.344
2012.17804656,25.328,2032.1671
1906.8022194666669,25.37,1943.5205
1950.4447739822224,25.418,1965.4528
2255.329563946667,25.399,2232.51
2501.009542026666,25.451,2395.405
2408.364551111112,25.476,2365.1277
2418.448698222221,25.529,2402.2678
2264.757269475555,25.512,2309.8096
2088.7236323644443,25.531,2121.8813
1871.3443481599995,25.531,1929.5913
1890.6481728,25.541,1959.3591
1908.8811906311105,25.527,2019.1053
2006.5736010666665,25.57,2087.9011
2141.7080961422225,25.55,2191.8325
1966.2054352177777,25.538,2025.6511
2078.094151466666,25.472,2095.2053
1982.7325093333336,25.512,2010.9299
1864.6032768,25.552,1911.1053
1872.1796740266664,25.359,1914.4067
1778.6466335288883,25.399,1839.7264
1743.0889774844445,25.408,1804.6719
1668.0407694222222,25.413,1733.5327
1638.4205527199997,25.414,1696.0839
1656.2485290311113,25.434,1711.2593
1677.6999385600002,25.484,1735.8054
1660.2717824000006,25.522,1712.1855
1678.344571511111,25.594,1715.5842
1675.4854936,25.609,1706.178
1652.5238857955549,25.612,1683.9329
1679.5007216177778,25.62,1710.8569
1680.6824906666668,25.601,1723.2571
1310.8322924888892,25.615,1390.201
1518.089305671111,25.573,1519.1967
1505.6782212799997,25.496,1529.023
1402.987889528889,25.494,1433.8975
1422.8557873599996,25.417,1430.4229
1431.9927800177782,25.46,1436.8857
1392.993292853333,25.448,1406.3989
1458.4185285333335,25.49,1456.3113
1468.0591364266663,25.498,1478.4795
1391.9177793599997,25.512,1414.6835
1373.2421748266672,25.575,1389.4012
1466.988454213333,25.522,1469.095
1439.8813228800004,25.514,1459.3357
1313.7944586666663,25.514,1351.0222
1389.597761208889,25.534,1394.7314
1412.209588533333,25.541,1421.4567
1367.050225191111,25.535,1386.5562
1366.2306356266668,25.486,1378.8491
1385.886441546667,25.5,1393.9862
1363.71663384,25.465,1377.349
1380.5300506666667,25.474,1389.0808
1364.198763911111,25.486,1377.0969
1326.85942752,25.495,1347.0533
1351.0532364622218,25.354,1364.7708
1332.93022952,25.445,1351.1505
1263.4658283377778,25.333,1294.4573
1297.4608895999995,25.221,1309.5789
1287.8690346666665,25.264,1306.9219
1250.1153132533334,25.313,1280.1914
1309.907016782222,25.335,1317.9197
1333.9337838399993,25.348,1342.8735
1310.66245128,25.334,1329.4691
1274.715586666667,25.307,1301.0732
1302.3612258133337,25.278,1315.0449
1290.009171768889,25.23,1306.3906
1321.5771977777777,25.203,1330.3539
1352.57528296,25.161,1361.353
1295.88620672,25.168,1320.6602
1327.8257813333332,25.153,1337.2976
1406.2907162577778,25.119,1406.4772
1352.2624864,25.119,1374.089
1308.581538986667,25.162,1333.5375
1321.81758336,25.14,1335.7388
1335.012338862222,25.154,1347.074
1202.479421111111,25.148,1254.3248
1377.1775708622224,25.158,1364.5157
1453.5811142399998,25.236,1469.3665
1392.72533672,25.335,1421.8438
1439.211171128889,25.202,1468.7683
1448.2527259199996,25.185,1485.3256
1394.8886113333333,25.23,1425.4407
1367.5283623822218,25.066,1390.637
1392.7615556,25.187,1408.9025
1384.459212266666,25.177,1403.7185
1415.2333969066665,25.188,1430.6611
1379.1175562666667,25.164,1404.2817
1366.800777902222,25.135,1388.1202
1387.7797548533338,25.183,1404.502
1350.6434265422215,25.227,1375.9241
1323.4351853333333,25.274,1348.9283
1345.7791112533334,25.285,1362.5884
1378.4999174666666,25.266,1390.6125
1362.0963641244443,25.244,1380.8549
1351.6554382222223,25.24,1372.1885
1376.5396159999998,25.215,1391.3088
1306.360645333333,25.318,1339.6116
1319.50561152,25.38,1340.9479
1337.7074303911113,25.371,1356.2394
1353.2721482311106,25.349,1367.1227
1318.0646324800002,25.337,1340.1085
1367.1624473599998,25.368,1376.7217
1353.2059286044444,25.357,1370.486
1357.2326590044445,25.358,1373.0465
1343.2861568,25.377,1363.8728
1365.8471398222227,24.927,1371.0773
1305.8812947911108,25.061,1331.5441
1301.8128376888887,25.372,1326.149
1319.4385465066662,25.383,1334.9545
1331.1975187199996,25.381,1346.9358
1338.5756378400006,25.224,1351.9779
1360.7335123200005,25.4,1376.0593
1375.3742120533336,25.587,1395.379
1324.9193804,24.892,1340.9872
1387.5109742933332,24.838,1388.2717
1507.6976078222222,24.844,1525.1848
1545.8756679288892,24.989,1584.1482
1463.197527306667,24.876,1512.2058
1578.7944180533332,24.973,1611.321
1610.9484216177782,24.716,1654.4257
1698.6337804799996,24.844,1753.4021
1717.084832382222,24.983,1784.0034
1729.092602124444,24.864,1793.4341
1745.3667134933328,25.008,1814.4551
1743.3023176800004,24.909,1810.9714
1912.609397066667,24.933,1974.9395
1988.6898921155555,24.942,2047.3494
2070.54550528,24.923,2111.3464
2159.3992141333333,25.088,2182.779
2426.062710497778,25.074,2362.4011
2432.348867182223,25.107,2383.115
2323.223063199999,25.108,2338.9202
2066.045905635556,25.118,2112.9172
1715.6457036444442,25.157,1822.704
1667.164920888889,25.134,1760.2346
1722.846954133333,25.231,1817.3448
1773.3020198400002,25.212,1873.4441
1850.0090244266669,25.376,1945.8743
1953.1175023555552,25.636,2031.7286
2041.0152943111111,25.313,2092.833
2348.8506549155554,25.36,2320.748
2454.459829688889,25.001,2376.5051
2452.5018279999995,25.278,2392.6873
2465.3946838133334,25.268,2451.321
2417.580413919999,25.194,2474.4558
2407.526442222222,25.332,2442.8542
2439.756499146667,25.399,2468.586
2420.712832355556,25.544,2467.115
2475.9917000000005,25.356,2506.8489
2451.1135470577783,25.582,2493.2803
2456.661567066666,25.613,2496.3196
2477.031241475555,25.722,2511.0815
2470.04620736,25.803,2504.461
2496.932836,26.163,2547.1338
3139.650008177777,26.138,3499.753
4603.98434999111,25.99,4417.9004
4579.83208144,26.003,4315.793
4278.60773423111,25.861,3943.6396
3673.743452213333,25.727,3383.4438
3149.18290496,25.666,3121.871
2907.879911688889,25.839,3062.4194
2946.938978817777,26.169,3149.826
3124.711448213333,25.846,3251.155
3142.927721333333,25.643,3162.1992
3218.636186862222,25.762,3229.894
3273.1375817333337,25.797,3280.5122
3275.763012702222,25.685,3257.703
3164.6678781511114,25.92,3162.4578
3269.113481813333,25.512,3282.3179
3242.350652248888,25.185,3212.7993
3450.027184488888,25.598,3489.0847
3380.8594511466667,25.56,3370.8984
3472.532398773333,24.734,3434.7437
3398.023671999999,24.73,3355.3586
2903.0874740622226,24.302,2975.9695
3099.1659312,24.971,3207.4517
3208.0216003733326,24.651,3274.2334
3655.713115253333,25.044,3765.714
3524.787095902221,24.997,3481.6765
3390.141403164442,25.168,3380.2673
3032.641119946666,25.378,3117.2573
3061.702516266666,25.342,3188.149
3179.426179786666,25.349,3280.7908
3191.864842879999,25.408,3232.4756
3168.30234448,25.527,3199.98
3341.456380346667,25.71,3420.0884
3476.598450133333,25.754,3514.8535
3441.5173348266667,25.882,3432.8418
3365.830311377778,25.923,3374.3396
3379.5784528,25.836,3415.0703
3382.9857220444446,26.014,3429.2803
3429.33996608,25.865,3464.2856
3396.402583679999,25.834,3414.383
3469.1761648,25.767,3493.5713
3386.9836697066658,25.737,3395.7683
3434.127796,25.554,3453.1196
3467.7537493333325,25.492,3482.1306
3403.5428755022226,25.402,3403.1082
3374.1930695822216,25.186,3384.408
3376.88244368889,25.035,3395.451
3364.4876720000007,25.207,3394.192
3058.230457333334,25.126,3109.2048
3139.80414336,25.272,3225.8767
3377.793990595555,25.204,3477.4736
2938.316622862222,25.228,2994.6565
2962.8182305688883,25.357,3031.0552
2975.6288789333344,25.202,3033.4583
3069.376694222221,25.238,3081.0415
3028.7355965688885,25.61,3034.9644
3215.1915901866664,25.606,3267.176
3391.326891448888,25.842,3454.8396
3329.9609521866664,25.61,3306.4941
3241.151588871111,26.028,3262.4148
2933.571480311112,26.004,3033.1274
3008.757073022221,25.789,3113.174
3063.37343,25.69,3134.6143
3131.979351502222,25.91,3173.0723
3071.224993599999,26.143,3110.2373
2952.66844256,25.77,3001.9543
2865.1589846755555,25.609,2934.2551
2991.4125041777784,25.581,3032.7852
2754.3655786399986,25.773,2815.5217
2725.9976683733325,25.664,2772.333
2850.2309314933336,25.383,2879.8025
2767.289292231111,25.363,2775.0938
2793.3209648,25.446,2799.668
2788.944253635555,25.629,2805.0154
2750.4775626844435,25.342,2757.2085
2849.55370807111,25.455,2852.1528
2808.445118577778,25.297,2808.0205
2829.3980713600004,25.44,2831.4468
2809.278549893333,25.271,2816.5806
2884.514699288889,25.413,2890.0554
2761.3263352533345,25.494,2782.5452
2810.433571653333,25.382,2830.1875
1720.0564002844444,25.494,2090.5535
1837.1896928000008,25.295,2104.5142
2062.252129333334,25.173,2234.9556
2448.9228078577776,25.424,2402.952
2567.60507232,25.494,2523.9248
2551.689325715556,25.31,2498.8298
2502.4027648711112,25.543,2473.814
2445.0587456888875,25.56,2437.9822
2437.6814684622213,25.576,2438.6633
2494.531763200001,25.587,2510.927
4604.93325344,25.578,4390.7905
4574.952428088889,25.8,4225.378
4461.87850768,25.451,4043.3252
4121.3650456977775,25.445,3771.621
3607.1902890666665,25.508,3450.2778
3258.37213856,25.616,3313.2986
3187.400265066666,25.861,3344.044
3296.370965048889,25.68,3458.0771
3329.937100871112,25.697,3424.8582
3309.688031466665,25.72,3361.8398
3315.766425644445,25.774,3363.4614
3286.802482844444,25.788,3323.1152
3358.3099495466663,25.778,3398.5647
3463.252603306666,25.643,3493.167
3378.8675012444446,25.497,3352.341
3212.126567466666,25.617,3217.4666
3148.897888551111,25.543,3203.0913
2993.1586864355554,25.338,3057.9553
3051.1750698133333,25.327,3109.5005
3046.4759705599995,25.133,3074.5513
2945.03250496,25.206,2968.5598
3070.870559999999,25.356,3099.4524
2969.902181911112,25.474,2997.1084
3050.864991066667,25.594,3070.6233
2978.0440647999994,25.538,2998.928
2988.285092853333,25.549,3003.4004
2977.13163408,25.564,2993.2153
2989.8450315377777,25.521,2997.605
2650.4618666666665,25.468,2663.5696
2533.2511013333333,25.474,2449.6904
1072.3448303999994,25.296,1656.0905
1428.6301998222218,25.435,1734.6771
1603.913148711111,25.455,1914.7007
1875.6371797333327,25.441,2102.8293
1938.4407083377776,25.512,2103.3552
2132.43992416,25.561,2178.4985
2511.4468371911103,25.518,2336.7273
2397.174370417777,25.478,2308.345
2453.284625777778,25.478,2325.4453
2287.544037111111,25.423,2285.3022
2083.308591911111,25.359,2099.7734
1589.8972956888883,25.444,1733.8513
1595.4355844355557,25.482,1688.3215
1685.2256451911112,25.588,1753.7605
1693.065104391111,25.712,1750.9089
1788.399773333333,25.791,1822.9116
1788.769892,25.808,1815.4257
1806.12305328,25.827,1822.6661
1884.9059525688888,25.849,1887.5054
2038.3735424888887,25.856,2018.8302
2077.367433333334,25.878,2059.7788
2050.6706440711114,25.904,2051.0947
2159.70900992,25.914,2160.7285
2102.32665024,25.896,2151.0396
2077.157241795556,25.913,2122.8164
1971.8628792355555,25.85,2030.8508
2008.67418432,25.9,2053.7852
1951.70880288,25.851,2004.4424
1720.7909004,25.8,1790.2576
1691.89914384,25.747,1733.9014
1736.85765216,25.747,1783.0513
1707.1181334666671,25.735,1759.6465
1733.7184415200002,25.71,1790.9249
1682.0387039733334,25.703,1751.5634
1440.336038435555,25.761,1522.9009
1323.6084896000002,25.784,1391.8302
1367.2802204355555,25.82,1399.1626
1427.58977104,25.791,1447.8273
1601.9899941866668,25.806,1618.4387
1626.7501295199993,25.828,1670.5569
1523.365769084444,25.802,1566.5974
1508.282792391111,25.826,1535.561
1588.043482666666,25.833,1603.2803
1486.9093051555556,25.875,1516.5693
1530.0139503822222,25.921,1543.7869
1517.212725866667,25.915,1533.5483
1470.035022817778,25.95,1490.5879
1434.32966864,25.888,1450.389
1471.21376664,25.998,1483.4253
1443.1657968000002,25.971,1458.6704
1359.678618808889,26.018,1385.3966
1471.418027662222,25.97,1478.2092
1389.7757022933336,25.928,1416.2927
1450.3447749599998,25.922,1460.0494
1430.8069843199996,25.908,1450.0369
1425.3831336799994,25.865,1441.9281
1392.0954991999995,25.612,1410.8829
1356.1163259111113,25.748,1387.0951
1359.2578281777776,25.754,1384.8707
1447.7925304888893,25.782,1459.9331
1449.9847718222222,25.794,1477.2297
1423.9499715555553,25.792,1447.2551
1456.11023168,25.786,1480.4028
1428.620996053333,25.71,1454.9003
1362.6685534933326,25.71,1392.3583
1396.7395190666664,25.731,1409.8497
1415.8273194666667,25.731,1431.6335
1412.8483911111111,25.7,1430.8032
1403.4806498133332,25.712,1423.9656
1431.845696711111,25.724,1450.3403
1375.5262174666666,25.744,1404.8354
1389.6978801422226,25.764,1408.4414
1418.1626139644443,25.784,1435.4673
1383.1084136266663,25.822,1410.9639
1386.613208586666,25.884,1408.2146
1450.798723146667,25.805,1470.5452
1427.788448551111,25.893,1457.3474
1442.9893694933332,25.899,1476.855
1465.3714309688887,25.878,1503.0642
1400.2414751111107,25.872,1435.4475
1448.131183537778,25.904,1481.8417
1439.714809653333,25.903,1478.3065
1402.1884378666664,25.94,1431.8225
1402.6521010133335,25.957,1426.5775
1396.716755342222,25.94,1420.2722
1379.8977573333332,25.956,1404.8915
1401.0713490488888,25.97,1421.5303
1377.7823344000003,25.962,1405.3835
1371.8956042844438,25.982,1396.8846
1286.0526690133331,26.006,1326.6383
1369.4700711644443,25.969,1379.1976
1385.5571145333336,25.94,1402.6674
1361.1253734933334,25.976,1387.1561
1391.7396787466669,25.94,1410.0826
1374.0066209600002,25.978,1399.4395
1369.3920580444442,25.988,1393.0348
1378.1626140088892,25.93,1398.7743
1352.3784999999998,25.937,1378.5187
1319.4536714755552,26.001,1348.1791
1376.7026661688894,25.982,1388.4346
1334.72625,25.93,1360.1979
1039.905928035556,25.812,1165.9104
1165.2531976888893,25.927,1205.2968
1043.6959524977776,25.893,1148.7113
1071.1990240533337,25.833,1151.5483
1176.612094737778,25.904,1209.2936
1178.6057936355555,25.85,1220.8477
1183.92424808,25.798,1225.435
1204.2408564266668,25.746,1237.7599
1192.699820471111,25.697,1232.4495
1211.8690493066667,25.838,1246.1859
1252.219060302222,25.833,1273.6046
1286.6244065777778,25.836,1304.0991
1236.2173416,25.836,1272.7341
1259.9751348,25.812,1282.4357
1262.323036737778,25.882,1287.733
1226.3697478844445,25.84,1262.635
1284.93418752,25.832,1298.3153
1255.5654547200004,25.751,1283.6138
1266.5667811555556,25.777,1289.7798
1279.334664133333,25.807,1300.9691
1248.6894428800003,25.774,1280.9954
1230.7011260622223,25.719,1264.207
1277.589827973333,25.661,1295.4493
1258.2208724622224,25.647,1293.4502
1138.6471093333334,25.773,1218.3665
1224.7212531999996,25.79,1256.9357
1339.78875024,25.681,1342.2253
1458.915280533333,25.888,1483.0969
1447.3427521777776,25.535,1486.4019
1611.3312723200004,25.442,1641.5574
1700.4667161777777,25.359,1753.654
1649.8218180799995,25.343,1713.7087
1641.3087859911109,25.222,1698.0144
1682.00487104,25.294,1740.4622
1670.7714941155552,25.242,1733.8856
1775.0194356622226,25.188,1840.7151
1782.4584540622218,25.125,1856.8591
1835.4530520000003,25.139,1907.2507
1853.751083093333,25.206,1928.2236
1845.4033369066665,25.195,1918.8784
1891.389160035556,25.185,1960.3129
1950.067518435556,25.352,2015.089
1942.631129351111,25.474,2010.8967
1965.725936791111,25.327,2026.4817
2124.420352186667,25.217,2156.8845
2253.6697042844444,25.182,2262.7637
2323.779716551111,24.949,2315.878
2193.250756453333,24.731,2222.9504
2214.1778830222224,24.741,2249.5632
2243.458690951111,24.838,2295.2249
2109.0980483911108,25.047,2171.1753
1883.030594995556,25.016,1968.8342
1835.3409905244448,25.291,1920.6477
1913.7844076799995,25.436,1991.1882
2332.299684071111,25.478,2337.7441
2463.710750426667,25.393,2399.9377
2388.6592400000004,25.101,2359.4368
2362.5679176000003,25.301,2369.52
2389.287408871111,25.028,2425.1782
2416.293196275556,25.105,2449.5706
2371.7521704000005,25.076,2444.1123
2462.7480820800006,24.922,2496.3867
2452.03374928,25.299,2500.7468
4190.501856053332,25.413,4352.8125
4691.901915377778,25.269,4409.226
4571.770447404443,25.504,4256.328
4118.298692017778,25.703,3763.4102
3476.8295341333323,25.659,3286.7515
3153.151694933333,26.001,3222.1724
3101.60401936,25.768,3256.05
3166.6255188622213,25.687,3294.3901
3217.159119359999,25.639,3296.111
3217.9631449599983,25.362,3245.658
3183.45631968,25.539,3211.8945
3208.8366451111115,25.432,3235.508
3169.829140746666,25.332,3176.64
3145.793797555556,25.289,3145.9297
3097.3087960177777,25.527,3110.7524
3075.3431026133326,25.095,3073.8396
3154.3822041333324,24.973,3147.5632
3112.9112896,25.24,3105.9834
3141.3901492977784,25.058,3147.4812
3164.32808744,25.13,3181.5303
3307.9106060000004,25.192,3340.3345
3269.871655084444,25.389,3278.8335
3307.655437795556,25.49,3345.373
3275.52722784,25.29,3307.1016
3262.6479086933327,25.223,3296.9329
3298.10256264,25.464,3353.1729
3308.1290965333337,25.32,3346.0166
3303.595877048889,25.39,3337.1138
3261.8587507199995,25.003,3279.325
3187.491650666667,25.188,3223.6091
3140.8941332266672,25.267,3197.2737
3215.1898225600003,25.071,3264.436
3238.380080675556,24.885,3252.4688
3237.42559488,24.807,3235.8772
3211.017308373333,24.825,3217.1357
3092.8061606666665,24.831,3113.0037
3208.1599573333333,25.159,3268.897
3088.0493853155544,24.9,3110.6462
3238.8600868000003,24.785,3269.3652
3114.1512226488894,24.453,3103.148
3163.2884283555563,24.323,3158.3403
3066.891653333333,24.349,3069.99
3052.138532311112,24.251,3060.0352
3139.8622211911106,24.519,3164.5073
3128.1092097688893,24.708,3141.0393
3132.596027306666,24.95,3156.5964
3170.237619706667,24.957,3203.3164
3152.906388408888,25.038,3177.8982
3073.937785848889,24.708,3086.329
3207.0446408,24.786,3242.8027
3159.494718426666,24.849,3171.9211
3130.897563982224,24.777,3144.6533
2954.2915150933336,25.095,3008.085
3048.158858275556,24.818,3100.529
3095.456875217777,25.316,3147.5706
3095.456875217777,25.316,3125.2952
3135.4523862400006,25.25,3160.785
3143.3310639288893,24.626,3134.593
3082.8088450133328,25.068,3091.9902
3099.583244800001,25.43,3143.7017
3125.450511786666,25.38,3169.5886
3114.18852912,25.257,3137.7502
3110.845842293333,25.381,3140.2495
3158.2565821155554,25.25,3187.832
3086.2091112888893,25.283,3106.771
3024.6656408266667,24.004,3019.9897
3068.074607786666,24.481,3070.959
2953.1564332799994,24.745,2981.7178
2810.060993679999,24.99,2870.527
2865.5922511644444,25.502,2939.3408
2872.2201420177785,25.205,2918.5142
2802.7380750488887,25.131,2832.3157
2911.2928750666665,25.078,2922.2148
2977.465068088889,25.256,2973.554
2883.4412165866675,25.076,2876.9963
2923.7677465599995,25.147,2926.2434
2998.9376565333337,25.063,2998.9282
2850.6923856888884,25.11,2861.501
2899.7261339999995,25.134,2919.5137
2838.136705244444,25.218,2870.3955
2952.187766880001,24.93,2962.3691
2974.960286373333,24.875,2969.4175
2900.0616931200007,25.004,2904.5295
2825.9458196266664,25.259,2862.8306
2824.4845024,24.905,2861.425
2884.577969377778,24.85,2906.456
2900.5614889777776,25.431,2928.5786
2902.618880657778,25.146,2919.8972
2960.524553315555,25.244,2970.9321
3031.791540115556,25.066,3026.719
2966.2519059200004,25.061,2960.3157
3072.08672208,25.014,3075.6365
3263.16715776,24.952,3291.121
3334.6612484888888,24.852,3315.4717
3340.0411856000005,24.963,3317.4272
3380.432838293332,25.101,3387.8125
3322.8419126399995,24.753,3318.6777
3280.149802133333,24.892,3301.0193
3105.1580039466667,25.256,3170.7246
3173.5220027999994,25.334,3268.6885
3244.872154222221,25.25,3318.4248
3356.3228262666667,25.288,3402.397
3334.47534144,25.306,3348.2788
3369.9210838933327,25.248,3389.9773
3288.9905904,25.333,3313.5051
3238.8600868000003,25.422,3286.9666
3331.4440573333336,25.555,3405.353
3374.0715272,25.555,3422.1255
3441.52067911111,25.515,3467.8354
3287.756759039999,25.518,3300.9849
3184.8998185777778,25.422,3234.5044
3024.750045582221,25.441,3114.8276
2957.686313137777,25.525,3063.2039
2963.203082951111,25.546,3048.2612
3039.3381415377785,25.468,3079.1436
2786.2198146133323,25.508,2858.7612
3003.2895720177767,25.533,3037.1516
3062.0826771022225,25.59,3071.589
3068.9560526400005,25.361,3037.2195
3057.5766241066667,25.457,3042.5537
3068.0666709333327,25.524,3073.1655
2996.7484602222225,25.629,3016.7668
2821.3258304,25.569,2877.6265
2673.646235022222,25.484,2730.4065
2757.8591599999995,25.558,2819.8955
2736.064323199999,25.426,2770.8816
2639.723594053334,25.591,2610.0784
2669.400098835556,25.588,2673.5837
2704.212303164444,25.472,2714.8691
2694.3472159999988,25.564,2691.8293
2616.8760587200004,25.599,2563.895
2691.6602557866668,25.617,2702.808
2672.802268977778,25.657,2675.1074
2656.32106,25.731,2651.6191
2619.86478704,25.783,2603.542
1186.6201244444446,25.82,1706.3394
1271.4027189333333,25.891,1563.2378
1721.2366113066666,25.901,1975.1356
1789.0941501866664,25.919,2023.5276
1957.7737605333327,25.964,2072.7217
2289.9541518222227,25.966,2272.8933
2380.496177031111,25.993,2312.3918
2379.1508035377774,26.012,2308.194
2333.090479253333,26.005,2286.1855
2292.04743168,26.062,2285.5771
2315.36606048,26.057,2348.2368
2356.298567342222,26.07,2411.3333
2298.84886784,26.111,2381.085
2337.01967928,26.061,2409.6902
2331.1748703288886,25.989,2430.226
2296.736976666667,26.005,2415.014
2357.480639146667,25.917,2412.6116
2214.031535644444,25.897,2303.666
1922.57909792,25.883,1966.3964
1750.9298375111107,25.9,1819.0957
1846.216948213333,25.889,1888.3969
1789.1473292000005,25.896,1852.1045
1732.0989962311114,25.912,1810.9186
1751.4173345066663,25.958,1863.7412
1692.667968284445,25.996,1798.1868
1753.440100266667,26.05,1832.7498
1742.1651573333331,26.068,1817.0353
1670.3438169599997,26.137,1732.6965
1742.06004992,26.112,1780.7433
1724.2574084266662,26.18,1766.8624
1744.1151464799998,26.178,1782.4106
1746.0910293777777,26.22,1786.9763
1689.9510096533336,26.255,1731.728
1680.5424312888888,26.317,1715.4823
1685.563791706667,26.364,1718.8545
1743.3580899111114,26.266,1777.5668
1700.5004419822224,26.314,1740.0754
1684.51577424,26.335,1720.022
1735.5826693333331,26.368,1772.5839
1709.525199662222,26.38,1752.4237
1706.115481591111,26.34,1754.7443
1705.7713940799997,26.37,1766.8701
1700.8115617422222,26.315,1765.7844
1701.3227342222224,26.386,1764.6497
1639.5148848,26.333,1704.0254
1635.151981617778,26.317,1694.5037
1556.1482011911107,26.343,1615.9983
1536.0297754666667,26.325,1585.2802
1540.6973206044447,26.26,1582.5938
1513.4892517333335,26.297,1556.034
1541.7647062755552,26.312,1582.1287
1506.9348815733335,26.293,1546.0085
1560.4844083199998,26.264,1596.3411
1540.6387234311107,26.273,1582.6821
1549.9435404799997,26.309,1590.5781
1519.3618478222224,26.21,1560.1238
1510.901448622222,26.198,1547.5242
1520.9578982577775,26.211,1556.0498
1454.8988088888889,26.174,1488.6814
1449.5427603555556,26.143,1474.4663
1502.8395455999998,26.232,1527.6876
1468.547653475555,26.21,1498.0979
1450.010220755555,26.169,1475.2314
1490.1520244266665,26.146,1513.7544
1398.3965060444443,26.169,1429.845
1354.52892264,26.198,1380.9076
1413.64514592,26.041,1419.0828
1367.2411556533332,26.17,1392.131
1440.8063295999998,26.153,1449.247
1451.0942731199998,26.081,1471.7646
1442.5649574399995,26.122,1469.2383
1467.87072,26.049,1496.6807
1469.8313719644443,26.024,1504.5127
1441.8292823999998,26.01,1474.3322
1449.4094582488888,25.913,1476.9921
1442.01930576,25.962,1470.4895
1313.4197881866662,25.818,1352.5424
1237.586341671111,25.838,1279.3365
1181.0459545066665,25.716,1230.2853
1143.703690702222,25.765,1202.8074
1203.8812037866664,25.716,1231.1482
1208.0887025422223,25.658,1240.3412
1195.3150311111112,25.5,1231.3988
1219.2510320533331,25.625,1246.3959
1288.6749699555558,25.541,1293.7435
1227.0115000000003,25.594,1262.8329
1242.9633536977772,25.63,1267.0497
1268.9639996444444,25.616,1287.0583
1285.6667849333337,25.628,1303.4135
1269.79459088,25.631,1293.8478
1271.9016600888888,25.63,1293.7346
1282.236108026667,25.793,1302.2062
1267.1773785599996,25.948,1294.0067
1303.075631111111,26.063,1318.6749
1306.834516,25.992,1323.3033
1292.2734293333333,25.907,1312.9384
1311.8922688000005,25.95,1328.1761
1337.0407486844445,25.845,1348.3103
1338.0718502666666,25.901,1356.5537
1321.5606475288891,25.879,1347.608
1338.0369134399998,25.817,1359.5668
1365.2202588266666,25.774,1385.1189
1335.056706524444,25.755,1365.6626
1360.078086133333,25.804,1382.3568
1368.1244275199997,25.727,1390.5062
1408.3049780799995,25.727,1427.2153
1398.2899593777777,25.743,1424.7128
1437.0206042666669,25.742,1471.5762
1420.9761015466663,25.734,1457.6051
1458.4316588088886,25.783,1499.252
1450.5281016,25.86,1497.5969
1427.4877028266667,25.852,1474.273
1451.3106781333329,25.811,1493.1122
1494.204305066667,25.776,1534.6985
1480.759373333333,25.769,1529.0004
1482.2473912711107,25.769,1529.7115
1599.2143801600002,25.75,1638.7842
1625.4995418044443,25.797,1681.4971
1657.3428762488886,25.86,1718.1638
1658.3070758399997,25.825,1720.8617
1802.688531377778,25.796,1866.3228
1811.2501324444445,25.838,1886.2039
1829.6473905066675,25.895,1902.2505
1803.9478431111108,25.9,1878.024
1817.5442550933333,25.95,1889.6729
1905.038462248889,25.971,1972.1381
1879.069443777778,25.929,1952.9016
1958.3843905422225,25.944,2018.0387
1636.66562432,25.936,1737.7184
2053.1145824000005,25.944,2093.9749
2215.4262606222223,25.944,2239.443
2376.2727882666663,25.928,2341.7236
2417.342792728889,26.033,2373.94
2366.773794284444,26.035,2370.6196
2336.297354595555,26.02,2385.5837
2335.9991054400007,25.949,2422.6755
2351.3069107377783,26.037,2464.5483
2391.160566808888,25.935,2440.66
2308.602163679999,26.046,2470.0852
2354.4793767466663,26.088,2440.7917
2353.97749304,26.116,2443.8557
2345.05774496,26.06,2443.1301
2409.409209155556,25.984,2460.9268
2528.3588417066667,25.844,2566.4502
2420.77511616,25.707,2468.9084
2397.11043776,25.867,2462.382
2413.311868,25.916,2475.2637
2424.0431318222213,25.82,2480.2668
2444.69540176,25.815,2495.461
2389.728332746667,25.779,2461.1677
2441.9007316,25.58,2491.5908
2427.4745376711107,25.586,2481.4832
2394.837654133333,25.503,2453.3865
2397.562149048889,25.314,2449.8809
2361.921073368889,25.477,2433.7712
2365.1650316088885,25.344,2434.0938
2418.163709759999,25.357,2459.8645
2406.30585176,25.443,2454.0073
2370.713483626666,25.512,2437.3203
2492.575135555556,25.389,2531.5713
2359.7084181599994,25.374,2433.277
2448.457571546666,25.589,2489.065
2434.359534364444,25.508,2477.4917
2450.1249849600003,25.376,2486.1335
2414.239115111111,25.298,2458.7146
2397.163117226667,25.458,2449.3555
2379.6158523733343,25.536,2440.4543
2410.2994036444447,25.79,2460.7104
2453.029903555556,25.81,2495.8235
2453.029903555556,25.81,2490.939
2453.029903555556,25.81,2490.126
4383.604449653334,25.754,4366.1636
4049.5421740799993,25.512,3745.9504
3272.66343975111,25.215,2981.739
2879.9676136,25.331,2935.1904
2782.1487398399995,25.359,2944.7295
2890.544455786666,25.597,3029.4778
2887.0410896000003,25.146,2969.0447
2942.705707413333,25.192,2979.389
2929.878627573333,25.234,2958.1692
2901.0499443111103,25.409,2934.672
2856.4162892088884,25.289,2896.6685
2906.473417671111,25.347,2938.866
2947.2951264799995,25.661,2971.414
2947.2951264799995,25.661,2958.9585
3121.808530133333,25.669,3128.2087
3030.917357902222,25.582,3001.9927
2998.1134674133336,25.463,2982.7231
2902.53090688,25.256,2917.4062
2886.3235996888893,25.446,2915.698
2882.879761066666,25.281,2908.3965
2785.449099111112,25.048,2812.1423
2925.1505266666663,25.44,2959.9397
2950.6426119822227,25.426,2975.3347
3019.5326090222225,25.07,3004.8416
3001.877645866666,24.932,2981.1885
2903.2026644,25.085,2912.5364
2880.7987404799987,24.725,2898.6697
2855.258946711111,24.773,2877.949
2901.379210773334,24.599,2908.946
2780.8901337600005,24.913,2808.483
2682.750839822222,23.55,2687.6826
2866.913005973334,23.525,2861.0906
2692.3274929333334,23.942,2716.134
2785.938754986667,24.02,2804.1035
2832.2463630222223,24.076,2841.0398
2889.99680824889,23.762,2873.808
2944.145382275556,23.863,2919.5867
2869.6496111111114,23.733,2862.8481
2801.1193016444445,23.928,2825.385
2829.096963493333,23.87,2853.282
2802.960762240001,24.157,2833.4204
2920.9474271822223,24.126,2921.2598
2838.89221776,24.352,2851.7107
2857.9341472,24.196,2867.6543
2803.505999377777,24.214,2830.2449
2858.5429071111107,24.313,2878.3232
2855.5202131111105,24.345,2874.2136
2751.2551949866665,24.419,2791.225
2853.77436272,24.492,2883.2266
2653.6902830666663,24.481,2690.82
2465.971674186667,24.3,2419.4941
2105.060156791111,24.238,2126.3032
1488.0960719999994,24.308,1883.3636
1411.5723742577777,24.516,1696.1385
1816.8432152888888,24.41,2029.4849
1996.195969706667,24.412,2129.6716
2110.1530304,24.256,2160.9983
2438.560290986666,24.551,2343.2827
2384.876723875555,24.535,2318.286
2385.635659857777,24.731,2322.9827
2416.539178177778,24.694,2385.6611
2362.041448977777,24.631,2372.929
2413.8408984,24.551,2409.32
2410.3637916,24.369,2429.9104
2365.6957574400003,24.389,2406.7356
2379.889447911112,24.57,2427.287
2420.704781386666,24.096,2460.2385
2341.1399856,24.276,2413.7358
2417.8942480000005,24.3,2459.853
2381.597981351112,24.195,2440.325
2367.540172231111,24.309,2435.4487
2420.6064184355555,24.426,2462.4543
2403.4295424,24.252,2457.865
2399.2547284355555,24.494,2462.3552
2430.670317022222,24.365,2498.7754
2430.69669984,24.347,2507.9653
2434.823779733333,24.368,2510.802
2474.2624371200004,24.393,2542.9565
2460.342486577777,24.481,2519.351
2458.5132887466666,24.304,2506.2917
2444.969050862222,24.373,2486.9673
2500.559845226666,24.662,2550.8071
4244.99186848,24.546,4348.84
4612.8565363377775,24.607,4350.385
4385.423151182222,24.808,3962.042
3516.439067920001,24.934,3222.714
3003.940977377778,24.901,3053.7905
2720.9624475733326,24.937,2941.813
2959.8833706133323,24.601,3132.2935
2967.542920817777,24.771,3056.6807
3026.412692924445,24.808,3054.408
2971.5286662666663,24.766,2998.598
2980.217477066666,24.784,3005.0762
2896.805909946668,24.942,2944.276
2991.5015655466664,25.116,3023.738
2974.1235806399995,25.258,2996.4033
2822.628152053333,25.373,2880.744
2623.415557759999,25.506,2679.262
2909.8872450666668,25.597,2962.106
2733.4213603555554,25.634,2791.638
2985.726725733333,25.838,3004.657
2863.008678479999,25.908,2881.08
2989.786636977777,25.856,3012.9114
2868.678571573333,25.778,2895.615
2736.573417146667,25.689,2784.7822
2622.2207352888886,25.486,2599.9792
2701.825536728889,25.385,2747.3535
2634.401412222222,24.846,2592.1252
2612.049579724444,25.31,2574.944
2656.859655146667,25.459,2677.8455
2581.0652804,25.574,2545.9832
2542.7283947288884,25.678,2490.2817
2508.646646400001,25.739,2456.093
2551.576259324444,25.816,2523.7703
2567.863333288889,25.853,2547.7788
2385.252215288888,25.798,2363.9097
1415.8696481866664,25.642,1828.5111
1488.7833562222218,25.708,1766.3726
1734.503699768889,25.744,1964.645
1758.5179478844443,25.81,1950.7319
1840.902535555556,25.73,1955.1218
2025.9047296000003,25.682,2050.7495
2367.926785253333,25.681,2294.562
2361.1966620000003,25.577,2272.19
2353.276901546666,25.69,2275.1667
2376.4344364444446,25.697,2327.1616
2334.2016387200006,25.728,2338.4404
2281.3676432888888,25.751,2327.1028
2263.8739324,25.732,2330.302
2243.2270223999994,25.789,2314.275
2134.7285989599995,25.749,2179.6943
1877.52528448,25.709,1926.3645
1853.7538160444449,25.803,1894.9819
1933.645116231111,25.81,1965.3103
1999.1266283466664,25.863,2025.6367
2025.8793854666665,25.818,2045.4779
2018.9952888888888,25.895,2033.8981
1991.4994531911111,25.934,2011.1985
1945.5251382666663,25.913,1989.6964
1848.55799856,25.922,1942.3069
1666.54599072,25.984,1772.9836
1665.6928861155554,25.934,1743.2513
1660.935854586667,26.001,1735.1389
1674.1140808,26.062,1739.0228
1708.1399474400002,26.023,1760.3951
1643.6356906666665,26.002,1686.1255
1631.0114721866664,26.004,1664.5658
1622.5661024711108,25.949,1651.889
1657.7993477866669,25.946,1685.4061
1649.449985351111,25.95,1682.4186
1679.9478007466662,25.895,1713.569
1599.0668846400004,25.9,1635.5276
1638.8777776533334,25.834,1667.6422
1597.8746029866672,25.885,1638.678
1548.5818880533334,25.903,1591.282
1438.8033547377772,25.909,1480.4182
1470.6929513955558,25.893,1487.9843
1517.3390680888886,25.87,1531.7439
1480.485495999999,25.925,1503.1216
1357.1643841333337,25.917,1388.4467
1517.7509414044443,25.968,1516.4817
1500.541334,26.017,1525.0747
1464.400555617778,25.956,1490.6213
1455.5285171555554,25.985,1482.7683
1429.7713670222222,25.887,1453.6465
1414.9772773511113,25.922,1436.9775
1421.0561966933333,25.926,1438.4512
1362.3563263466667,25.909,1387.6293
1402.1749419555558,25.831,1412.718
1386.6448512000002,25.936,1406.6605
1346.164104533333,25.865,1368.8767
1382.211490977778,25.901,1392.3956
1443.3346622044444,25.83,1448.8845
1362.0099344000002,25.838,1388.3771
1392.8132627555556,25.888,1406.4066
1353.8217427199995,25.904,1375.5485
1401.7540022755554,25.917,1411.5721
1389.4756994844447,25.937,1409.7106
1398.4388859999997,25.985,1419.4209
1357.5227640355558,25.944,1383.8608
1372.3333014844443,25.972,1390.1252
1325.786093866666,25.951,1354.2947
1316.9318597599995,26.027,1343.5472
1311.67025,26.048,1332.9814
1324.8624472177776,26.041,1342.2363
1371.3938440088891,25.95,1381.0316
1374.109637031111,25.986,1392.4736
1302.411352817778,25.965,1336.5782
1331.7257107200005,25.984,1350.096
1365.3759101155554,26.033,1380.8823
1309.5845448533332,25.985,1341.3054
1337.376106355556,25.872,1353.6715
1368.9499965066664,25.915,1384.6205
1296.1951501333328,25.968,1332.9524
1370.9347582933326,25.915,1380.098
1344.6633440799997,25.913,1367.5483
1318.0636590044446,25.907,1345.6984
1369.02769872,25.871,1381.3539
1320.5891596800002,25.907,1350.3375
1404.34107528,25.898,1411.7976
1400.607168888889,25.871,1420.1926
1455.4749759999995,25.877,1485.9828
1422.5208256,25.862,1459.1548
1190.9063035466663,25.883,1266.748
1196.4594913599994,25.83,1242.4321
1115.3212656355554,25.78,1192.736
1249.8323730488887,25.788,1262.0498
1206.0088929777776,25.748,1247.8387
1227.392850897778,25.755,1257.7219
1213.1256746666663,25.837,1252.1813
1186.1172008888886,25.843,1235.1141
1187.6190128355554,25.671,1228.9302
1256.3251964977771,25.711,1272.6333
1233.8379740444443,25.72,1267.6224
1198.9833490044437,25.506,1239.8834
1257.8939290666665,25.72,1277.435
1248.3161871999998,25.665,1276.641
1252.7189819199996,25.711,1279.0072
1205.707096924444,25.645,1248.3167
1238.5808890133333,25.665,1264.4174
1298.5704328177785,25.5,1304.9974
1299.3950318222223,25.472,1315.8889
1240.7971225599997,25.513,1275.2257
1336.0488551111112,25.527,1336.3376
1293.6039142400002,25.507,1314.9622
1240.3329284266665,25.391,1273.9795
1264.1488856266662,25.457,1289.6562
1259.2501784711114,25.493,1288.995
1277.2422564444446,25.293,1297.9896
1290.7622552533337,25.376,1310.7478
1270.6187974666666,25.299,1297.561
1280.5145747288886,25.256,1301.3517
1331.144820622222,25.346,1343.1686
1361.866438746667,25.377,1376.61
1460.5027210666667,25.382,1486.1279
1465.7696593244443,25.395,1505.4248
1523.2211776888887,25.383,1561.1582
1532.811363973333,25.307,1577.9358
1646.9857833599997,25.32,1690.6226
1644.6540299377782,25.32,1703.5247
1713.417567146666,25.313,1773.6797
1700.06048576,25.404,1770.5588
1787.837698328889,25.398,1854.9025
1749.5198303644445,25.465,1824.9435
1812.77699392,25.518,1883.2181
1781.4607068266664,25.38,1857.6549
1847.29006528,25.394,1916.1111
1778.1753246400003,25.435,1860.389
1445.6215367733337,25.438,1549.6777
1824.512223111112,25.562,1881.9459
1867.55231736,25.538,1956.417
1935.4941596888889,25.503,2010.3287
1857.2588369066668,25.538,1939.6523
1880.0253443733327,25.549,1950.7626
1856.5588474311107,25.597,1935.0553
1849.0056284711115,25.568,1928.3652
1911.9787456,25.48,1983.3387
1867.97515392,25.52,1948.0969
1929.3288327466664,25.599,1998.3722
1900.5484098844445,25.334,1972.218
1942.8256824,25.421,2006.9144
2267.223107511112,25.413,2270.0552
2515.2868221422227,25.37,2407.7698
2479.086589555556,25.455,2402.6287
2465.0850592,25.568,2441.892
2462.727600666667,25.682,2442.833
2420.0897171733336,25.643,2441.6028
2451.1455483200007,25.6,2464.3877
2428.814515128889,25.786,2465.116
2367.99817152,25.602,2448.3938
2412.354954337778,25.955,2468.5706
2318.502454328889,25.468,2443.138
2345.0640655644443,25.93,2447.9421
2419.6653330666663,25.956,2477.2637
2329.7447252800007,25.766,2445.6553
2382.468561937778,25.642,2456.2961
2311.586101475555,26.004,2442.9917
2369.876532195556,25.273,2452.421
2363.39334336,25.5,2451.802
2369.921225902223,25.812,2454.335
2371.613834399999,24.917,2450.3818
2353.84113776,24.944,2442.9487
2387.33974512,25.327,2455.805
2383.800302115555,25.457,2448.84
2388.1842002311114,25.521,2442.4155
2362.0169246133323,25.17,2425.1758
2282.0059009066654,25.158,2440.4888
4373.737061546665,25.276,4362.2407
4595.102580266666,24.768,4274.64
4286.755967999999,25.08,3774.4268
3455.06019168,25.315,3156.981
3017.8869812,25.121,3043.9353
2712.783203484445,24.995,2904.6702
2863.0130346666665,25.087,3035.36
2909.639199768889,24.804,3008.652
2922.478981368889,24.543,2963.0972
2797.8355392000003,25.031,2875.8892
2876.2666970844443,24.524,2909.6016
2871.2389264,24.747,2892.3252
2801.139091377778,24.786,2825.222
2869.738170604445,24.833,2893.1733
2818.382534044444,24.93,2845.439
2818.9340906222224,24.755,2839.2983
2787.421996373332,24.951,2817.5579
2804.8062390044443,24.946,2827.3523
2799.3555141511106,24.982,2819.6877
2764.342670222221,25.047,2793.7402
2783.881395911111,25.205,2816.2664
2775.873213368889,25.057,2807.5264
2817.7178225777784,25.073,2841.703
2830.872057742222,25.165,2855.738
2801.520190755556,24.864,2819.8164
2859.347326293333,24.951,2874.848
2797.556852711111,24.595,2812.3596
2768.5157037511112,24.67,2794.192
2784.3237159555547,24.598,2813.3384
2749.5626493688897,24.616,2784.2292
2836.6278356,24.896,2863.2246
2770.4160025599995,25.046,2806.857
2827.3817997066662,25.217,2859.6807
2892.552763804444,24.958,2908.797
2930.345404444444,24.954,2929.6418
2847.5625895822222,25.05,2861.7773
2848.0955697777777,24.637,2863.6667
2936.6260498133333,24.723,2945.078
2873.842048942221,24.894,2887.6914
2773.3704845688894,24.653,2802.1733
2754.521262533334,24.518,2793.2332
2761.8922971733327,24.578,2801.3618
2812.9722224,24.378,2832.2708
2798.596259111112,24.52,2817.2861
2771.6820645777784,24.89,2805.013
2730.8074562222223,24.751,2771.673
2728.273642577778,24.696,2768.6345
2760.35862952,24.72,2794.6494
2712.08855648,24.681,2745.2234
2797.3199232,24.823,2822.252
2623.100328675556,24.989,2631.4604
2553.712770346666,25.032,2525.6907
2577.4471756799994,24.806,2564.4282
2704.1600207733336,24.828,2741.702
2645.1172483200003,24.856,2648.6174
2708.6206604355552,24.603,2728.7314
2634.7763155911107,24.603,2632.0452
2632.0061325333336,24.772,2645.1174
2617.552251608888,24.747,2631.514
2543.2023667022218,24.601,2506.235
2701.4674421155555,24.617,2749.5024
2712.490440026666,24.502,2750.2654
2693.8734745866664,24.773,2732.0876
2748.037918826667,25.006,2791.815
2727.878297386668,24.984,2773.2275
2771.8364408,25.239,2813.4038
2897.4969506666657,25.134,2918.78
3087.159003351111,25.156,3099.4639
2997.780990577777,24.964,2969.6997
2978.8549082222225,24.948,2975.4868
3008.856263893333,24.936,3025.444
2938.7482568,24.86,2963.4495
3006.824252444444,25.094,3038.2434
2899.155247644445,25.122,2942.7195
3105.2326727822224,24.751,3130.7017
3281.8414790755564,24.842,3299.1404
3216.6540672,25.156,3191.4788
3248.9419038577776,25.267,3265.1675
3296.7946039111102,25.366,3335.5957
3337.305835733334,25.394,3369.9172
3465.249238933333,25.875,3539.6567
3925.3223521422224,25.85,4006.2075
3926.75564352,25.326,3819.979
3702.82098424,25.041,3562.4294
3375.0971093155563,24.965,3358.812
3424.906531333333,25.134,3519.0557
3371.5627223288893,24.977,3446.819
3361.2370694400006,24.989,3420.5864
3432.6804462844434,25.048,3496.9924
3413.8298886311104,25.216,3459.9932
3417.2526263555555,25.322,3464.2244
3417.035307253333,25.21,3454.0415
3401.079793706666,25.316,3438.2727
3151.1344765866656,25.48,3205.5552
2873.0633174044456,25.621,3025.663
3113.4761616,25.704,3256.8413
3517.120510124444,25.555,3656.144
3460.546584631112,25.326,3402.0903
3330.8174232,25.345,3287.0393
3043.8543612977764,25.38,3102.2397
2832.091622328889,25.308,2977.7197
2747.09404112,25.39,2899.0344
2733.0462578666666,25.334,2828.8564
2917.041623173334,25.43,2952.4324
2959.271223333333,25.484,2953.3796
2910.57803776,25.41,2896.3145
2992.046874879999,25.516,2989.3706
3162.2877443911107,25.671,3193.0645
2922.25095752889,25.62,2926.8826
2647.9666764799995,25.711,2671.5938
2707.598700906666,25.844,2793.3455
2836.03987616,25.831,2893.3657
2950.2368543288894,25.835,2956.5679
2879.592278222223,25.646,2867.0872
2875.721699822222,25.539,2872.787
2866.455117306666,25.642,2882.5957
2574.700046293333,25.708,2523.1628
2603.939050666667,25.771,2609.936
2542.033094471112,25.748,2493.3394
2678.548482088888,25.748,2706.9092
2783.488600853333,25.812,2804.185
2685.550853617777,25.857,2683.6692
2774.1097647288884,25.808,2790.013
2586.38963392,25.817,2556.9338
2535.41035512,25.863,2499.7004
2675.2695288000004,25.875,2720.016
2601.10850048,25.964,2593.3975
2603.3658365866663,26.055,2594.8572
2556.626555022221,26.082,2531.368
2603.884671111111,26.037,2610.5447
2559.658451626666,26.02,2537.5674
2586.152268906666,25.977,2584.0728
2588.546376,26.021,2593.6755
2516.6619134222224,25.993,2492.8271
2428.9057528444446,26.03,2403.465
1172.7026378666667,26.072,1633.2546
1431.4591943111109,25.956,1667.9877
1498.8304635199995,26.072,1720.8497
1765.953723306667,26.001,1941.4487
1820.42133648,26.126,1940.344
2141.799095146666,26.073,2147.501
2479.215176826667,26.133,2361.0337
2312.343996444444,26.138,2248.1226
2019.5858310666663,26.172,2000.2606
1667.6725115377778,25.971,1741.3892
1612.3276478399998,25.997,1676.0375
1605.075808062222,25.942,1664.2634
1631.985656888889,26.021,1680.3601
1676.0270161600004,25.942,1709.8735
1700.34856,25.901,1730.793
1725.7368211199994,25.822,1750.7219
1745.1800577066665,25.88,1770.3723
1830.746821688889,25.778,1848.8811
1816.985073733333,25.724,1842.0801
1799.601319004444,25.803,1824.823
1774.622690808888,25.805,1802.0791
1740.8728568888882,25.766,1775.6945
1667.7737716266663,25.713,1719.4099
1603.5067506133328,25.568,1683.4202
1577.433856711111,25.713,1642.1863
1542.1130591466667,25.671,1593.9897
1480.2852208711108,25.687,1521.2117
1495.5131452800003,25.71,1519.1133
1498.8825398044448,25.723,1509.8381
1379.5679517333333,25.771,1396.763
1466.2347803555556,25.79,1458.3585
1437.5529742933334,25.887,1454.7941
1381.1166512000004,25.753,1409.7747
1499.4770725333333,25.871,1512.354
1454.64345088,25.725,1482.3701
1406.4966703822222,25.891,1437.2864
1496.535797653333,25.94,1512.5305
1543.631385244444,25.873,1572.1815
1502.8087483733334,25.831,1538.158
1484.0338633066665,25.888,1515.3912
1455.9139063466669,25.948,1483.1926
1495.1323439999996,25.766,1514.4851
1399.4916404266662,25.83,1428.1897
1462.7488412444443,25.86,1478.7407
1412.7957954844444,25.847,1435.3855
1455.0112849066666,25.828,1474.9509
1478.111564071111,25.787,1509.9973
1421.6220805955554,25.841,1453.1304
1428.0561519999997,25.877,1452.222
1488.107198266667,25.887,1521.3081
1445.2898599111109,25.873,1486.4346
1462.7437933777776,25.943,1501.9419
1473.9647515022225,25.978,1517.5042
1454.3292499999995,25.923,1496.0355
1454.2525468799995,25.944,1495.0842
1461.3495563022216,25.977,1503.302
1447.60274584,26.021,1486.528
1430.8030764444438,25.957,1461.7272
1423.7780448266665,25.999,1452.1392
1448.1518314666666,26.034,1476.2689
1452.5511165511116,25.95,1483.9692
1417.0832077333332,25.965,1446.1351
1434.5371272266666,25.97,1458.463
1423.5790354488893,25.852,1447.3766
1427.5745121599996,25.887,1451.5642
1458.0737831111112,25.944,1493.6587
1414.0045936177778,26.068,1447.3492
1446.061132017778,26.033,1474.3016
1408.406100764444,26.02,1437.7178
1449.9734883555557,26.041,1476.9065
1409.796945813333,25.923,1438.5957
1383.026456533333,25.937,1410.8507
1422.2822402488891,25.873,1437.8662
1361.7172862222224,25.833,1391.5709
1337.4750666666664,25.881,1364.3202
1368.3236872533332,25.924,1384.734
1396.4071808000003,25.909,1411.6813
1416.6350340266667,25.936,1434.5511
1456.3143646133335,25.95,1484.852
1393.0088218844444,26.006,1425.5696
1488.5078311999998,26.021,1517.8524
1458.937223324444,26.062,1503.43
1378.1927079111108,26.059,1414.5903
1456.0497690666666,26.1,1483.5549
1423.3458810666666,26.093,1455.0558
1456.9770394666668,26.072,1491.7498
1476.5474729777775,26.072,1516.2185
1477.5432918933336,26.114,1520.7793
1451.4253270044444,26.128,1496.5088
1463.4687916266662,26.101,1504.3059
1199.0560371199997,26.1,1277.5117
1220.9121563022225,26.053,1259.7092
1261.4383489066668,26.08,1283.9231
1246.4402252800005,26.08,1279.8899
1320.8926371911111,26.03,1331.5219
1319.41414208,26.022,1340.5621
1312.155650995555,26.042,1338.3823
1343.7346658666672,26.042,1362.3796
1405.2858717333331,26.073,1417.533
1447.8076042222224,26.083,1470.8789
1629.9075683733329,26.105,1660.05
1502.218192222222,26.121,1560.9282
1534.848330133333,26.074,1576.8689
1639.8460760888893,26.106,1680.1619
1681.930621404444,26.086,1737.3192
1727.3263506666667,26.14,1791.041
1795.6385014666662,26.145,1860.3035
1984.187046,26.146,2036.0175
2150.3031714933336,26.182,2174.4355
2456.6755112888886,26.188,2374.407
2365.95805088,26.239,2339.8896
2421.1833086666666,26.238,2395.667
2377.434987662222,26.292,2419.0923
2356.107982719999,26.314,2442.894
2372.8293048,26.268,2489.5417
2375.0333536,26.339,2479.8335
2324.1265905777773,26.248,2497.059
2334.260396586667,26.273,2471.3433
2335.783257031112,26.326,2441.14
2408.64984,26.4,2455.5562
2284.4072566666664,26.416,2509.0273
2375.625983626666,26.361,2449.4385
2331.8000489066667,26.25,2444.2869
2315.825308053333,26.277,2440.1682
2286.9994182933337,26.36,2497.6497
2335.01597664,26.339,2446.0042
2445.2642212266665,26.2,2495.9202
2344.1807867111106,26.141,2447.7205
2285.9403059999995,26.365,2480.2998
2392.1813770311105,26.32,2459.9011
2401.5664289600004,26.41,2460.6702
2346.63206104,26.523,2431.096
2327.806055697777,26.069,2413.8281
4487.26051224,26.268,4366.894
4525.5060367644455,26.051,4207.2725
4334.048945226668,25.988,3888.441
4130.91984568,25.776,3778.2698
4130.91984568,25.776,4002.5303
2780.1312420266663,25.869,2853.746
2838.0922583999995,26.1,3060.2598
3071.543511075555,26.18,3309.7344
3281.458810026666,26.053,3403.5234
3535.1564864888883,26.084,3600.7483
3612.50142032,26.028,3574.1902
3348.7349697422223,26.047,3272.3281
3367.59486624,26.01,3372.9414
3153.320585955554,26.027,3179.8894
3180.891644764444,26.092,3230.585
3255.2632151199987,25.946,3305.8936
3332.840745564444,25.8,3347.311
3632.81316944,25.373,3639.301
3592.7279822222217,25.406,3502.1575
3392.8443092799994,25.493,3332.6467
3049.6962998933336,25.354,3118.371
2808.7225847288887,25.466,2990.704
2808.7225847288887,25.466,2980.2603
3656.064910222223,25.489,3907.3857
3968.1593847466656,25.56,3940.6296
3859.1240173422216,25.689,3691.348
3970.185839466666,25.942,3885.1597
3838.0524414399993,25.71,3747.74
3727.162329457777,25.737,3689.893
3626.9392016355546,25.776,3654.1792
3757.789281742223,25.72,3817.564
3645.156413297778,25.475,3649.0117
3599.9370321599995,25.612,3628.0857
3625.437843822222,25.839,3689.28
3738.944818791111,25.938,3800.775
4217.485055564444,26.08,4193.5063
4356.598251200001,26.361,4252.4233
4231.380824088888,26.03,4128.714
3907.2456656355553,26.298,3854.9075
3696.4162079288894,26.303,3742.2915
3747.991746328889,26.207,3852.8894
3859.10944432,25.817,3911.455
3875.753423999999,25.872,3879.1138
3902.0780486666654,25.822,3895.522
3960.844910666666,25.889,3960.248
3792.29179392,25.881,3775.1694
3791.342898622222,25.917,3833.646
3668.92734376,25.988,3716.4473
3887.620245893333,26.138,3970.5415
3269.818501688889,26.11,3290.098
3514.8681264,26.4,3695.7158
3544.530285226667,26.78,3694.4336
3745.296742133333,26.136,3799.4873
3957.3753250133336,26.416,3952.566
3943.681751786666,25.839,3845.442
3663.073510364444,25.895,3572.9497
3232.8197711200005,25.884,3261.0874
3361.385750364444,26.02,3518.3745
3452.4339840266675,25.752,3559.2302
3504.0609058666664,25.873,3551.6802
3589.9993069511115,25.924,3633.2737
3735.801021404445,26.136,3774.9253
4172.336795199999,26.192,4136.4707
4599.710545440001,25.922,4353.5273
4587.646982506666,26.036,4374.3833
4452.179886,25.83,4339.9893
4381.582925191111,25.913,4336.458
4414.85057664,26.019,4371.2812
4227.393789599999,26.182,4251.585
4185.398815679999,26.236,4236.789
4109.76033792,26.195,4163.438
3809.333652622222,26.203,3860.6138
3692.93154272,26.195,3795.7297
3777.2701881066655,25.804,3875.9094
3841.1724259377775,26.211,3915.3118
3789.7906091733335,26.346,3836.9324
3862.2850589866666,26.149,3900.3687
3919.7869372444447,26.152,3930.7598
3924.4498444,26.37,3930.3528
3864.3672184,26.145,3854.354
3675.702390115556,25.909,3651.292
3710.308710186667,25.961,3758.8123
3676.550231431111,25.976,3721.807
3741.402444,26.179,3808.2354
3733.964808959999,26.179,3781.3389
3726.8503468444446,25.957,3753.125
3764.806904000001,26.032,3799.1953
3760.872057582222,25.956,3782.2534
3885.082005031111,25.783,3900.1206
4193.305738133333,25.704,4144.658
4430.7646522666655,25.761,4286.4834
4318.687752479998,25.815,4212.841
4205.438294399999,25.873,4164.9683
3964.7450939022224,25.962,3980.5332
3903.9681900266655,25.862,3971.8684
3999.70611656,26.047,4076.0764
4508.351603066666,26.049,4365.801
4518.750494853334,26.283,4375.8057
4505.375056000002,26.33,4395.752
4572.552055119999,26.179,4427.5635
4525.457286133334,26.27,4424.122
4505.78993591111,26.35,4425.182
4496.786084666667,26.471,4426.889
4500.870239644444,26.432,4427.869
4465.96409376,26.456,4418.346
4423.177921759999,26.75,4409.135
4434.956845564445,26.394,4405.7812
4446.7973568355565,26.413,4404.8184
4466.8616428800005,26.113,4404.172
4425.383703253332,26.014,4383.7905
4450.803402044444,25.834,4389.246
4480.781206826667,25.948,4400.0967
4394.583202168889,25.962,4367.9756
4208.832091022223,25.909,4246.572
4089.759781920001,26.002,4162.9966
4058.967009253334,25.805,4128.839
4108.67077424,25.873,4159.673
4040.1264250666673,26.064,4089.638
4139.349437173333,26.233,4182.599
4127.0687321333335,26.367,4159.281
4153.001973048888,26.202,4167.16
4354.990668106666,26.184,4305.446
4333.681760959999,26.11,4281.2344
4248.217473911112,25.95,4222.927
4205.556452906667,26.167,4219.202
3868.633964088889,26.188,3901.5464
3500.5166397333337,26.273,3584.6816
3626.281339431112,26.246,3814.5083
3873.3913368000008,26.3,3999.9104
4013.844327075555,26.36,4039.4707
3905.055264124445,26.384,3885.8906
3854.960633564444,26.441,3867.856
3649.6634420977775,26.482,3674.0479
3769.469397777778,26.489,3859.8916
3821.599728746666,26.521,3878.2852
3820.49780216,26.499,3840.7087
3861.794118728888,26.459,3877.296
3797.333172302224,26.537,3805.1416
3348.413017155556,26.606,3361.3428
2941.8257088,26.642,3120.0903
3237.3422718933334,26.7,3477.1367
3717.8115564444456,26.752,3905.9292
3829.05865216,26.803,3823.1548
3738.65354,26.717,3656.6052
3487.3716525866657,26.78,3451.8525
3375.6706296444445,26.78,3434.2446
3299.99860424,26.66,3382.8147
3470.3861506666667,26.739,3580.7004
3604.445516515555,26.691,3665.268
3548.865187013333,26.681,3536.8442
3589.747913875556,26.683,3601.336
3524.695315555555,26.597,3527.5918
3443.9959805866665,26.65,3465.5415
3401.175126773333,26.492,3439.3418
3268.2377450666663,26.541,3314.4568
2990.4375032,26.488,3097.3008
2844.080947271111,26.492,3014.4434
2960.2915968888874,26.455,3070.2407
3001.822465173333,26.443,3046.6436
2770.146636284445,26.461,2862.0366
2674.557007573332,26.427,2763.7104
2579.186628613333,26.456,2597.7996
2376.772911333333,26.5,1868.1156
1481.606201582222,26.407,1939.5924
1488.5359315733328,26.481,1854.3932
1720.5409349333338,26.419,2015.3252
1879.320423475556,26.384,2096.4875
2080.184764746667,26.363,2181.9531
2142.171135146666,26.383,2185.73
1931.05488176,26.412,2022.5105
1652.2245374044442,26.378,1811.1387
1612.1993446933334,26.423,1743.7971
1674.7097639999995,26.296,1774.7324
1676.88130384,26.43,1765.6438
1553.3676778666666,26.26,1634.7695
1599.0086088533335,26.361,1645.4365
1945.0885449600005,26.207,1940.5948
1591.5544782933334,26.178,1652.1025
1594.8596048000004,26.215,1617.1681
1586.469666133333,26.161,1604.5447
1568.068316213333,26.196,1579.5101
1501.0294912355555,26.158,1511.6049
1449.079213653333,26.179,1458.745
1429.9777484977776,26.132,1430.8378
1482.444619048889,26.097,1472.2627
1500.6509443199998,26.127,1509.3191
1423.5083909333334,26.094,1465.5826
1386.15853728,26.029,1418.6265
1421.2806643199997,26.008,1433.3666
1374.2351839377775,26.021,1391.0419
1274.2336463999998,25.976,1299.3605
1434.15542816,25.888,1410.165
1383.3877487111113,26.1,1399.9574
1417.516810746667,25.986,1428.5599
1420.807136,26.015,1437.6206
1354.6562092266668,25.995,1380.0558
1411.2086996266669,25.927,1417.6862
1477.9041101422226,25.963,1496.1431
1493.7079000711108,25.942,1520.1827
1474.9036675111108,25.95,1500.1993
1502.4341326222225,25.985,1536.7463
1453.389572444444,25.972,1493.7305
1469.380168373333,25.72,1498.563
1467.1302311466663,25.833,1504.327
1462.7151888,25.833,1502.3523
1475.8425206399995,25.848,1515.9446
1468.45692928,25.943,1512.7368
1494.4285141866662,25.944,1533.0115
1477.1915691199997,25.811,1518.4745
1463.4684620888893,25.951,1510.5381
1625.8735718400003,25.839,1661.1323
1103.0010416800003,25.783,1234.011
1230.384054826667,25.917,1260.3407
1199.9961909333335,25.84,1245.7216
1271.2679694222222,25.79,1285.96
1293.8647823999995,25.798,1312.2417
1317.2931018666666,25.763,1333.0582
1287.3087039999998,25.798,1315.4376
1190.5135899999998,25.826,1247.6102
1239.9243795999996,25.688,1262.2484
1287.31388112,25.694,1297.9271
1247.8009158755551,25.631,1276.3234
1284.3861091377776,25.589,1297.364
1337.5279347733328,25.632,1342.8109
1402.3254603733333,25.694,1407.5048
1332.1544614933327,25.681,1359.4459
1327.6192869066665,25.626,1346.0267
1280.45922752,25.59,1307.2172
1313.6825148,25.652,1326.2615
1369.2027776000002,25.578,1372.4528
1341.0529770933335,25.57,1358.5969
1292.846800613333,25.534,1318.1198
1327.4406518133333,25.523,1336.5471
1317.6958366222218,25.494,1332.2701
1337.1119346666665,25.453,1357.4949
1308.2136211199995,25.472,1335.8226
1288.9273400000002,25.419,1316.5618
1290.3789946666668,25.536,1315.2145
1347.5598728533328,25.466,1356.39
1270.1551133599996,25.529,1306.6622
1310.0286919111109,25.55,1328.0503
1311.143708017778,25.486,1333.082
1293.336142088889,25.467,1319.44
1246.2481338666669,25.48,1283.1932
1364.0654722844447,25.417,1363.7863
1213.9316285866666,25.439,1268.1145
1370.7316826755552,25.464,1364.3232
1350.621756231111,25.48,1367.6858
1343.4674433333334,25.499,1364.3064
1330.7811017422218,25.464,1352.7341
1376.8183525600002,25.486,1389.639
1392.503506559999,25.39,1406.6119
1348.9232230400005,25.486,1375.5576
1348.9232230400005,25.486,1369.9939
1476.0388552888887,25.493,1498.0524
1604.027858133333,25.452,1637.1697
1602.46739312,25.445,1654.2583
1637.753167688889,25.451,1689.6621
1679.237852942222,25.493,1737.2737
1771.943064266666,25.494,1836.332
1825.10692352,25.507,1895.6523
1888.9429230933329,25.52,1954.7947
2013.17748224,25.516,2062.532
2100.726054977777,25.502,2133.048
2108.42581112,25.528,2137.4622
2093.2424500000006,25.513,2123.9128
2041.63339656,25.617,2084.0154
2006.7409037866664,25.756,2057.4934
2024.7152356266668,25.783,2078.7534
1986.0819872000004,25.657,2045.0841
2040.280328417777,25.699,2091.673
1794.7124537333332,25.804,1894.9827
1583.1823230222224,25.832,1688.185
1676.3898535555554,25.764,1752.7361
1726.9551374222222,25.97,1820.319
1889.8556053333327,25.598,1975.8984
2119.6872907466663,25.845,2170.8452
2445.8252086400003,25.764,2368.0476
2309.129573173334,25.937,2301.3806
2395.322179466667,25.976,2366.6885
2222.0273354844444,25.832,2265.3
2284.8660559288883,25.607,2342.275
2435.4879427466667,25.489,2472.0994
2388.9540540444445,25.196,2481.8875
2490.0306101866663,25.62,2482.182
2508.319397919999,25.302,2506.5024
2400.10469952,25.307,2452.3975
2423.888720666667,25.487,2466.1875
2485.13950336,25.568,2518.6316
2485.13950336,25.568,2518.3818
2488.423460266666,25.328,2520.9111
2382.2109076444435,25.32,2457.753
2441.7330690666668,25.576,2498.3015
2473.914203022222,25.518,2537.3677
2435.461889466667,25.315,2493.378
2526.144550453334,25.12,2586.6587
2425.35609184,24.957,2487.1272
2530.9708373155554,24.866,2581.66
2510.978665315556,25.174,2561.2585
3852.174583786667,25.223,4134.6543
4525.679164035554,24.925,4329.986
4547.071327795556,25.09,4192.3926
3776.452408088888,24.874,3347.4062
3166.730297902222,24.954,3095.8232
2640.106667164445,24.956,2855.069
2716.9174470400003,25.058,2954.7031
2817.486591857777,24.853,2980.193
2861.063738364444,25.264,2950.771
2969.055324551112,25.211,2992.4866
2915.17219728,25.136,2931.4182
2958.9165952711105,25.387,2973.7803
3288.0691736622225,25.4,3360.83
3604.349065582222,25.429,3665.4575
3404.2680961599995,25.113,3280.8472
2777.5044509866666,25.179,2896.6812
2866.6080705777786,25.337,2989.895
3013.612142622222,25.118,3110.748
3002.3931104888884,25.058,3014.8054
2976.2309199999995,25.09,2984.297
2981.2144278222218,24.964,3002.7358
2956.2178671822207,25.317,2996.5637
2979.5331400533328,24.871,3008.939
2965.663895244444,25.034,2992.6177
3175.9340411733338,24.954,3190.7173
3268.4077935466667,24.703,3249.314
3175.9942033600005,24.926,3134.7703
2725.2784504266674,24.931,2806.6875
2916.107360284444,24.738,2985.131
2925.794394577777,24.8,2964.2668
3012.86258624,24.89,3010.8162
2940.2577610666663,24.45,2926.825
2940.028486613334,24.234,2928.9043
2988.3993551288886,24.048,2977.927
2964.820370524444,24.265,2960.9944
3003.955705271112,24.332,3001.0305
3037.837512666667,24.585,3036.726
3108.436317955555,24.721,3114.429
3026.569464408888,24.984,3035.8293
3084.5047861511107,24.889,3106.1204
3106.0965752800003,24.778,3119.0269
3076.4412505777777,24.885,3085.5537
3089.0412427911115,24.884,3111.4004
2659.7837102222225,24.969,2736.6538
2915.7718,24.837,2985.3992
2829.8874757155563,24.763,2874.5496
3088.23592,24.982,3105.5037
2956.4034516800007,24.622,2943.5452
2903.720935333333,25.124,2921.2578
3004.429055431111,25.028,3035.5718
2917.375729066667,25.122,2944.8848
3169.780550808888,25.018,3206.1592
3239.0115332800005,25.014,3237.858
3065.847379555555,24.956,3041.1318
2727.3088630933325,25.26,2815.0938
2860.5132053333336,24.673,2938.555
2952.3315536444447,24.684,2985.3408
2798.726795662222,24.807,2826.0771
2823.6808727111115,25.138,2861.4087
2797.3199232,24.692,2829.162
2740.090109235555,24.753,2770.7454
2709.096910062223,24.69,2739.9468
2645.987605333334,24.713,2652.373
2664.0439466666667,25.302,2697.8706
2599.7758869688896,25.38,2590.6482
2665.9783287644445,25.227,2684.2478
2870.481029102222,25.363,2880.8877
2782.10665216,25.556,2794.7676
2671.890185262223,25.677,2686.7563
2826.058919786666,25.342,2853.6484
2781.8717744000005,25.256,2802.076
2645.9188448888885,25.418,2647.3044
2644.983103155556,25.4,2670.4585
2678.8566581333343,25.284,2719.9734
2577.5335553333334,25.345,2540.0227
2601.49916344,25.325,2595.0881
2583.6193088,25.443,2576.6582
2772.6968255111115,25.777,2817.4207
2753.4747472000004,25.835,2788.6853
2832.3493697777785,25.901,2854.5369
2772.279821653333,25.817,2801.275
2813.1276058666667,25.835,2844.903
2805.60557888,26.008,2847.559
2803.6996755999994,25.884,2839.499
3316.370866631111,25.968,3511.5671
3814.8168910933327,26.018,3872.4658
3778.79466247111,25.864,3597.1016
3559.9721600000003,26.085,3412.9841
3286.2377412622227,26.074,3272.581
3112.5529993599994,26.098,3200.5608
3256.4068963555555,26.097,3375.5276
3354.1784866844446,26.171,3436.901
3560.6020126577782,26.345,3635.2224
3786.910115964445,26.289,3808.2515
3755.924945635556,26.257,3683.9167
3652.0729408177767,26.24,3588.5913
3486.27977632,26.243,3474.7307
3334.8328002666663,26.394,3390.952
3446.096101555556,26.363,3550.7437
3464.4419016533325,26.541,3536.6199
3508.7722923377783,26.519,3553.757
3456.643375004444,26.299,3462.6501
3503.10274392,26.217,3516.837
3333.857636266667,26.391,3350.2007
3434.6619942044445,26.429,3503.695
3406.296734213334,26.414,3449.4402
3339.426410168888,26.487,3375.7358
3361.089476106666,26.27,3405.8206
3387.8051782755547,26.265,3424.3276
3382.7592760266666,25.958,3385.6958
3333.988561742222,25.323,3299.341
2955.1633486222213,25.006,3006.136
2856.5741808888883,25.049,2964.0164
2969.597722773334,25.095,3027.3943
2710.029625404444,25.144,2778.5688
2802.822687075555,25.327,2830.503
2750.3228138400004,25.677,2776.428
2942.284860888889,25.786,2943.8313
2808.2129795911105,25.865,2805.1733
2845.535580586667,25.972,2846.8123
2931.2630239288887,26.103,2941.738
2811.71198144,26.254,2830.3682
2883.8870893511103,26.287,2904.7847
2910.6028544000005,26.344,2933.2842
2763.220602239999,26.31,2795.5073
2728.5829097066667,26.34,2774.7344
2428.730438746666,26.421,2286.2039
1222.9422534044445,26.455,1747.6522
1342.7160447999995,26.459,1664.2761
1653.3729753955552,26.461,1948.6902
1866.9364392,26.47,2096.6091
2293.960134151111,26.461,2316.5708
2385.6588858666664,26.476,2326.9438
2303.36776,26.442,2273.1191
2380.46987456,26.443,2328.0667
2441.543590666667,26.423,2363.4766
2429.36117056,26.382,2423.5466
2350.637808151112,26.476,2352.504
2343.716284,26.386,2387.0273
2371.4534543022223,26.46,2413.8804
2341.373950435556,26.41,2392.0005
2326.800184133333,26.322,2383.9695
2365.8215803200005,26.36,2407.6995
2371.1872425066667,26.319,2412.601
2240.0887654399994,26.348,2356.7153
2099.902193066666,26.357,2148.7893
1994.499206471112,26.362,2027.1267
1841.7399690666664,26.322,1901.5157
1686.1267633333332,26.364,1778.745
1806.5639003022216,26.291,1886.8833
1684.8696139733331,26.252,1822.0137
1671.9798474311106,26.11,1778.715
1634.2070442666668,26.022,1718.7722
1602.6106477333335,26.042,1668.1506
1571.0558905688893,26.021,1618.1753
1604.5600092444445,25.998,1637.7535
1542.4891607288891,25.921,1581.4119
1649.1887841600003,25.849,1666.2107
1622.2631023822223,25.873,1649.1306
1620.0983792,25.738,1640.1589
1599.9562034666671,25.649,1620.5625
1594.1979919199994,25.702,1613.2764
1526.673231466667,25.704,1547.9037
1508.7453050666663,25.635,1521.1589
1448.4892804800002,25.676,1464.0873
1513.0917034133336,25.667,1509.5785
1474.7002891377776,25.598,1480.6973
1477.9587680000002,25.544,1482.3245
1544.357206755556,25.612,1554.7397
1450.2404256,25.581,1475.6628
1513.583816266667,25.303,1527.072
1459.733,25.376,1488.4487
1446.03293616,25.256,1460.8889
1423.469335466666,25.247,1440.4996
1424.0548006666668,25.26,1438.2161
1315.8826615466664,25.278,1347.3087
1369.2754610577776,25.315,1375.6559
1334.8215632711106,25.323,1352.5839
1327.051099733333,25.374,1342.3125
1344.1172173066666,25.35,1353.7178
1308.7871985066663,25.363,1325.5366
1386.995383911111,25.333,1384.1805
1387.3475631466663,25.276,1395.2145
1352.396086604444,25.185,1366.8918
1369.124299866667,25.197,1377.2523
1400.6474633244447,25.243,1408.6139
1359.0282346666668,25.31,1380.2921
1388.5753685066668,25.281,1399.2894
1432.5681459911111,25.3,1442.148
1389.8175896888886,25.318,1411.8492
1312.34975224,25.279,1340.937
1387.8639895999995,25.169,1387.0404
1368.3559586666663,25.234,1384.5339
1378.714448888889,25.21,1390.2582
1426.7082947466672,25.268,1436.5265
1460.539575733333,25.291,1491.2891
1547.250003484444,25.283,1578.1748
1476.483337706667,25.317,1527.0995
1507.6004465777776,25.399,1550.9355
1512.007746533333,25.435,1557.1165
1386.053092177778,25.453,1431.9421
1184.2635963022217,25.455,1258.6973
1323.7871340088886,25.459,1326.6526
1295.75289064,25.51,1321.4352
1364.9105887999997,25.522,1373.07
1406.8660531199998,25.533,1419.4601
1365.4663909422216,25.577,1393.6987
1415.504435324444,25.59,1430.5854
1416.4976191022224,25.594,1438.0278
1421.7960940088888,25.603,1445.4008
1419.861048177777,25.66,1445.3503
1414.7063320888883,25.669,1439.097
1456.29350592,25.672,1491.2576
1408.1588892088887,25.723,1442.9304
1458.2706487466664,25.711,1493.0718
1448.16018752,25.76,1491.8665
1447.5634074133332,25.757,1489.3967
1449.9588396444442,25.763,1490.0272
1473.4833515377777,25.778,1510.9867
1481.56644512,25.785,1519.7902
1484.8723226933328,25.798,1526.29
1444.7850965333337,25.84,1490.1646
1505.8583631644449,25.82,1539.9855
1483.8279115111118,25.833,1533.4508
1436.3533426666663,25.861,1493.347
1468.1683636444443,25.902,1512.5562
1471.5930413333333,25.895,1518.926
1446.4066087111105,25.895,1493.5043
1462.5422874311112,25.916,1505.073
1465.8679267911114,25.757,1507.78
1492.7684053333337,25.873,1535.575
1466.3867659733332,25.798,1513.1428
1478.5795100444443,25.716,1520.0385
1450.2452813333334,25.73,1495.3699
1444.7875535111114,25.562,1476.7742
1418.834816302222,25.756,1450.2478
1432.2748550399997,25.749,1457.4972
1420.4058847466663,25.818,1447.1361
1414.874789937778,25.757,1438.8019
1443.027647111111,25.692,1463.8358
1184.6508392888888,25.735,1262.7384
1535.7426956622226,25.812,1529.2603
1459.1539031466664,25.778,1502.3928
1593.1500862400003,25.79,1625.5652
1646.2800182399997,25.887,1698.3359
1686.3664048355556,25.867,1741.4841
1735.4890969066666,25.816,1794.7792
1824.5191573777768,25.774,1887.6824
2006.43684056,25.77,2053.5884
2228.206131555556,25.878,2234.0188
2339.2553043200005,25.888,2310.336
2219.3887055377777,25.757,2224.4185
1907.69276096,25.869,1961.1588
1715.0627268622222,25.777,1794.7043
1751.3590168,25.811,1827.5635
1886.309406222222,25.825,1963.9235
2011.7756401777776,25.831,2078.52
2220.268952177777,25.983,2247.8489
2473.880224533333,26.046,2395.7917
2428.655312284444,26.077,2386.9463
2462.7000999822217,26.143,2446.3188
2431.214017093333,26.276,2468.6987
1969.535744,26.267,2054.4124
1636.27811584,26.245,1776.9915
1640.4583502933333,26.251,1752.2339
1752.0441258399994,26.186,1860.9968
1986.728631146667,25.909,2065.8975
2263.4299763111107,25.882,2292.9429
2380.37628816,25.577,2353.9038
2341.385147733333,25.871,2333.8962
2508.174813511111,25.84,2442.5886
2367.518395955555,25.88,2417.6423
2430.231210844444,25.891,2453.4246
2439.8719934044443,25.396,2469.5737
2352.26609856,25.798,2449.762
2427.5990773333333,25.623,2485.7634
2374.2412332800004,25.576,2459.7183
2491.5445020800003,25.768,2557.939
2391.380342888889,25.753,2468.3914
2452.35635512,25.828,2507.683
2446.551182693333,25.8,2497.85
2425.8932652,25.813,2475.666
2401.6345419733334,26.024,2464.545
2409.046636088889,25.903,2466.8552
2301.5671725688885,26.006,2440.7507
4508.9887696000005,25.857,4402.4907
4576.6317397955545,25.77,4299.2676
4398.845730239999,25.951,4031.164
3574.8772445155555,26.179,3241.7852
3132.891686737777,25.934,3123.6465
2758.6282150044444,25.994,2955.1033
2864.5201005866675,26.016,3068.225
3014.22456704,26.251,3143.0378
3080.2126416,26.168,3113.8518
3620.663661191112,26.361,3793.3416
3521.89456583111,26.361,3453.5693
3141.050501813332,26.026,3102.5342
2598.9556569599995,26.133,2772.3699
2942.09979224,25.907,3079.8398
3022.2842552888883,25.583,3050.1118
3435.93446416,25.756,3522.5513
3845.189805848889,25.861,3857.6
3659.791591235556,25.956,3504.4111
3239.045495466666,25.506,3183.429
3069.506091946666,25.928,3177.7505
3077.177752373333,25.943,3211.042
3229.733428586667,25.846,3332.047
3336.590565253333,25.531,3373.5986
3355.248224533333,25.47,3355.4658
3240.7243635200007,25.588,3248.0474
3170.0323200000007,25.388,3204.1782
3042.602502008888,25.532,3105.0835
3232.247678399999,25.666,3311.0945
3434.984480106667,25.749,3512.0537
3456.565639022222,25.376,3426.064
3195.6585341777773,25.595,3176.0034
3172.821956266667,25.307,3217.6724
3184.882969066667,25.19,3235.7703
3194.999872,25.161,3223.3347
3253.614397884445,25.125,3273.0222
3314.4245489777777,25.134,3333.02
3250.163169697778,25.507,3276.3828
3255.0576033422217,24.957,3275.2327
3276.4656279999995,25.026,3299.0
3299.956082222221,24.932,3314.831
3304.579159555555,24.92,3316.0432
3290.5031338666663,24.356,3280.7986
3191.1139462222227,24.789,3207.7544
2695.4682965333345,25.211,2867.7268
2842.96740768,25.298,2967.1772
3287.2264151466666,24.915,3444.1196
3658.575260311111,24.953,3705.4746
3686.068649511111,25.152,3592.6594
3050.1573849600004,24.368,3032.7212
2732.0829712,24.775,2910.502
2926.878550577778,24.842,3067.7354
2833.73272512,24.783,2917.7268
3175.219123519999,24.853,3229.6843
3236.864999884445,24.884,3235.171
3318.849724319999,24.927,3304.4487
3281.891578133333,24.35,3244.1926
3269.660335199999,24.456,3252.2815
3198.369373653334,24.512,3205.3176
2855.368870266668,24.487,2948.6536
2946.7548894666666,24.358,3019.1748
2995.3541952,24.985,3052.9788
3016.797719111111,24.433,3020.4934
3055.147406684444,24.468,3043.294
2959.370172,24.796,2970.3127
2772.6604261422217,24.595,2819.0645
2837.215423582223,24.584,2876.6829
2739.857165617778,24.888,2789.5527
2785.0949892266667,24.786,2817.2666
2656.0154655288884,24.783,2648.817
2706.981904,25.07,2737.1833
2726.2540895199986,24.968,2754.2004
2796.6761368,25.203,2813.6865
2841.7903499733325,25.188,2845.9375
2712.270896835556,25.26,2725.3796
2758.5638352000005,25.177,2790.8108
2856.358728391111,25.23,2879.3757
2797.384931804444,25.349,2821.7136
2867.481892977777,24.952,2876.4844
2801.254147804445,24.908,2819.7202
2814.4212349422214,24.84,2835.7998
2831.201150702222,25.212,2864.0034
2800.6284824888903,25.173,2835.4497
2888.841001653334,25.141,2916.945
2793.961887831111,24.973,2820.8464
2836.9284590577777,24.917,2861.1602
2768.1468263822217,24.989,2804.7817
2901.899270293333,25.179,2929.3796
3430.821260515555,24.982,3592.9116
3957.7777057777776,25.223,3970.4214
3862.1005585866656,25.125,3651.979
3716.785564444444,25.305,3566.6152
3470.1931440000003,25.076,3417.5486
3242.7398410222213,24.832,3280.6113
3085.873450862223,25.111,3199.2998
3080.210559573333,25.198,3208.2444
3110.0372183022228,25.183,3206.6472
3596.697657173333,25.132,3734.3496
3827.741889066666,25.111,3815.3672
3752.6086672444458,25.134,3637.1982
3423.0046733333324,24.884,3357.5515
3329.4346291199995,24.92,3376.077
3334.146758506667,25.118,3426.2344
3294.1331473599985,24.967,3360.978
3394.540263226665,25.06,3465.8286
3345.2218548266665,25.265,3395.3486
3279.1978524977776,25.565,3346.5356
3325.776494293333,25.728,3412.4023
3376.2080207555546,26.171,3472.6738
3429.0825807733327,26.538,3530.3416
3889.971570133334,26.579,3962.417
3820.240723102222,26.644,3756.5222
3858.663034746666,26.62,3794.797
3821.813850284445,26.644,3773.2227
3455.601954115556,26.637,3432.8494
3341.5678537777776,26.69,3426.426
3477.214187395556,26.688,3600.1243
3410.787822933333,26.775,3471.9316
3235.5413945155547,26.51,3278.6782
3235.5413945155547,26.51,3308.5132
3024.52334688,26.567,3128.8916
2984.0206318044447,26.642,3100.7407
3021.3875340888885,26.556,3109.3013
2988.0369404266667,26.619,3047.7834
3118.929756808889,26.636,3152.2988
3175.985467697778,26.664,3194.2114
3170.012368408889,26.596,3163.2056
3010.5891481955555,26.74,3032.272
2886.960156053334,26.756,2965.395
2881.3347819999994,26.77,2965.876
2953.027825048889,26.706,3007.7324
2675.0930851911107,26.636,2747.553
2613.092394453333,26.694,2627.3499
2685.811774177777,26.626,2730.1902
2817.991746488889,26.541,2830.4495
2726.5168009955555,26.56,2707.6982
2610.184886133334,26.577,2528.6306
2668.7392870933336,26.538,2662.8225
2712.1317352444435,26.522,2716.725
2717.014973920001,26.54,2709.856
2627.556797297778,26.562,2580.6301
2689.764172266667,26.514,2695.8774
2538.178666915555,26.523,2471.6228
2656.925995875556,26.523,2667.768
2529.5543046222224,26.538,2475.3367
2596.403679146667,26.555,2575.5278
2562.462734275555,26.555,2528.4895
2477.66541888,26.391,2409.3157
1085.8840122666668,26.401,1596.0586
1344.3790240088886,26.473,1600.1771
1391.6324858133337,26.391,1611.6016
1625.6066672000004,26.367,1830.77
1798.8999787733335,26.376,1945.6864
2067.125242,26.344,2097.395
2420.7115409866674,26.319,2330.0947
2256.1958500622222,26.267,2199.6206
2043.4574766577773,26.358,2019.7133
1771.6122351199997,26.267,1820.1439
1593.0437864355554,26.316,1671.8677
1566.554899413333,26.284,1628.8519
1585.2853190044443,26.179,1628.9976
1564.52332696,26.171,1601.4633
1594.1993566488893,26.09,1615.6116
1694.3979414755556,25.985,1707.7815
1819.4144634933327,25.91,1833.8826
2206.955890284444,25.885,2177.5737
2453.114628533333,25.914,2337.0234
2402.048036195555,25.801,2317.504
2011.2053139199995,25.825,1993.0725
1763.2283271111112,25.856,1792.3525
1655.20382208,25.783,1716.5042
1680.7460763199997,25.791,1780.2942
1779.2456610133331,25.776,1874.7148
1676.5831594844442,25.788,1771.6936
1749.6218170666668,25.834,1821.271
1613.805032071111,25.788,1675.9198
1543.4970654133328,25.807,1579.0891
1577.7681919999995,25.772,1591.6277
1573.411921493333,25.736,1598.2642
1590.2777348266663,25.765,1626.3958
1581.5300206044442,25.757,1629.8281
1528.240092773333,25.661,1576.1565
1507.9282633066666,25.726,1550.6445
1516.7569949155552,25.715,1553.8958
1557.4510875999997,25.732,1594.3752
1509.9359262222224,25.69,1551.1646
1571.1481856,25.693,1599.8433
1584.4711161599998,25.683,1612.3129
1503.3366469333334,25.747,1525.0018
1538.8779134222218,25.705,1539.8687
1576.9519571999997,25.682,1588.4114
1493.1714195555553,25.602,1527.3224
1470.175246382222,25.581,1501.8906
1545.1531580977774,25.431,1573.8484
1506.3294973866666,25.48,1546.7458
1487.9484204444443,25.506,1522.4141
1536.5756320888888,25.459,1568.2112
1512.4832625599995,25.507,1551.7299
1521.8641166666666,25.55,1563.2472
1483.8800506755558,25.525,1529.2172
1460.0459328000002,25.431,1495.5037
1515.5240718222217,25.453,1548.426
1480.3804072177772,25.467,1522.1565
1543.8898313599996,25.481,1579.2571
1490.7986311111108,25.49,1539.7222
1542.9551026933334,25.498,1582.466
1512.705452533333,25.505,1559.9651
1436.5601840977777,25.562,1480.7668
1483.826974133333,25.545,1517.4807
1469.5946008177773,25.574,1507.739
1412.462256675556,25.604,1442.8253
1599.004490213333,25.657,1626.436
1559.7475071199997,25.614,1609.5652
1540.6299015999996,25.653,1588.3829
1532.8992597333336,25.687,1581.9055
1566.273065431111,25.711,1612.3552
1520.533409351111,25.768,1572.4545
1568.5861737688892,25.757,1612.8734
1581.9068453066668,25.776,1632.3787
1591.0572267466662,25.802,1642.362
1533.1290675022224,25.763,1588.2527
1532.374143031111,25.8,1581.2278
1484.459572551111,25.815,1537.859
1495.767900106667,25.816,1541.6084
1546.268060088889,25.806,1588.2029
1519.1640366577776,25.806,1570.1993
1536.1525312,25.788,1581.2849
1531.9317018844442,25.808,1580.9858
1524.6978527733334,25.744,1571.1141
1506.4546600266665,25.752,1555.4263
1551.089541288889,25.718,1596.1484
1480.7756755555556,25.796,1536.7234
1521.5461930577778,25.738,1564.6953
1478.791506471111,25.843,1531.224
1482.4096961955554,25.854,1522.3445
1579.1370896,25.906,1616.9705
1560.1831758577775,25.966,1612.1189
1566.6276771911114,26.065,1617.2712
1528.3616992000004,26.073,1580.1672
1576.5902958933334,26.109,1622.0603
1547.987346008889,26.179,1599.5511
1550.4422347733334,26.166,1597.1736
1562.807330595556,26.18,1609.5095
1542.6783107555557,26.138,1593.2563
1607.3967531111111,26.159,1654.5154
1604.0203591111112,26.166,1660.7007
1610.458374488889,26.159,1666.0491
1645.8698380266662,26.194,1701.5796
1697.9594553599998,26.25,1759.946
1578.6887482133332,26.215,1646.12
1848.349216,26.277,1907.1411
1643.8891529599998,26.193,1726.6091
1747.1081587911108,26.179,1807.479
2162.7820673066667,26.186,2190.8818
2405.431979288889,26.234,2350.1042
2362.7231787999995,26.242,2329.2014
2341.3057628977776,26.166,2331.4543
2394.4785744,26.229,2404.0132
2397.9965706666667,26.31,2448.96
2436.6037262222217,26.312,2476.9426
2363.3163409777776,26.305,2497.4558
2453.651737848889,26.331,2458.5437
2411.717219555556,26.399,2451.9756
2344.131788053334,26.307,2441.6536
2484.479980657778,26.211,2500.1196
2420.0844515555555,26.312,2465.9966
2363.357167564445,26.376,2449.9382
4376.234676106666,26.328,4383.504
4372.887332666666,26.244,4182.362
4310.111888133332,26.249,4004.4878
3349.9907578666666,26.097,3022.8445
2501.575739164445,26.331,2591.4673
2439.187808933333,26.116,2603.1375
2703.131202666666,26.174,2930.6465
3079.086380453334,26.189,3159.7114
3644.167159519999,26.069,3795.7085
4167.205961866667,26.118,4087.8542
3626.719643306667,26.134,3344.9832
3206.416784,26.192,3160.5967
2882.199520568889,25.874,3036.7388
3033.3861152,25.837,3150.5928
3310.9699334222223,25.77,3419.6506
3764.436121600001,25.788,3836.79
3974.942585706666,25.837,3891.9934
3810.0129080000006,26.027,3662.6484
3557.9264150933336,25.897,3480.2317
3490.8871476266663,25.798,3512.629
3582.1642761333333,25.978,3663.4392
3732.788425466667,25.688,3774.6768
3861.139208391111,26.076,3872.4253
3789.945766737777,26.238,3781.3462
3825.028519253332,26.319,3846.861
3986.836286471112,26.441,4015.647
4413.284529279999,26.343,4322.6206
4281.640666026668,26.401,4189.862
4013.692697777778,26.464,3958.2297
3982.39520016,26.454,4016.5652
3952.349436071111,26.261,3986.353
3909.6755491200006,26.376,3950.8462
3837.613822,26.238,3873.6328
3922.048586453333,26.449,3982.555
3915.0903939466666,26.449,3948.7314
3902.442097084444,26.356,3920.8398
4121.861324933333,26.125,4118.007
4360.867463182222,25.712,4257.854
4292.533330000001,26.135,4215.271
4256.437775146666,25.973,4217.1826
3786.955812257778,26.1,3769.3782
3605.34871552,25.926,3696.2373
3803.919661333334,26.105,3960.0916
4005.238446844444,26.366,4085.766
3952.543646773334,25.972,3947.6978
3971.903790933333,25.975,3968.0288
3905.912104266666,25.85,3898.7844
4000.16145975111,26.408,4047.3032
3963.764215973334,25.99,3975.0532
3919.722971982224,25.662,3910.3853
4009.061997991111,25.771,4015.7087
4051.116160622223,26.19,4067.7422
4216.099469146667,26.002,4195.7305
4182.102157013333,25.828,4136.2764
4183.778360817778,25.758,4146.6904
4018.306587644445,25.905,4015.5054
3966.3754686666657,25.927,4011.1125
3997.1073071200008,25.926,4049.5457
4414.20808976,25.782,4323.8164
3911.769125911111,25.767,3843.9287
3574.3601147377776,25.665,3599.1084
3240.87552704,25.937,3383.951
3293.398936026666,25.685,3480.4294
3974.6858257066674,25.829,4097.4346
4495.573842106665,25.78,4294.492
4424.341023600001,25.889,4236.0522
4083.3723837777775,25.943,3971.8528
4235.757453742222,25.737,4217.2217
4191.270801600001,25.866,4175.3486
4201.5543016,25.91,4195.291
4091.9616578666673,25.817,4092.3447
4119.228783866667,25.762,4132.947
4048.155600213335,25.308,4038.8315
3742.899255822222,24.935,3720.3823
3739.715719440001,24.988,3816.007
3789.223060115555,24.278,3837.9207
3375.5146581333333,25.498,3448.0422
3199.1198068622225,25.27,3340.512
3442.9844509866666,25.484,3645.976
4108.734094400001,25.483,4142.157
4342.5879688800005,25.478,4187.572
4161.0841048,25.453,4002.4287
3914.695695022224,25.568,3841.901
3362.466701813333,25.663,3386.3247
3182.595331786667,25.595,3343.452
3271.9623952888887,25.808,3467.0005
3229.624702079999,25.596,3338.459
3402.8151862222226,25.635,3497.448
3353.3957098666674,25.67,3383.172
3344.164427484445,25.558,3361.5764
3353.90618368,25.44,3371.3162
3343.039154951111,25.648,3366.647
3138.3090945066665,25.583,3173.2637
3088.428437600001,25.607,3153.8901
3153.690710444445,25.707,3228.507
3153.690710444445,25.707,3197.7327
3476.575529208889,25.798,3572.149
3835.7677350666654,25.879,3860.4226
3690.319356142222,25.93,3587.4219
3396.147833511111,25.819,3341.5322
3032.189336462221,25.95,3135.757
3045.5456539733327,25.97,3204.412
3247.888333155556,26.115,3406.1013
3864.56795232,26.0,3964.3982
4093.355145040001,25.964,3986.566
3890.7772632177775,26.108,3715.5132
3244.1451053866667,26.02,3216.0781
3029.604029920001,25.943,3186.8633
3031.795404906667,25.391,3194.7378
3962.976639315557,24.858,4059.4868
4350.209835333334,24.716,4149.0127
4457.865261546666,24.633,4170.8184
3832.5209088,24.934,3634.8936
3445.066381004444,25.108,3481.7134
3426.935422071112,25.215,3593.271
3864.521355911112,24.555,3993.3364
4271.0692944,23.989,4159.518
4165.887370595556,24.077,4001.4702
3521.6297991111114,23.845,3463.871
3094.5946076,23.815,3239.0667
2985.9128155999992,24.008,3210.9263
3644.366398293334,23.785,3886.189
4038.558379520001,23.752,4024.6934
3906.1081617777786,23.554,3773.061
3457.5255674311115,24.004,3439.5156
3023.382738613333,23.593,3150.5022
3094.2445103911105,24.822,3306.7915
3934.183075697778,24.264,4073.207
4367.452960106668,23.969,4179.7197
4324.1183732,24.494,4075.691
3793.354046719999,24.496,3658.204
3386.3455844266664,24.554,3451.2249
3483.69821696,24.809,3641.7798
3544.706821991111,25.077,3679.3545
3534.0982789688887,24.929,3601.6616
3684.694803022223,24.97,3729.066
3523.712254293334,24.92,3517.572
3368.6233757688883,24.743,3392.2595
3559.70378816,24.86,3622.9087
3099.9840197955564,24.039,3161.63
2683.993725902223,24.938,2931.434
2933.8292068,25.162,3101.0305
3206.5367497244447,25.22,3315.179
3296.02753312,25.264,3292.6812
3266.49052296,25.33,3238.607
3253.921248791112,25.354,3255.9016
3206.296736764444,25.39,3227.3484
3108.8769087999995,25.32,3146.448
3206.5033627733337,25.405,3253.8748
3161.3499567288886,25.368,3187.9749
3179.178910008888,25.425,3212.5479
3126.325715217777,25.364,3163.2144
3087.717422,25.359,3131.4624
2880.7825384,25.528,2970.7544
2918.885380053332,25.517,3003.6252
3095.299505208888,25.666,3158.7285
3048.8898103288893,25.82,3068.3179
3313.250439644445,25.804,3386.5327
3455.721533244444,25.821,3481.2163
4039.7230848,25.869,4021.8596
4240.650683351111,25.812,4075.2795
3793.7960512,25.867,3576.0518
2159.2676202666667,25.897,2106.1406
1475.8725213866664,26.09,1994.5731
2217.4255849511114,25.985,2115.364
2052.9350250666657,25.96,2200.5625
2476.3029909333336,25.991,2399.4326
2510.03243776,26.048,2451.649
2595.0316654933326,25.919,2561.301
2434.4873950222222,25.903,2387.0303
2402.9081018488887,25.912,2372.568
2415.819461848889,25.75,2389.2605
2545.1999117599994,25.805,2541.8772
2470.582472453332,25.78,2452.48
2401.482236133334,25.618,2387.7305
2294.525085333334,25.54,2329.666
4341.870041137779,25.499,4256.7734
4172.992128231111,25.472,3856.585
3465.8015535644445,25.482,3135.881
2717.843739306666,25.562,2814.4592
2212.0001855999994,25.449,1909.0979
2286.469989653333,25.409,1874.1387
2432.638042986667,25.489,2465.379
2348.438985377778,25.448,2312.5952
2261.378792284444,25.501,2299.0728
1468.7306040000003,25.479,1843.542
1855.2036600000004,25.49,2064.9297
2108.856265475556,25.521,2229.4622
2171.038972853333,25.499,2246.821
2148.84049536,25.498,2190.1992
2193.966751217777,25.498,2201.88
2188.87744896,25.552,2190.0088
2131.988788106666,25.639,2141.576
2113.1584848,25.541,2119.338
2063.305949226666,25.591,2073.608
2072.77116384,25.527,2069.3066
2001.6386575644449,25.518,2012.2142
1984.7546253333333,25.55,1994.2076
1943.7324469333328,25.577,1952.4705
1966.7855532888889,25.623,1940.8362
1926.229598648889,25.614,1910.502
1880.1105502666665,25.553,1888.8687
1863.3670327111115,25.553,1900.7405
1947.770233733333,25.564,1992.9753
1874.116296515556,25.587,1929.4143
1909.091296,25.572,1949.7938
1853.3933843911109,25.61,1909.5945
1937.4154382933327,25.57,1989.6373
1944.5872341599995,25.604,2021.3215
2001.0174823466664,25.574,2051.5671
1892.131803111111,25.566,1951.1211
1939.6114594133328,25.559,1983.3699
1919.509182204445,25.677,1972.7493
1873.8516846666664,25.551,1929.4697
1876.1706420088883,25.544,1931.1807
1857.4445110666663,25.502,1918.1404
1869.278241777777,25.412,1928.8148
1765.0065828266663,25.314,1835.8748
1804.535223822222,25.382,1868.0945
1852.5032900444444,25.355,1919.6509
1810.5262113066667,25.298,1883.3535
1845.235249351112,25.355,1912.7886
1844.866505893333,25.364,1913.1729
1713.2133189333335,25.412,1791.2288
1739.93185536,25.437,1807.2302
1730.9633974044443,25.433,1802.1592
1821.2039130133344,25.469,1888.8542
1800.0584100266665,25.48,1876.0334
1836.6085418666664,25.539,1905.1384
1843.8193175111112,25.607,1913.6233
1843.095772488889,25.575,1907.7513
1811.829490133333,25.594,1878.2048
1778.481934506667,25.632,1844.853
1803.4559282133328,25.653,1870.551
1853.03051672,25.711,1918.4938
1767.0088939555558,25.763,1842.1716
1816.239185351112,25.732,1881.6238
1822.7551742577773,25.782,1892.6489
1816.974755591111,25.742,1886.9039
1828.6497480711107,25.819,1898.8732
1871.2541235111112,25.809,1940.2646
1803.185384684445,25.77,1878.4924
1884.455135573333,25.753,1945.9265
1902.7256182400008,25.764,1967.9767
1827.5597034755551,25.791,1900.7998
1836.013306977777,25.86,1905.3406
1805.89294392,25.876,1884.1646
1918.7486346311111,25.936,1984.0292
1889.699673413333,25.905,1963.0686
1909.38865552,25.888,1972.2861
1878.7563118577773,25.908,1946.6865
1883.13365648,25.911,1947.4314
1798.7259059733328,25.964,1875.1953
1887.5869787733327,25.921,1950.502
1904.833383786667,25.949,1973.364
1884.1201726488885,25.884,1954.3291
1860.6394962666668,25.95,1931.3525
1911.5734560533333,25.948,1973.133
1884.628679715556,26.014,1956.2015
1880.4334588622223,25.981,1948.3905
1880.9955164,25.917,1948.0541
1903.0204416,25.874,1967.3634
1908.2923753244445,25.777,1971.6061
1842.0149828977767,25.638,1912.8784
1873.7131425600005,25.6,1939.7672
1838.71310752,25.735,1912.4467
1792.9659023466668,25.827,1869.742
1954.7165,25.792,2013.0122
2088.803432906666,25.808,2128.204
2156.3542850666668,25.814,2179.222
2222.316720888889,25.808,2227.7988
2458.25787368,25.852,2390.1958
2496.823976746667,25.838,2458.364
2504.228294702222,25.833,2442.291
2489.4067916800004,25.86,2458.488
2461.6348627111106,25.872,2464.4998
2557.70802232,25.963,2556.2725
2500.4487059911107,25.937,2509.8423
2472.8417718133337,25.788,2492.9011
2398.943663404444,25.989,2463.3499
2471.680830017778,26.022,2509.4353
2402.8091822933334,25.925,2465.654
2524.9487580000005,25.664,2559.859
2446.527277813333,25.64,2487.1692
2404.120529555555,25.679,2464.2036
2482.74143832,25.818,2533.5337
2519.123631653334,25.74,2570.3362
2525.168576,25.687,2568.663
2543.5226401600007,25.747,2589.6006
2437.1989669333334,25.83,2483.5427
2469.404551893334,25.822,2512.6826
3943.5172809955534,25.808,4162.4424
4028.8396001422216,25.97,3887.5356
4005.7065628266655,25.77,3670.69
3472.357100977777,25.92,3238.8464
3752.080451955556,25.899,3761.3223
3506.149255466667,25.936,3453.1807
3447.457929813334,26.184,3471.68
3579.663433733333,26.129,3685.3447
3342.869954186666,26.312,3385.2515
3395.29916544,25.993,3460.7705
3321.5091663822213,26.125,3375.0693
3407.06834168,26.034,3457.051
3444.7705038222225,25.998,3468.3706
3516.502764195556,26.369,3558.2222
3520.7627596,26.214,3532.3208
3601.7803442222216,26.166,3611.6616
3502.66114816,25.942,3468.8206
3756.586424604444,26.427,3822.8486
3743.399802746667,26.198,3728.739
3877.308999511111,26.32,3871.5247
3851.850541022223,26.137,3808.8052
4054.6003740266656,26.02,4021.1057
3745.689888853333,26.045,3668.8726
3466.8579888000004,25.963,3478.978
3791.665017724444,26.224,3931.3074
3771.77333728,26.073,3807.9958
3868.9672572,26.072,3882.3525
3813.772607999999,26.031,3803.3494
3346.9579739555543,26.15,3350.5579
3158.3200012533343,26.186,3287.6665
3384.486916835555,26.146,3562.5693
3475.651152453333,26.156,3562.4995
3535.2045978400006,26.18,3562.4585
3994.35562592,26.026,4003.0813
4169.976908799999,25.941,4056.6362
4115.2456258133325,25.965,3982.028
4047.379095093333,25.972,3970.8691
3866.203378444444,25.915,3832.938
3905.333795742221,25.89,3937.001
3858.0575248,25.898,3888.913
3503.148892017777,26.002,3536.2793
3538.89704768,25.948,3665.5508
3610.657882355555,25.831,3716.165
3603.729163102223,25.624,3641.2512
3600.7473527466664,25.932,3647.2666
3948.7691164088887,25.912,3996.396
3989.253067626667,26.034,3954.9866
3673.916367555556,25.694,3585.3774
3639.7465127022215,26.036,3686.0132
3675.981144142222,25.813,3739.337
3661.414746444445,25.55,3679.2812
3653.4759508177785,25.423,3661.401
3625.186191075556,25.399,3641.665
3282.223447128889,25.468,3307.8057
3263.289019200001,25.56,3372.6104
3334.0236045333327,25.92,3472.6436
3605.2864060977777,25.839,3730.9688
3825.854167422222,25.77,3847.9077
3703.148860355555,25.574,3626.7563
3410.745621137777,25.804,3392.4836
3277.871869333333,25.913,3366.5178
3793.2786815466657,25.45,3917.51
3947.660802844444,25.561,3917.5312
3964.9904283733326,25.807,3886.862
3259.669999226666,25.871,3238.7515
2687.6594564,26.008,2946.057
3003.6150202666663,25.929,3271.408
3817.8712335288888,25.762,4010.043
4256.079191466667,25.741,4121.4937
4256.079191466667,25.741,4026.373
3513.76386743111,25.947,3359.7107
3055.155264355556,26.129,3180.1794
2976.556935333332,26.291,3231.0288
3820.5580586666665,26.052,4040.5193
4299.720353306667,26.237,4194.871
4113.2272896,26.31,3932.495
3654.580956195556,26.006,3515.865
3253.507988622221,26.349,3332.5835
3183.4967305599994,26.082,3358.0425
3288.6803824000003,25.764,3415.963
3523.94688752,25.79,3620.0566
3793.2309696,26.031,3826.351
3369.093607546668,26.107,3321.4517
3100.445585777777,26.435,3195.7266
2829.71404336,26.388,3036.1365
3140.113200888889,26.449,3324.2283
3920.9779962311104,26.535,4043.1265
4080.577129066665,26.273,3952.414
3477.1641605333334,26.282,3283.3643
3015.255433404445,25.606,3071.0608
2936.919253431111,25.817,3108.3625
2866.3397360000004,25.786,3036.4956
3370.9172521422224,25.589,3550.7302
3954.433217555555,25.733,3991.6934
3625.333864755556,25.402,3440.3425
3156.756605333333,25.516,3122.5981
2902.857034000001,25.259,3037.5918
2777.8527293333327,25.296,2963.0178
2885.210461831111,25.23,2989.093
3521.190531075556,25.318,3726.3633
3823.614571626666,25.209,3805.5637
3548.6050070400006,25.346,3404.8992
3445.0256755200007,25.133,3403.231
3310.653104391112,25.203,3341.7131
3266.910529920001,25.162,3323.1963
3242.407665777778,25.115,3296.8687
3877.725443271112,25.078,3966.8809
4380.755366168889,24.958,4207.343
4394.122855359999,24.841,4148.1187
3748.184051999999,24.706,3559.1597
3364.797893973332,24.626,3407.4004
3338.366360497778,24.569,3496.5232
3382.001065493333,24.622,3521.1643
3586.160418906666,24.485,3690.8264
3682.14833536,24.859,3728.226
3715.243579164444,26.445,3813.939
3853.1141088,26.792,3964.6367
3965.3305346488887,26.781,4010.539
4594.395306026667,26.856,4402.455
4533.153059875556,26.795,4393.836
4515.669855768888,26.745,4418.641
4435.290230666667,26.758,4405.521
4366.251990533333,26.734,4384.538
4276.180483555555,26.649,4326.1313
3877.2711376,26.321,3858.956
3647.658906879999,26.343,3705.9
3732.1037496,25.888,3834.081
3746.071611208889,25.888,3800.9138
3688.811647448889,25.523,3688.091
3858.5366529333337,25.276,3880.212
3433.242140515555,24.992,3369.6738
3204.406982000001,23.894,3208.112
3178.730999466667,23.746,3223.4595
2922.1658925333336,23.549,3011.0679
2861.8486775555552,23.434,2935.298
3452.9397802666667,23.617,3608.4878
3431.3753392799995,23.53,3363.337
2890.8084586311115,23.626,2870.5327
1218.837880177777,23.706,1845.2747
1576.6643964800005,23.734,1915.744
1958.509975875556,23.641,2210.1914
2366.1628545333338,23.663,2274.6938
2697.374818133332,23.581,2476.2053
2614.677486302222,23.449,2424.2756
2614.902586222221,23.551,2476.6162
2609.224631679999,23.66,2547.2646
2621.27030176,23.507,2621.0015
2568.3986575111107,23.636,2554.2332
2552.169359786667,23.52,2548.9033
2539.0189649600006,23.684,2542.202
2528.8965111200005,23.738,2536.9246
2492.54125488,23.967,2483.2456
2554.485300053333,23.959,2602.3545
2486.603603608888,24.106,2496.3037
2561.2485901777777,24.184,2604.6045
2503.518749795555,24.16,2519.6572
2575.171199146666,24.135,2611.1682
2531.964818737777,24.058,2545.3135
2498.3457286400003,24.18,2493.679
2517.427384266666,24.129,2534.4949
2546.1519068088887,24.094,2585.0771
2520.501901866667,24.203,2563.7969
2471.7770701866666,24.197,2492.701
2532.1615469688886,24.318,2555.2998
2548.2981921777778,24.195,2568.1636
2414.3589038400005,24.11,2424.6685
1598.8577364444443,23.958,1818.9697
1461.5508794311113,23.936,1626.1553
1654.6011929688884,24.122,1752.9048
1822.04264488,24.057,1911.3896
2139.8491863466666,24.178,2184.0164
2435.2636777333337,24.227,2379.9417
2390.6051792088883,24.173,2339.712
1900.6110977511107,23.979,1935.3202
1508.174734275555,24.003,1599.6201
1491.6906584355554,24.003,1535.9033
1571.8359996444449,24.124,1597.949
1557.9000822399998,24.063,1584.6235
1562.367168266667,24.078,1582.2053
1611.6569511288887,24.103,1623.9119
1623.7935270577775,24.163,1640.449
1719.5297895999995,24.225,1738.6792
1715.905500515555,24.25,1743.7241
1732.0952187733333,24.358,1759.302
1910.5799415733327,24.364,1939.8037
1924.1386896,24.45,1962.1714
1740.4483609955553,24.468,1785.376
1582.7386813333328,24.518,1618.406
1555.090380266667,24.441,1581.6621
1917.4969826133336,24.504,1984.0328
2461.293860977777,24.626,2367.4858
2567.033680595556,24.681,2407.478
2412.20459312,24.601,2338.4692
2445.64768792,24.501,2383.4834
2063.11625424,24.569,2091.0955
1710.1249328,24.632,1785.2961
1592.8539097955556,24.522,1673.6631
1544.45118208,24.588,1626.1965
1606.8645938488887,24.652,1675.9698
1623.310727431111,24.645,1692.6002
1561.477986844444,24.65,1629.7812
1566.8796117333334,24.61,1621.8254
1237.558094577778,24.616,1325.7184
1177.63163688,24.537,1233.8357
1170.0644969866669,24.48,1211.9014
1285.882111671111,24.592,1283.679
1285.7680601600002,24.556,1295.627
1395.2048069066664,24.574,1381.0756
1442.7090364799997,24.546,1441.302
1446.04282928,24.424,1457.2355
1472.7768830933337,24.352,1486.7509
1463.6652776533333,24.249,1477.7593
1472.7955281777772,24.274,1473.3103
1486.9557222399997,24.394,1475.9119
1510.4562209599997,24.387,1496.7122
1538.2929617422224,24.43,1533.0791
1578.2080341066664,24.419,1580.8523
1576.963473555556,24.304,1597.7283
1552.255980426667,24.097,1582.3982
1564.6993525333337,24.011,1595.1965
1507.7363873155552,24.083,1546.6755
1501.155770577778,24.07,1529.4314
1529.5755626666669,24.025,1553.2263
1563.23427648,24.044,1592.3564
1528.9523473422228,24.002,1565.6929
1539.5364300444442,23.978,1580.7902
1518.6501207466667,23.975,1564.4341
1533.202299413334,24.039,1576.4365
1512.3538694933331,23.825,1550.287
1555.6939234666668,24.163,1597.6866
1530.4066487911116,24.097,1572.8173
1531.5058156444445,24.003,1566.9048
1524.4860205333334,24.024,1561.4431
1533.834100186666,24.088,1570.1798
1553.9818338133337,24.122,1591.5344
1598.8781817600002,24.161,1639.1521
1612.20647808,24.188,1658.6787
1595.1514145777778,24.325,1645.4379
1624.0284467377776,24.185,1666.738
1232.5995466222223,24.148,1306.7068
1620.0837724088892,24.16,1608.3152
1632.120616,24.112,1677.8818
1664.8317526666667,24.069,1714.9004
1627.2121705955556,24.112,1682.6945
1634.366987697778,24.145,1684.8557
1609.0800670133333,24.197,1659.9915
1612.144150026667,24.272,1660.6775
1607.8263807111111,24.17,1655.4524
1600.938791964444,24.146,1648.3772
1608.1950973866662,24.136,1655.595
1608.5370283466664,24.203,1658.3932
1670.1766923999996,24.125,1720.3081
1558.6711726933336,24.2,1617.113
1614.6210887111115,24.242,1658.3119
1615.321087502222,24.212,1665.4731
1616.5402328888883,24.219,1667.5342
1607.093549244444,24.279,1659.2078
1644.042518444444,24.224,1692.987
1626.5974463999994,24.245,1679.2937
1642.6450861333333,24.321,1694.2799
1651.798986524444,24.264,1704.0056
1698.6430867199997,24.219,1755.269
1602.5511038666664,24.133,1671.0143
1632.2627772,24.076,1677.2537
1670.46877,24.004,1719.7577
1619.6036591555555,23.988,1672.5863
1723.98657728,23.985,1776.3376
1715.3495283644438,23.915,1778.3729
1816.0285699555552,24.093,1884.0925
1847.85636256,24.062,1920.3915
1974.2416226488888,24.117,2033.4778
2330.0042729599995,23.881,2298.5632
2592.6411216,23.995,2443.6938
2617.440490559999,24.043,2478.1528
2533.5822262488887,23.835,2475.445
2549.8886486222227,24.003,2473.4368
2549.8886486222227,24.003,2532.5574
2506.634342008889,24.098,2511.6716
2517.711190817777,24.056,2528.0618
2508.0470786133324,24.077,2525.0032
2458.0270074311115,24.079,2493.823
2100.623622293333,24.155,2286.8284
2219.241092408889,24.15,2406.4355
2374.914398613333,24.078,2450.923
2394.805955626666,24.187,2454.8496
2351.405613706667,24.16,2440.009
2380.269469013333,24.148,2449.0916
2415.965997866667,24.28,2474.6792
2411.2199458844443,24.17,2473.4922
2440.8676900533337,24.152,2499.233
2428.6394967999995,24.217,2489.0627
2487.998659288889,24.222,2550.4739
2533.204919466667,24.302,2596.6724
2565.476416639999,24.151,2624.3774
2567.41152768,24.281,2623.0012
2519.187803022221,24.326,2561.9253
2571.9306993066657,24.342,2629.152
2503.767794186667,24.428,2542.3867
2506.302931804444,24.445,2542.264
2588.313524373333,24.474,2649.858
2527.01438696,24.51,2564.6035
2414.3132634400004,24.391,2449.3357
4274.9822585777765,24.419,4361.3257
3685.6017888,24.374,3410.7812
3294.68852448,24.438,3088.9392
3192.73728192,24.486,3200.3542
3026.469305884445,24.651,3095.5261
3217.0049562311106,24.49,3302.768
3124.5246806400005,24.629,3160.0386
3079.74301184,25.015,3127.2273
3260.4282528444446,24.794,3348.5493
3162.8966626666665,24.67,3184.733
3161.16735088,24.74,3184.919
2948.215220408888,24.787,3016.7556
3124.4862924,24.918,3183.3484
3164.8328484888884,25.229,3207.8132
3295.6289717333334,25.114,3337.3684
3270.1756973511106,24.951,3271.326
3173.943386133333,25.132,3191.2231
3293.7469395644443,24.992,3346.6062
3250.4304830577767,25.176,3284.733
3392.197492995555,25.142,3435.191
3516.498057511112,25.301,3549.1167
3447.751794835556,25.498,3448.8477
3605.661345564444,25.463,3632.0347
3765.437701022222,25.348,3759.5098
3645.4835453333344,25.394,3589.819
3539.928761759999,25.592,3543.6792
3399.8469404799994,25.557,3452.1694
3385.872624355556,25.201,3451.7297
3416.8176888888884,25.333,3481.268
3405.764162737777,24.991,3433.5593
3497.38742352,25.266,3539.5813
3542.023730062223,25.493,3578.9382
3488.0088039822217,25.381,3499.3945
3544.81520848,25.108,3557.3467
3545.8429657777774,25.089,3548.1963
3595.6277784266663,25.202,3611.8901
3458.80645632,25.092,3461.472
3561.3283162488888,25.109,3608.4756
3472.586193777777,25.425,3514.361
3652.987106560001,25.292,3713.2788
3606.536360355555,25.305,3614.6362
3589.6268302844446,25.342,3603.8994
3500.32653952,25.367,3529.9375
3565.889824746666,25.293,3616.395
3509.1980865866667,25.173,3532.5127
3559.982905493333,25.034,3585.6934
3580.459081155554,24.84,3588.4053
3398.5759365600006,25.241,3421.416
3604.577778773334,25.243,3687.84
3558.5835774666657,24.987,3568.7827
3538.267250915554,24.718,3528.522
3448.3846855288884,24.702,3456.022
3436.3228319999994,25.04,3492.0098
3530.833201199999,24.307,3562.6492
3518.622141582221,24.688,3534.1387
3480.679058213334,24.871,3512.3289
3410.3924125333338,25.09,3468.7139
3410.319988746666,24.981,3476.0325
3442.739754631111,24.965,3498.9456
3490.9192548533338,24.781,3522.463
3606.184530453334,24.754,3626.5078
3422.823131786667,24.86,3419.2246
3371.4066343733334,24.967,3421.4084
3400.184118177777,24.944,3468.815
3492.342966346667,24.938,3543.7803
3451.63254,24.46,3445.1807
3396.587273884443,24.887,3417.8948
3267.634656,24.958,3318.818
3170.472447395555,25.132,3254.2236
3026.795604177777,25.096,3126.7542
2975.737754488888,25.106,3072.6711
2870.835707235556,25.171,2970.9106
3130.6163902400003,25.545,3209.5935
3251.818915377777,25.473,3289.613
3270.523651982221,25.744,3271.337
3340.333179359999,25.502,3345.9155
3324.973689031111,25.736,3334.3894
3317.547623911111,25.924,3349.1333
3274.032612159999,25.739,3304.0967
3256.9863239111096,25.713,3295.0042
3116.5436552711103,25.93,3179.387
3261.440186506666,25.383,3318.705
3186.373140062223,25.415,3208.2578
3026.365272088889,25.356,3072.5513
3098.7418265599995,25.411,3154.9622
3145.0490165599995,25.498,3185.8074
3297.300574817778,25.509,3334.3896
3377.770981173334,25.552,3391.6309
3336.9987181688875,25.528,3324.9106
3265.7787167022225,25.511,3274.6128
3279.4699156266665,25.518,3319.5642
3637.694362186668,25.298,3708.229
3751.300279999999,24.942,3693.2021
3767.0213652622215,24.846,3667.4053
3799.7731771377785,25.092,3743.3657
3664.451462684444,25.133,3633.1997
3743.275914008888,25.279,3777.1604
3775.601480995555,25.344,3807.1616
3875.8320426311097,25.377,3894.1938
3866.889569253334,25.312,3855.7358
3796.374739039999,25.328,3789.5464
3901.8703804799993,25.2,3914.359
3913.31779976,25.279,3908.5354
3977.451902933332,25.191,3963.6611
3745.000970915554,25.08,3718.172
3719.459388560001,25.111,3758.3726
3804.322605688888,25.151,3857.9336
3634.609378559999,25.111,3650.7732
3734.245565831111,25.194,3795.858
3570.91328,25.22,3602.6414
3475.128088666668,25.074,3522.275
3450.4641248000003,25.075,3517.2927
3436.0944204,24.884,3485.311
3484.244001386667,24.895,3528.3442
3327.9933007466657,24.996,3353.9717
3633.9341836,25.097,3725.4404
3545.700321333332,25.236,3552.7207
3417.123824826667,25.069,3414.3757
3509.7696483200007,25.165,3565.1636
3616.892980480001,25.13,3654.8325
3519.2402659555546,25.209,3517.001
3225.583560515556,25.217,3260.366
2741.766635591111,25.256,2960.2488
3258.145473626666,25.206,3467.5886
3179.308228551112,25.284,3228.6228
3217.9511663199987,25.323,3218.5635
3321.973400106668,25.436,3364.165
3220.579479288888,25.421,3228.0078
3232.5772918666667,25.48,3264.7097
3111.6884366222225,25.465,3153.1956
3121.746326675556,25.302,3161.8374
3091.846178693332,25.392,3130.1914
3003.295729599999,25.308,3041.8687
2879.5890760000007,25.368,2946.7986
3083.933810133333,25.271,3132.2937
2891.1459379200005,25.453,2927.7097
2966.451619786666,25.451,2992.1455
3130.12040328,25.391,3161.8716
2986.5206288177783,25.37,2983.6482
2958.733903253333,25.319,2974.3262
2807.622778595556,25.394,2861.56
2966.199701546666,25.359,3000.758
2891.5349170933328,25.346,2912.331
2794.2837763733337,25.352,2818.963
2955.148779093334,25.41,2976.3867
2420.956615786667,25.391,2266.9165
1277.640985511111,25.375,1797.7949
2099.414635519999,25.409,2241.345
2471.807066275555,25.431,2430.7058
2507.097638355555,25.382,2412.3005
2422.0171545244434,25.421,2359.3
2350.313721137777,25.421,2321.8455
2455.034860302221,25.333,2418.6543
2440.429975386666,25.369,2415.5022
2357.1760670577783,25.366,2367.3389
2415.122134293333,25.394,2411.3857
2467.873164222222,25.332,2463.8533
2344.815624355556,25.38,2371.4768
2105.516217279999,25.492,2185.747
1754.7667285333337,25.435,1887.634
1569.685884417778,25.43,1718.2128
1528.6043484622223,25.34,1641.748
1652.2353515999998,25.386,1714.1729
1771.82591184,25.311,1818.7996
1779.2733351999998,25.407,1819.8342
1718.1031984355554,25.309,1752.167
1718.1031984355554,25.309,1741.6914
1805.4680241688884,24.75,1818.0701
1764.7764559999998,24.842,1820.3577
1782.5788972088883,24.524,1851.6309
1719.3805380977774,24.504,1765.8164
1648.617563608888,24.361,1677.1313
1603.4428016533336,24.512,1628.1533
1523.869173555555,24.366,1544.4064
1492.4143932622223,24.351,1503.0258
1455.3402451199995,24.279,1456.5944
1475.4926144,24.164,1463.1396
1503.2124845511105,24.204,1493.6116
1532.0010329066663,24.117,1521.1875
1501.8683337244445,24.202,1498.3167
1476.47742,24.194,1471.9873
1452.6277684355557,24.147,1451.0254
1466.9646820799996,24.147,1471.411
1647.9524375999997,24.127,1673.0151
1589.1267793066672,24.087,1638.1383
1557.7916352,24.087,1594.9788
1592.0312065066664,24.179,1622.1731
1605.05802816,24.097,1637.385
1631.8649354399995,24.229,1672.2638
1621.0384666399996,24.196,1663.1443
1614.2638278399995,24.155,1652.3655
1688.20745904,24.156,1729.1719
1630.3892256799998,24.159,1679.6069
1601.682814906667,24.115,1644.9204
1700.0187311111115,24.075,1744.5708
1626.2020534666667,24.166,1685.2229
1642.6975874400002,24.151,1694.2031
1656.8037128533329,24.136,1711.9883
1565.7317769244444,24.151,1624.7726
1577.0144051911109,24.085,1621.0066
1533.114416462222,24.112,1579.5973
1548.8240948266664,24.144,1588.1499
1508.6505705244444,24.118,1551.4751
1580.0578717155558,24.145,1616.3977
1566.425823075556,24.092,1612.3877
1587.5281298311108,24.17,1632.1646
1504.3623594666667,24.062,1547.0643
1406.6603446933332,24.099,1432.6449
1397.5926783999998,24.148,1407.6888
1333.4720140799996,24.137,1346.1382
1298.1349632000006,24.023,1303.5591
1339.8381110399998,24.107,1330.2429
1311.7608030222225,24.132,1314.0083
1306.19710144,24.004,1302.3076
1317.89813672,24.04,1309.5669
1274.6489688000004,24.026,1280.139
1287.6616424533331,24.095,1284.7227
1606.4578079911112,24.0,1586.6506
1360.0435370666669,24.125,1395.486
1384.118686791111,24.082,1381.464
1348.494241706667,24.084,1349.9456
1373.0896,24.032,1364.8446
1317.926247573333,23.964,1321.3154
1379.9737489777776,23.975,1365.0155
1336.393558613333,23.973,1337.5088
1324.63925,24.058,1324.9119
1366.716183342222,23.937,1351.0936
1362.0573389333333,24.04,1357.2041
1320.6294215111109,24.091,1324.6443
1325.9292157333332,24.084,1323.959
1331.583396977778,24.072,1329.9242
1344.4128406399996,23.984,1339.5487
1345.8137162133337,23.993,1345.2612
1368.6053337600003,24.144,1369.3912
1394.098319191111,24.134,1393.4143
1371.3886808622224,24.113,1378.8179
1371.888589671111,24.069,1375.363
1313.0352525333333,24.256,1331.4424
1358.696223608889,24.192,1356.6824
1387.870830711111,24.377,1390.1653
1367.0745131733331,24.301,1370.2008
1343.409224604444,24.371,1355.0295
1349.1515333333334,24.354,1354.4141
1405.8722836266663,24.312,1402.3748
1407.029883466667,24.239,1411.4967
1372.989178311111,24.192,1384.1119
1360.5555025333333,24.217,1368.203
1365.8623870577778,24.142,1368.565
1391.8132821155557,24.138,1391.4893
1415.033917093333,24.205,1417.5773
1440.398635475556,24.16,1445.7129
1521.765168,24.16,1544.4677
1588.0258576355557,24.073,1619.7341
1354.051545831111,24.079,1400.127
1329.3501159644445,24.074,1343.2369
1304.3732356000005,24.03,1312.0725
1403.0629729066666,24.097,1388.7885
1575.5085479644442,24.04,1585.3484
1564.7864063999991,23.987,1603.1813
1905.9527013511115,24.131,1968.2146
2282.147808257778,24.036,2268.9673
2202.532077342222,24.039,2214.897
2060.039207466667,24.084,2091.195
2037.489689564444,24.127,2069.5942
1975.8750913422225,24.222,2028.0193
2030.5535877333325,24.211,2081.211
1957.373186986667,24.124,2025.7986
1984.571004088889,24.11,2046.7963
1986.6462653333328,24.06,2052.2485
1991.9805457422224,24.109,2057.781
1839.4271204,24.201,1930.2455
1872.2015050311109,24.008,1947.4253
1942.8343249066672,24.244,2019.0538
2068.6460460355547,24.267,2125.6816
2061.6616512000005,24.19,2117.1184
2195.749607653333,24.138,2220.036
2159.788352835555,24.098,2199.2014
2242.5271121066667,24.08,2268.21
2279.9752332266667,24.144,2307.6113
2362.07695056,24.221,2366.2751
2424.5355031822214,24.183,2426.4785
2427.445713013333,24.261,2469.8403
2395.681329066665,24.525,2482.4062
2435.272742933334,24.365,2446.3079
2435.752712959999,24.323,2457.3596
2468.364495733333,24.294,2487.2256
2469.6538152000003,24.489,2496.871
2456.277955982222,24.392,2490.9978
2457.5336218400003,24.346,2495.632
2424.471961777778,24.357,2476.9824
2476.663167573334,24.48,2526.0527
2457.921490133333,24.489,2508.8916
2428.6423438666666,24.585,2482.983
2447.3311473777767,24.576,2501.53
2431.8864860888884,24.599,2485.0627
2389.2155207288874,24.563,2456.7715
2429.0428370666664,24.5,2474.7727
3501.0790081777773,24.698,3908.8777
4177.80642015111,24.605,4174.795
3611.2210472799993,24.718,3237.3748
2906.0014636800006,24.711,2893.7383
2698.026273564445,24.703,2858.441
2708.153733351111,24.97,2887.0405
2855.538267822223,24.825,2963.9343
2886.8103805511114,25.029,2944.5337
3033.523081813333,24.885,3037.1816
2906.70830824,24.923,2924.292
3083.5173,24.981,3101.5498
3182.716875333333,24.916,3178.372
3206.768248266667,24.963,3173.5234
3079.551357093333,24.977,3062.9873
3223.3477095733324,25.044,3267.0605
3047.7102176266667,25.084,3060.3545
3163.2233592,24.76,3199.792
2980.4436098488886,24.721,3003.768
3120.5992149866665,24.832,3171.593
2881.616432,24.618,2926.1626
3117.795416746668,24.678,3163.8237
3058.437325546666,24.82,3078.4287
3001.9524451200004,25.075,3028.3608
3113.3373994133326,25.037,3144.0996
3239.8366097066664,24.861,3259.749
3003.338642871111,24.748,2995.884
3052.949955626668,24.859,3073.6306
3134.6396832,24.943,3174.5278
3040.2933073688896,25.151,3058.6978
3135.59778343111,25.134,3176.1035
3118.026540337778,24.87,3131.9844
2667.3359941333333,25.007,2746.2808
2687.693650311111,25.081,2779.9163
2813.173769102222,25.168,2882.2183
3015.4663701866666,24.995,3017.4226
2930.0817812088894,24.904,2902.3564
3019.926376391112,25.0,3001.8145
2903.3021661777784,24.957,2909.6025
2899.946082417777,25.011,2920.467
2920.0554650666672,24.86,2940.59
2924.001095404444,24.854,2935.3772
3072.9537697422224,24.894,3075.7559
2995.716590106666,24.79,2982.076
3065.488339413333,24.807,3064.1833
2891.99389568,24.817,2916.1746
2971.120571573333,24.82,3001.8457
2976.136532462222,24.716,2997.4365
2973.030371084444,24.874,2987.1433
3146.413286657777,24.798,3166.853
3026.613232382222,24.856,3021.0752
3129.05543616,24.887,3141.435
2961.068069404444,24.814,2983.5835
3036.73665504,24.754,3057.907
3233.5818685688896,24.702,3273.095
3095.790918231111,24.66,3075.3496
3142.0882092888887,24.61,3146.691
3057.957802666665,24.414,3068.7427
3091.4166,24.256,3101.339
2935.3856917422227,24.404,2968.6404
2715.44190496,24.37,2787.5083
2735.386700373333,24.378,2805.8286
2704.5609401600004,24.413,2761.8875
2725.990500053334,24.554,2765.0881
2714.6730537333333,24.488,2739.9458
2675.0210619733334,24.41,2678.6763
2720.7777992888887,24.432,2737.2036
2686.6891679288888,24.869,2701.893
2644.085229155556,24.743,2630.5237
2754.6974488,24.926,2784.1875
2742.803298559999,24.868,2764.647
2772.560685653334,25.171,2797.945
2798.423806053333,24.922,2817.1448
2666.5234308266663,24.694,2663.8337
2785.2169531377776,25.362,2829.9968
2765.455171128889,25.721,2823.149
2752.401693013333,25.616,2802.52
4207.043509013332,25.338,4275.541
4688.683666906665,24.969,4376.911
4617.936210968888,24.956,4307.634
4513.709310933332,25.147,4347.1763
4223.105982604446,24.941,4120.167
4188.86230896,24.828,4229.4844
4215.0761216,25.011,4269.487
4223.469689839999,24.676,4244.981
4521.911378133333,24.77,4419.964
4454.643017866665,24.818,4385.993
4381.065138666666,24.679,4355.026
4403.0898600888895,24.691,4376.53
4390.263824755556,24.797,4369.3677
4520.461812479999,24.959,4425.484
4406.427388426668,25.006,4374.8135
4409.471448817779,25.015,4379.248
4564.169008800001,25.361,4430.818
4345.930356444443,25.212,4331.868
4315.795088497777,25.191,4315.7046
4330.792770799999,25.134,4308.441
4295.036965902221,25.094,4267.6484
4224.1189992,25.44,4225.214
4339.712957875556,25.223,4293.202
4303.673538559999,25.045,4250.777
4153.834578773333,25.03,4133.408
3758.33910912,25.073,3773.0835
3904.4768461422223,25.029,4003.3826
3833.327003617778,24.928,3880.3765
3948.9841566933337,24.912,3979.7334
3918.858007511111,24.827,3913.9502
3796.0850928,24.94,3796.878
3535.124219733333,24.865,3554.8818
3785.252282435557,24.965,3887.5454
3807.657691022224,24.966,3837.6582
3984.668803555555,25.026,3981.2612
3862.6292827377774,25.012,3825.0981
3880.233780035556,25.107,3878.4316
3668.539687395556,25.181,3676.9497
3618.878828693333,25.14,3677.2427
3659.79930568,25.138,3732.7183
3562.581350462224,25.093,3600.7432
3549.31877888,25.116,3601.0232
3521.6228532000005,25.098,3570.1675
3327.0522107199995,25.201,3372.7246
3438.6455353599995,25.072,3517.6143
3436.684783253334,25.076,3478.1807
3287.316899466666,25.006,3303.6848
3211.422721351111,25.071,3261.0344
3437.7612236444443,25.213,3530.263
3078.6480684266667,25.104,3120.2212
2864.8699649066666,25.103,2992.2727
2816.238263164445,25.044,2948.7139
3018.116757528888,25.092,3066.7378
3066.9663757333333,25.006,3053.2603
3139.453615306665,24.919,3101.2769
2967.2491815555554,24.773,2951.6807
2800.0602242844443,24.756,2832.2554
3080.834188275555,24.677,3112.6863
3064.1724240355547,24.74,3045.1191
2950.96116672,24.717,2937.1287
3050.9654768,24.765,3058.4646
3075.0158948888884,24.814,3080.1074
3061.907710008889,24.749,3057.6519
3090.858397937777,24.774,3097.2
3020.021861999999,24.814,3033.7695
3035.5043327999992,24.894,3059.8513
2821.245064533333,24.86,2876.534
2663.631267555555,24.924,2722.8132
2801.6605983022223,24.995,2863.7825
2759.64740432,24.985,2799.4321
2701.3750574222217,25.048,2722.7039
2740.2071242577777,25.032,2767.9897
2307.440150595555,25.157,2284.909
1103.6615634755558,25.18,1619.5641
1247.81663704,25.238,1521.4418
1422.8565721955558,25.272,1638.7891
1618.9215101333336,25.428,1843.2755
1725.3053071199995,25.386,1901.4724
1766.433084328889,25.221,1892.835
1765.6371981955554,25.25,1866.4631
1743.9992178844443,25.118,1824.2043
1819.677899253333,25.139,1873.6144
1921.1444033866665,25.348,1950.9492
1997.442901066666,25.024,1994.3223
1713.6551510755555,24.724,1766.0425
1564.979498071111,24.744,1612.6897
1448.6588364,24.742,1490.4899
1398.8849695288886,24.964,1427.817
1430.8629009422227,25.002,1433.6075
1361.2148435822226,25.066,1375.991
1294.777366826666,25.062,1309.7246
1376.9953993511112,24.907,1351.2062
1317.306870257778,24.866,1310.3707
1309.6671412266664,24.97,1296.4393
1295.6793454933334,24.907,1280.8866
1206.30494832,24.67,1228.9672
1225.976297244444,24.612,1255.0999
1186.1958521244444,24.566,1226.8053
1318.4937838222222,24.619,1303.7257
1314.1604086222223,24.55,1312.0587
1274.9412664799995,24.563,1283.183
1255.642955484444,24.702,1266.1614
1244.8649275733335,24.676,1254.0645
1260.579657297778,24.637,1261.3788
1284.2111408800006,24.514,1273.9393
1279.147580995556,24.507,1271.5249
1251.610351626667,24.618,1255.7651
1248.593600951111,24.634,1257.6873
1304.5164727466663,24.493,1296.1901
1266.3897262133337,24.553,1281.7251
1302.1283555555556,24.563,1303.8392
1273.114578026667,24.59,1287.4258
1229.849742506667,24.556,1256.0227
1291.849455111111,24.604,1293.6548
1284.861304942222,24.624,1295.6227
1257.3794798400002,24.611,1277.6246
1243.0292368,24.619,1264.7733
1195.8346772533332,24.664,1234.7087
852.9149863111109,24.609,1065.7114
1313.7774018844443,24.643,1256.7682
1252.8223275288888,24.606,1271.3143
1258.1031797333335,24.758,1277.229
1283.7552853333336,24.8,1295.4724
1317.5762109155553,24.723,1322.7837
1282.3363108,24.75,1303.6238
1324.4965531555556,24.771,1331.6234
1325.0577804444438,24.669,1334.9254
1335.4467500000003,24.675,1344.7578
1331.2258054044446,24.721,1344.6722
1376.1844138666672,24.864,1384.6444
1385.3647471466672,24.815,1397.3281
1355.121805351111,24.757,1372.6548
1317.306870257778,24.743,1338.4401
1309.7843448888889,24.717,1325.0795
1318.2927075555556,24.689,1329.8573
1312.1198944,24.734,1327.915
1343.2539808711113,24.566,1346.4357
1382.1683180355556,24.502,1383.4634
1265.390744666667,24.59,1301.2992
1271.4671359999998,24.56,1289.5782
1319.3779651199995,24.505,1323.9398
1263.8048214044445,24.587,1295.5839
1286.81945568,24.561,1296.6504
1348.2461370222225,24.409,1343.2146
1290.6621467999996,24.391,1308.7687
1242.9778743200004,24.461,1269.5819
1281.9744701688887,24.342,1284.9143
1282.7461311999998,24.38,1291.6141
1241.1449921866665,24.355,1262.7205
1243.7103075466664,24.311,1257.9607
1242.2345908000002,24.317,1256.5349
1258.3050012444444,24.396,1268.1771
1253.8115847999998,24.315,1264.0906
1196.297216711111,24.209,1225.9602
1193.208347333333,24.334,1221.013
1228.0430277688886,24.254,1239.0938
1245.0696508799997,24.33,1256.0326
1246.6685216000003,24.196,1256.7207
1289.448896995556,24.255,1287.9465
1260.9139297066667,24.305,1274.678
1235.6222243199998,24.255,1253.5557
1281.0390474933329,24.29,1282.9584
1282.082723911111,24.237,1287.9434
1235.1472299644445,24.164,1255.4365
1256.4850677333338,24.16,1264.2767
1317.1440762666666,24.062,1305.7898
1324.9040667911115,24.196,1324.8248
1383.217829484444,24.187,1376.2625
1179.7485316711109,24.187,1236.9291
1141.58916672,24.189,1191.6865
1065.8742571555554,24.154,1145.1052
1331.1286360088889,24.191,1289.1768
1448.5465781333332,24.251,1429.6868
1568.24665088,24.254,1589.5287
1539.8589578666663,24.204,1580.6024
1553.3628733688893,24.264,1592.7849
1534.7531158399995,24.286,1578.9724
1551.2821823200002,24.311,1592.6711
1570.6115164444443,24.293,1612.8865
1569.529598506667,24.309,1615.743
1793.8962259199998,24.316,1851.1355
1947.098720746666,24.289,2016.7924
1816.8000307022223,24.261,1898.5066
1709.5543410488892,24.311,1782.7542
1707.463618311111,24.316,1771.5894
1655.3522014133334,24.343,1724.6248
1721.6915201599998,24.345,1790.2397
1716.704230222222,24.317,1792.9434
1698.1740158933328,24.449,1773.765
1650.2551847111113,24.434,1720.6948
1772.3458269688888,24.511,1841.1593
1810.857831111112,24.489,1896.2471
1868.6502196266665,24.446,1951.9175
2087.655851946666,24.544,2138.8818
2061.706039822222,24.502,2112.775
2127.69250512,24.569,2156.6187
2085.8474720533327,24.533,2120.8782
2127.778345635556,24.408,2156.2188
2137.3321313866672,24.63,2172.7163
2149.44376608,24.466,2185.5664
2120.318444088889,24.524,2163.3594
2266.589045386667,24.593,2291.7827
2335.115462115556,24.507,2345.996
2356.6638838400004,24.557,2363.7256
2330.2241806222214,24.558,2361.4377
2284.9956958577777,24.474,2347.7102
2324.60480928,24.453,2396.4438
2364.590146551111,24.565,2455.3176
2323.3704702222226,24.592,2429.119
2327.8864547644444,24.604,2438.0176
2337.0461075111107,24.643,2458.2732
2310.173345075555,24.596,2441.1143
2344.144061297777,24.628,2483.2573
2387.7054808177777,24.599,2450.9478
2398.2323008000008,24.654,2458.4998
2319.8954093511115,24.792,2482.9822
2370.1031424000003,24.431,2447.224
2303.590727822222,24.535,2467.606
2406.483530844444,24.66,2465.287
2271.578461599999,24.652,2431.154
4380.623913199998,24.721,4385.836
4413.538048631111,24.872,4178.068
4096.612964826667,24.792,3600.0735
3284.662031342222,24.715,3075.271
2922.511138666667,24.643,3005.0532
2904.209649173333,24.692,3051.0837
3042.304758222222,24.609,3144.9502
2999.088549902221,24.599,3046.4941
3031.6142126933337,24.65,3052.7168
3046.345741422222,24.687,3064.7297
3024.499616666666,24.783,3045.697
3035.7461180444448,24.808,3055.936
3052.466940577778,24.867,3060.5786
3081.081130844444,25.018,3078.6055
3056.751079573333,24.933,3046.943
3180.057873431112,25.081,3204.4226
3208.1226834666663,24.918,3219.164
3089.2944558933327,24.955,3084.4038
3122.539943306668,25.118,3174.7715
3158.429131822222,25.061,3210.5908
3078.133025333333,25.131,3119.6145
3042.713678506668,25.11,3093.1787
3064.797344106666,25.093,3109.467
3128.707006435554,25.078,3153.6406
2984.990572106666,25.086,3014.1174
3096.373388480001,25.158,3129.755
3150.937845004444,24.937,3164.6711
3146.8869465600005,25.182,3150.1729
3168.0650551555564,25.326,3192.2659
3124.406291573334,25.195,3143.468
3154.213053439999,25.156,3180.5703
3180.04023792,25.246,3211.0103
3060.0082705600003,25.122,3081.1138
3179.261008000001,25.18,3225.1167
3164.271464,25.098,3186.3582
3164.67645312,25.242,3186.584
3111.806394844444,25.253,3142.3176
3068.466446835556,25.273,3107.9875
3109.459863457778,25.26,3150.9749
3195.278844942221,25.262,3229.672
3151.3619298488884,25.085,3150.9937
3093.191087573334,25.094,3102.2969
3182.6988043200004,25.006,3211.73
3134.000276275555,24.903,3139.7773
3024.3565541866665,24.957,3043.617
3031.5685501688886,24.95,3065.8135
2982.967836622222,24.919,3014.4531
3054.1661910666667,24.829,3068.568
3007.2195557155565,25.054,3019.9053
2994.223467244444,25.013,3007.7314
2758.2084444266666,24.966,2809.172
1666.3830686399992,25.08,2079.936
1668.6697906666664,25.114,2023.1216
2074.603372924445,25.313,2242.1633
2309.7662471466665,25.108,2308.594
2335.087813546666,25.143,2367.356
2290.4572733333325,25.287,2320.125
2360.9409581511104,25.339,2352.9187
2274.1057135999995,25.378,2317.112
2414.67839712,25.282,2373.6262
2382.110605893333,25.389,2367.0686
2339.43367392,25.534,2401.5635
2384.43336864,25.145,2379.9036
2351.1848979199995,24.821,2362.4504
2328.143886648889,24.69,2392.4946
2477.9643504000005,25.06,2495.1165
2394.7514736,24.909,2415.4446
2344.84060984,25.112,2383.7249
2327.4576609066667,25.023,2375.6816
2344.04104872,24.902,2393.299
2384.45772416,25.005,2426.3352
2380.61879536,24.941,2430.366
2387.5064819200006,24.854,2442.2842
2329.625964755556,24.944,2435.286
2483.8643051111108,24.861,2557.7683
2448.5829891999992,24.948,2515.4927
2455.60585728,24.782,2508.1982
2502.681116,24.709,2557.174
4667.664378053333,24.75,4429.183
4768.94512768,24.724,4392.4453
4682.796120515554,24.54,4311.194
4385.252862826666,24.556,4082.3203
3582.7727367822217,24.565,3386.6038
3285.8299435022227,24.66,3372.2441
2991.977585777778,24.675,3164.6462
3232.317400675556,24.718,3457.0154
3136.30214656,24.718,3238.861
3217.6527576355547,24.757,3300.7058
3285.5257708177783,24.702,3340.0605
3286.88700288,24.828,3305.854
3267.290020035556,24.842,3276.6196
3236.942764977778,24.712,3240.9536
3171.121693875555,24.724,3177.7534
3061.934852044444,24.724,3081.757
3128.13042944,24.724,3164.1738
3112.185930373332,24.544,3123.6807
3063.0776483022223,24.465,3063.4749
3136.7188104,24.593,3163.2837
3099.737133119999,24.522,3113.695
3183.4949571111115,24.62,3197.3545
3040.081286488889,24.601,3061.6116
3086.022544000001,24.728,3112.3281
3160.7836315022214,24.617,3180.7498
3054.600783857777,24.546,3055.946
3085.563110115556,24.612,3097.8533
2899.1007819199995,24.603,2941.962
2764.934667955556,24.678,2831.803
2866.222978319999,24.684,2914.902
2779.817560488889,24.624,2816.6484
2799.795720728889,24.68,2822.2175
2682.371043457777,24.58,2690.2617
2866.677600720001,24.587,2875.9321
2905.439280382223,24.547,2893.8806
2859.962460373333,24.614,2850.1392
2931.5552622222217,24.514,2925.0408
2809.9527247999995,24.698,2830.477
2823.5216,24.675,2851.1343
2794.0369118222225,24.628,2828.743
2652.6434230577784,24.642,2667.495
2654.9516558666664,24.526,2680.382
2659.835248533333,24.595,2688.961
2655.6661648,24.623,2672.4866
2668.878894666668,24.575,2686.9375
1130.4960611022225,24.636,1660.7008
1666.4646240000002,24.662,1917.6635
1956.5431360533328,24.584,2148.8909
1801.8523601244444,24.531,2021.4214
1701.684038044444,24.565,1869.7244
1802.55899392,24.6,1899.5405
1986.9029717688888,24.665,2028.2417
1995.9536441600003,24.757,2026.9342
2115.2311225511107,24.858,2103.1755
2078.1646189866674,24.736,2067.1008
2103.791570257778,24.811,2081.101
2174.66480832,24.848,2135.0054
1992.79050768,24.823,1991.7898
1773.0737153688892,24.76,1813.8237
1931.9065005333337,24.753,1934.5304
1881.7181939111103,24.682,1910.2223
1905.0463513600005,24.602,1925.5588
1863.364436,24.596,1893.3998
1883.7290672,24.581,1911.9736
1791.9687862399996,24.567,1832.2878
1683.2148778666667,24.612,1721.6327
1707.283199288889,24.722,1740.4656
1720.2997027999993,24.619,1770.5336
1707.118989333333,24.611,1799.8252
1700.0065626666665,24.478,1771.0865
1732.1427339288882,24.507,1796.235
1634.5819977066667,24.447,1702.8912
1690.8429531377776,24.501,1752.272
1701.0709464,24.429,1763.2335
1596.5209176888889,24.471,1647.4746
1613.7827958399996,24.458,1648.2146
1576.2985291999998,24.495,1608.3394
1549.358763466667,24.542,1576.5698
1571.4681819200002,24.495,1591.7288
1519.997159395556,24.432,1540.7686
1514.2867215111112,24.462,1535.6571
1499.5100496000002,24.388,1521.4077
1431.6333113599997,24.477,1448.6818
1512.3690561777776,24.397,1517.3234
1479.0339286666665,24.53,1498.7141
1497.315921866667,24.58,1515.8491
1445.3292251200005,24.686,1464.9178
1498.646567466667,24.548,1513.1564
1484.6450918400003,24.613,1512.7107
1410.7121292799995,24.476,1428.4784
1465.067245475556,24.632,1474.3044
1411.464298675556,24.552,1425.4901
1344.0379151466664,24.606,1361.204
1365.1011152,24.561,1365.0083
1376.6187842488891,24.423,1374.5433
1378.8463571555556,24.439,1378.4066
1326.272383333334,24.432,1335.5785
1282.52053872,24.39,1294.8257
1271.0320296888883,24.448,1280.2096
1317.4392047111112,24.468,1312.158
1287.3108768533334,24.387,1294.5967
1298.4464392799998,24.442,1300.8179
1305.192176568889,24.487,1308.7705
1309.5167788444442,24.56,1314.7302
1384.755772977778,24.554,1376.7959
1399.5314783999995,24.559,1403.135
1414.1161415733334,24.549,1418.6289
1442.736852728889,24.495,1455.7318
1434.538323111111,24.428,1452.2008
1436.5315934933333,24.422,1457.5859
1420.20122432,24.373,1430.5262
1443.8501757333331,24.34,1461.77
1404.4289919999997,24.257,1416.2136
1388.8723810222216,24.238,1395.7308
1457.5715000000005,24.151,1465.0154
1380.42209968,24.113,1396.6306
1440.674607644445,24.07,1438.0465
1345.718425066667,24.118,1364.7443
1342.4076184000005,24.098,1347.1056
1308.031413511111,24.029,1316.4852
1188.1204296,23.981,1230.3955
1295.4876919111111,23.927,1281.4003
1287.21117712,23.96,1288.7794
1307.6470769777782,23.906,1303.8069
1298.624532906667,23.914,1300.2515
1284.2603165333337,23.879,1287.7537
1330.5613745688893,23.907,1319.8859
1274.27122768,23.915,1283.4044
1268.172461546666,23.832,1269.5823
1283.2051074577776,23.79,1276.5723
1314.9515694400002,23.837,1302.3938
1382.9077996444446,23.83,1362.6633
1349.4108783999998,23.934,1350.0789
1368.9075385333333,23.965,1363.2538
1362.455893333333,23.98,1360.2977
1373.4994378666668,24.007,1370.532
1371.228333368889,23.891,1367.1785
1387.5568557333334,23.783,1377.836
1365.5371996444444,23.878,1366.5664
1335.496314577778,23.824,1335.931
1346.7729296533332,23.85,1342.3119
1365.265418311111,23.858,1359.2482
1366.097567573333,23.871,1365.0237
1321.4110990933332,23.816,1329.3655
1324.6687861333337,23.798,1322.4636
1316.6418979555556,23.789,1315.5516
1325.8803917422226,23.885,1323.6312
1304.6025158755558,23.85,1307.5538
1371.8661193866667,23.795,1356.4305
1361.5516044088886,23.762,1357.7783
1347.2687640711113,23.768,1347.4868
1341.1430084444446,23.783,1340.452
1331.7134072000003,23.768,1330.4089
1335.4594296355551,23.776,1330.8945
1301.4666134222225,23.762,1303.3344
1377.988845128889,23.763,1359.4404
1428.1601089422222,23.776,1416.151
1549.9398561777782,23.722,1560.0481
1451.2994226133333,23.722,1488.0
1349.7688193066667,23.743,1367.6604
1323.5066239999996,23.715,1325.5953
1426.15865368,23.743,1406.4
1531.0127432888885,23.674,1540.8856
1552.5216740444446,23.667,1581.1025
1673.798430186666,23.747,1711.0127
1726.3914228800004,23.756,1782.2401
1728.1754286222215,23.741,1789.4248
1747.9724781599998,23.735,1809.8374
1720.8822522311111,23.748,1786.028
1732.7523427200003,23.74,1796.5
1974.4441102222224,23.761,2037.3668
2097.6404588533333,23.761,2147.8696
2084.821470737778,23.766,2133.9634
2335.9721730044444,23.743,2311.1465
2615.3809819200005,23.737,2479.4521
2435.3953030400003,23.742,2405.4426
2451.9608108088883,23.768,2452.168
2283.801640755556,23.762,2386.5752
4333.356447786667,23.762,4383.089
4345.784829999999,23.817,4089.0083
4018.208751022223,23.864,3497.953
3314.1035,23.854,3078.9712
3185.992563519999,23.868,3181.6743
3079.3887039999995,23.862,3131.7388
3372.4646986666653,24.056,3520.704
3382.0961959466667,24.083,3436.3896
3409.2613829866664,23.953,3450.904
3356.446598560001,23.983,3395.0571
3302.5396735377776,24.096,3351.1406
3504.3111717600004,24.172,3626.025
3411.8609958933325,24.097,3444.5596
3613.5296236,24.092,3722.8032
3578.8284991200003,24.21,3633.382
3520.5619104,24.194,3569.2593
3807.623569306666,24.223,3896.642
3806.606239608888,24.209,3805.044
3663.93959736,24.196,3647.0745
3753.867675057778,24.145,3787.0576
4009.761046595555,24.214,4016.6753
3770.6880773866656,24.157,3713.3096
3802.171265466666,24.258,3815.5002
3813.4955424177774,24.195,3833.8179
3743.8726498666674,24.238,3760.3938
3765.5797876977776,24.251,3803.1833
3783.338939519999,24.259,3815.3765
3889.436127137778,24.232,3904.3848
3757.110652835556,24.225,3745.2476
3805.948072319999,24.161,3823.5327
3787.452772693333,24.231,3800.5337
3825.305153991111,24.314,3841.1797
3808.265090862222,24.32,3815.002
3841.444312071112,24.334,3846.8958
4151.994941697778,24.339,4117.499
4049.722541866666,24.325,3965.2065
4083.29563408,24.418,4029.9607
4089.35626,24.462,4046.1787
4106.823301617777,24.427,4066.1875
3974.392674488888,24.42,3947.4302
3942.01980544,24.447,3950.1897
3861.537407635556,24.468,3881.962
3792.973063786666,24.48,3827.503
3904.497478933334,24.51,3944.5386
3911.0041231733344,24.518,3914.9438
3842.508984586667,24.576,3840.4673
3943.637402755556,24.484,3947.5447
3975.701798826667,24.492,3952.1914
3814.947683822221,24.651,3796.1963
3843.891353644445,24.712,3870.3008
3956.17826448,24.664,3964.2324
3841.72358544,24.712,3820.7615
3816.544813697779,24.768,3825.1562
3846.74988776,24.719,3860.903
4028.106318035556,24.712,4018.599
3803.0312414577775,24.657,3754.881
3924.457570488888,24.712,3934.746
3871.0349786666657,24.684,3863.3057
3906.437948746667,24.706,3905.4077
3919.101526613332,24.712,3914.423
3977.627780622223,24.636,3961.002
3812.769671999999,24.615,3790.4033
3605.193748924444,24.67,3629.1543
3574.1174352,24.647,3652.7905
3636.1805529688886,24.544,3707.8271
3727.5369358933344,24.55,3767.0356
3772.736529626668,24.623,3781.6772
3759.518765866667,24.675,3755.6729
3706.5954191200008,24.584,3703.3435
3785.054333866667,24.636,3802.6118
3866.345518684444,24.725,3869.151
3845.46814184,24.756,3828.455
3924.379303519999,24.899,3917.3408
4026.260406933333,24.927,3999.6807
3919.67346912,25.042,3884.912
3846.76708544,25.078,3848.079
3892.847258844444,25.074,3915.2144
3964.033406417778,25.106,3969.484
3988.760288711112,25.168,3975.2168
4064.21576704,25.276,4045.1348
3996.77710328,25.236,3967.5957
3958.137523768889,25.193,3946.4487
3729.2450035555553,25.226,3733.0688
3580.6924684266664,25.305,3642.9658
3596.8274088888897,25.401,3697.303
3626.40619,25.234,3692.3157
3543.918991484444,25.154,3566.8772
3453.601004222223,25.084,3479.7554
3454.00634384,25.067,3499.663
3396.23729312,24.996,3427.4858
3351.03253624,24.967,3380.676
3178.781955555556,24.936,3221.6182
3282.713123964445,24.884,3340.468
3309.8391996444457,24.899,3340.1294
3322.794911004444,24.857,3328.8237
3282.590936479999,24.828,3285.9846
3303.554203911111,24.88,3323.9028
3281.572450488889,24.901,3301.4453
3436.104374071111,24.921,3481.974
3271.8089378133327,25.012,3274.179
3318.2007677866663,24.996,3360.2502
3544.4874231911112,25.094,3616.6494
3650.688507199998,25.095,3654.0176
3484.9503464000004,25.049,3448.7385
3280.32665912,25.09,3310.045
3485.255039591111,25.024,3575.8457
3629.448644622223,24.972,3665.4624
3996.380750844444,24.899,3970.8936
4078.4178042488898,25.008,3967.0063
4128.738059893333,25.022,4015.0532
4079.755863866665,24.954,3990.8086
4219.9163794666665,24.977,4164.344
4253.874000346666,24.963,4187.9136
4103.0682361066665,25.025,4061.2627
4118.689972133333,25.073,4118.944
3734.955810568889,24.978,3746.7654
3368.6363127466675,25.047,3476.7979
2998.650436995555,25.02,3209.0288
2950.489064844445,25.074,3181.878
3085.330864000001,25.048,3233.5781
3174.25517312,24.988,3223.9487
3342.5617292355555,25.021,3363.215
3315.5644783733323,24.85,3277.606
3336.586174133333,24.872,3311.4365
3264.7190745866665,24.796,3248.7598
3086.9710480444446,24.789,3106.4465
3107.290134328889,24.775,3147.0854
3159.226909013333,24.852,3195.1082
3187.958675564444,24.829,3201.629
3192.25729792,24.864,3200.5076
3241.686958506667,24.892,3254.3682
3244.4640932977773,24.864,3249.4355
3408.732921999999,24.912,3442.401
3376.4005162311114,24.98,3375.0208
3477.799388266667,24.975,3501.8384
3581.028017066667,24.989,3593.6836
4017.097190986668,25.036,4002.3164
3609.355820373334,25.062,3502.1687
3720.7709919999993,25.076,3729.9775
3635.836670399999,25.144,3654.419
3460.5662649066667,25.198,3497.6682
3591.604409777777,25.122,3674.025
3432.739915626665,25.212,3479.4746
3246.5003805866663,25.08,3313.9983
3203.1757159111103,25.108,3306.7664
3289.5834672888896,24.923,3371.3303
3358.7420026844443,25.041,3404.1304
3291.9645465777776,24.932,3300.4521
3463.2025648,24.934,3500.5269
3250.980166044444,24.927,3249.389
3098.0521168,24.884,3140.488
3136.113115306665,24.843,3201.1182
2829.723792088888,24.899,2942.6794
3093.3121932888885,24.844,3153.2139
2987.938250266668,24.767,3001.9626
3072.98093856,24.726,3059.5098
2854.7589167999995,24.747,2877.8772
2903.783928284444,24.685,2925.1445
2892.8406703644446,24.581,2908.7268
2913.6108379733328,24.657,2914.901
2921.830816657778,24.691,2919.8967
2974.969398151111,24.76,2967.6572
2901.396658808889,24.668,2899.3167
2798.420835555556,24.702,2821.0527
2838.196934968889,24.694,2864.2268
2970.3175916444443,24.662,2973.9426
2569.371591599999,24.66,2483.8242
2679.6669286488896,24.619,2711.5928
2535.509587911111,24.7,2461.5183
1696.262477866666,24.497,2062.471
2349.8175513600013,24.592,2337.1704
2444.653595875556,24.536,2390.518
2266.217818168888,24.476,2374.6182
1781.72337056,24.525,2002.5259
1520.9629694133332,24.484,1760.084
1237.332830471111,24.442,1457.7001
1324.9228585955557,24.442,1442.9397
1370.0989887733335,24.463,1459.9103
1328.4082492533337,24.508,1410.8661
1437.2719891911115,24.516,1478.7188
1387.452696177778,24.501,1437.7882
1412.8738109333335,24.522,1441.857
1412.9145792977777,24.535,1434.1891
1444.3974017422222,24.52,1450.2007
1374.1033304,24.57,1389.4889
1401.234688,24.583,1395.8275
1369.690400355556,24.583,1367.3887
1277.5106469155555,24.592,1285.2908
1262.3274115555555,24.529,1254.0343
1332.834988444445,24.57,1302.4446
1236.9649673333338,24.589,1240.6091
1272.0906075022226,24.56,1256.845
1318.5548798933337,24.587,1306.2417
1270.989387733333,24.599,1263.9974
1301.246815217777,24.641,1278.4738
1282.7871708800003,24.592,1273.569
1325.0882865600004,24.571,1315.6501
1400.2711661155556,24.571,1392.3224
1691.307671271111,24.631,1717.4331
1731.727182133333,24.618,1795.7062
1799.2261070577777,24.625,1862.7434
1715.3595763555554,24.623,1782.4652
1711.4191790311113,24.625,1767.8491
1681.8252764444446,24.565,1741.9568
1659.7089365333338,24.597,1719.9053
1679.0578018844446,24.605,1738.9028
1660.0982860000004,24.558,1721.7119
1638.970344,24.674,1702.8033
1607.8188525777775,24.572,1665.915
1605.7613782222222,24.533,1661.3638
1656.4877012622217,24.463,1714.7156
1634.2819972266666,24.545,1701.4304
1628.9277163199995,24.497,1690.6653
1605.8102604355554,24.53,1670.4061
1631.3798255555555,24.502,1691.3145
1604.3568183466664,24.514,1667.2632
1623.6628892000003,24.521,1684.6025
1533.0366583555556,24.493,1597.6665
1614.4672423111117,24.46,1664.9014
1571.4635695555553,24.489,1632.6466
1514.692285866667,24.474,1567.2423
1505.7470527555558,24.548,1541.4937
1499.7819986133336,24.412,1526.748
1482.8098901333333,24.426,1506.876
1477.8204354933332,24.422,1500.1616
1521.4013606222222,24.401,1545.4683
1521.45566216,24.448,1554.5564
1501.0472420266665,24.434,1534.9487
1501.9043453333331,24.4,1531.2917
1458.0166787555554,24.412,1484.8241
1488.2533651555557,24.383,1510.8058
1478.5072306488892,24.396,1506.7993
1405.0820217599996,24.396,1425.0894
1404.076316711111,24.341,1409.3079
1249.1042075111109,24.273,1280.8507
1426.1008983999996,24.244,1397.8983
1375.2921326933338,24.269,1380.7352
1371.0129029955554,24.268,1372.0
1332.722094391111,24.267,1338.8672
1344.9865903644445,24.279,1342.406
1318.4025938488887,24.305,1323.9536
1336.2027341155556,24.297,1331.972
1295.2868136000002,24.351,1304.7842
1278.0863319466664,24.377,1287.9491
1328.192450915556,24.394,1322.0101
1279.822665333333,24.394,1292.9354
1321.5533615999996,24.421,1318.8315
1337.7074303911113,24.486,1338.2207
1318.0915066933333,24.396,1322.5548
1325.4888251733332,24.417,1326.7424
1388.933560933333,24.414,1380.2782
1402.366743422222,24.329,1400.8309
1403.7252390399997,24.314,1407.0936
1419.263670711112,24.326,1422.017
1425.6232234933332,24.349,1432.5494
1442.3725131999995,24.388,1466.029
1427.193009884444,24.386,1445.8069
1406.54108928,24.356,1421.7343
1514.2205018844445,24.385,1531.9734
1490.8702025244445,24.393,1528.0532
1466.1134859999995,24.4,1504.2666
1459.696673991111,24.442,1496.4866
1492.74622616,24.415,1524.3186
1490.3628296266663,24.391,1527.3485
1454.9535075022225,24.404,1495.6205
1474.0045498844445,24.409,1509.0732
1595.477594097778,24.461,1628.9673
1678.7223114666665,24.411,1730.2134
1638.553589333333,24.446,1701.2458
1624.4130208177774,24.432,1680.3901
1491.3505405155556,24.476,1553.8729
1683.35844688,24.474,1724.077
1780.7428431288888,24.507,1853.0408
1796.1951047466664,24.568,1873.8716
1935.321087146666,24.507,1999.7048
2140.0996397155563,24.548,2170.5093
2033.962939004444,24.527,2081.712
2037.18884952,24.529,2075.6475
2049.0469543822223,24.515,2088.6794
1998.598875342222,24.458,2051.3496
2171.6699317333323,24.509,2200.4995
2345.047949653333,24.49,2332.5396
2245.038474097778,24.479,2270.7627
2166.1912741866668,24.479,2202.062
2036.787021866667,24.53,2089.7615
1964.6630190933336,24.493,2029.9369
1976.4491904,24.459,2045.7908
1937.2450300000005,24.427,2019.0446
2007.0812988444447,24.424,2075.57
2097.8583310666672,24.42,2149.7603
2118.546062995555,24.47,2163.7012
2123.8437472444443,24.477,2165.4001
2210.556356,24.452,2239.1355
2368.881942933334,24.421,2353.9456
2416.839575733333,24.463,2388.7778
2257.731248080001,24.47,2305.8074
2033.9880083288883,24.505,2091.7388
2103.9950196622217,24.528,2155.7864
2109.820448764445,24.544,2168.088
2198.1728177066666,24.538,2251.2495
2185.6253943377783,24.549,2233.5334
2201.6694487466666,24.574,2240.4907
2308.701947253333,24.654,2331.6118
2432.457456284444,24.638,2433.7153
2333.6796054666665,24.71,2368.361
2316.418746204444,24.691,2370.5398
2372.362371893333,24.668,2458.7026
2347.77281952,24.716,2458.6519
2341.0165905866666,24.593,2460.6973
2347.452171111111,24.599,2488.23
2386.023466435556,24.661,2451.8652
2346.84160864,24.683,2439.3289
2358.81716752,24.697,2442.9814
2356.6581268266664,24.687,2442.8848
2389.3641445955554,24.668,2453.8894
2347.68931488,24.683,2438.3225
2325.3324426666663,24.646,2501.5422
2384.058706311111,24.656,2450.3267
2378.823201066667,24.606,2451.6675
2351.9427696,24.604,2443.8699
2443.046781315555,24.593,2496.2188
2435.587212799999,24.658,2490.3494
2416.731328977777,24.614,2471.2397
2457.1820679111106,24.569,2509.6348
2417.330917724444,24.535,2472.5435
2457.41363632,24.523,2506.0806
3742.247800391111,24.537,4085.0137
4732.842531431112,24.543,4418.7554
4586.850968284444,24.491,4158.066
3890.711484915555,24.587,3455.7405
3094.931685155556,24.48,3041.566
2613.404353777778,24.448,2827.5312
2836.964921306667,24.404,3050.3804
2937.614127502222,24.426,3055.2139
3075.7094915644443,24.419,3092.4302
3041.3600677333334,24.461,3035.5835
3023.383058835555,24.468,3026.81
3006.9830407466666,24.45,3023.7283
3001.993121493333,24.561,3019.4053
2937.0946863022227,24.497,2963.4175
2937.76760128,24.518,2956.3928
2945.512926791111,24.457,2949.6963
2937.629981413334,24.474,2933.9973
3021.1593646933334,24.542,3005.5496
2875.5303303644446,24.572,2883.2678
2965.0486470488886,24.644,2975.795
2960.3247253333343,24.663,2975.8425
3050.678387679999,24.691,3068.2334
2933.988162782222,24.715,2957.2288
2934.933553102222,24.758,2973.1816
2944.096925084444,24.82,2983.874
2905.643876764444,24.824,2940.2566
2919.1208726400005,24.856,2945.5442
3028.18942904,24.941,3044.0906
3088.3345484444444,24.976,3093.1108
3037.580173937778,24.946,3034.32
3141.880452604445,25.083,3164.8257
3033.0877845333325,25.101,3050.3057
3100.4289342222232,25.11,3128.9524
3031.4377783999994,25.033,3056.704
2996.559313688889,25.091,3029.2627
3028.005310577777,25.139,3064.454
3016.383013866666,25.197,3046.5308
2993.991865066666,25.223,3023.1987
3013.5870406933336,25.264,3043.063
3039.3778386133326,25.234,3060.8098
3038.239460257778,25.26,3052.9124
3072.953446026666,25.32,3089.4517
3026.440926044444,25.315,3042.558
3021.0539254133328,25.321,3042.6055
2950.611593511111,25.247,2982.1904
2677.174683342223,25.268,2742.3938
2666.2042589333328,25.347,2734.4807
2745.327755893333,25.308,2803.5093
2756.9729362666667,25.194,2781.6633
2753.564502577778,25.176,2764.0051
2788.292022684444,25.241,2798.6096
2734.8740048,25.219,2746.6372
2726.59824224,25.16,2740.289
2763.395278222222,25.22,2784.65
2709.09305808,25.146,2722.0452
2920.4998356977776,25.14,2923.238
2357.16751072,25.172,2305.0994
836.2502236266666,25.222,1425.4478
1388.690323626667,25.304,1596.8196
1770.9774976177775,25.318,2032.9142
1796.0616198222224,25.314,2027.2954
1973.61501064,25.319,2081.897
2070.411291413333,25.293,2096.9692
2194.424710915555,25.297,2160.392
1841.3680222222213,25.246,1903.1309
2010.4776036800004,25.295,2004.1556
2001.9482880000005,25.406,2007.3835
2090.1867405066664,25.302,2072.5898
2327.27087936,25.422,2268.6006
2361.4890388622216,25.319,2294.2646
2332.004348355556,25.239,2282.0212
2367.9534195911115,25.342,2335.682
2313.4040554311114,25.314,2330.3525
2350.604408391111,25.383,2389.0383
2406.805080533333,25.383,2423.2466
4660.921274737777,25.332,4432.3
4550.256354666668,25.346,4255.171
4305.93268072,25.396,3859.995
3541.5467188888897,25.458,3168.6643
2874.52197504,25.592,2921.787
2825.2792007999988,25.626,2996.8782
2977.586673351112,25.597,3115.056
2949.07097296,25.689,3025.2725
2900.9947904,25.674,2969.3901
2981.958861813333,25.611,3005.662
3107.8884352,25.734,3118.7441
2965.974367573333,25.652,2968.7637
2982.344462933333,25.688,2998.2422
2888.307814186667,25.598,2935.7856
2936.2364628,25.542,2957.5342
2557.3105485244446,25.55,2589.834
1425.5740035911103,25.59,1925.9153
1779.6006663555556,25.347,2074.745
2272.041633351112,25.313,2336.9136
2527.969740266667,25.334,2479.3125
2391.931872684445,25.446,2366.947
2400.22039872,25.23,2350.5168
2430.44456152,25.402,2376.161
2459.156322915555,25.231,2359.523
2378.929118933333,25.44,2320.9783
2415.2942019199995,25.554,2371.5894
2413.001579653333,25.381,2402.5022
2380.42828992,25.287,2398.612
4068.017151822222,25.261,4181.6494
4159.909219946667,25.261,3900.293
3384.824413591112,25.303,3066.139
2590.9833765688886,25.307,2645.7708
2634.5943129244447,25.363,2843.4294
2783.474463333333,25.42,2968.8262
2699.525293173333,25.326,2803.8552
2699.059983502223,25.331,2772.9404
2571.5057073600005,25.327,2623.8174
1592.8998902133335,25.3,1969.0859
1636.082940977778,25.311,1934.0779
1808.94131392,25.314,2088.2417
1971.591267911111,25.356,2163.764
2118.1047140977785,25.342,2217.8826
2479.9614005688886,25.345,2485.2107
2364.577248,25.317,2336.4653
2388.660503422222,25.385,2344.1301
2393.061086862222,25.296,2382.8713
2367.407434879999,25.338,2406.5942
2355.972873395556,25.358,2430.726
2353.9782510933323,25.242,2378.063
2270.923776,25.317,2352.0085
2260.0157122488886,25.249,2319.905
2214.3957983200007,25.275,2235.5706
2245.502740426666,25.254,2265.516
2054.2625010488887,25.261,2064.2944
1706.0624609422223,25.214,1793.2461
1382.5098856888887,25.215,1506.6484
1302.1850150933333,25.193,1385.7864
1451.5544056711112,25.166,1469.0295
1575.6519027199995,25.2,1583.2815
1594.7722994133337,25.247,1628.6917
1599.6221045599996,25.158,1660.7302
1448.0025264,25.239,1519.0101
1454.706787342222,25.233,1493.623
1434.1497480000005,25.191,1464.3906
1423.9497386666662,25.2,1444.0493
1429.891130133334,25.171,1436.315
1442.3948647111113,25.143,1446.2479
1427.70809024,25.179,1433.09
1401.70580592,25.169,1405.7714
1410.5535249600005,25.192,1407.4152
1415.4645880355556,25.176,1409.8477
1263.0167044444447,25.163,1287.0527
1051.6856064,25.163,1145.1019
1060.8281907199998,25.204,1126.2339
1034.6950833955557,25.25,1111.3639
1081.365582391111,25.216,1129.2953
1047.1768588799998,25.196,1122.236
1065.18954752,25.264,1138.702
1103.9491661155555,25.249,1165.8818
1073.354173173333,25.255,1155.1676
1113.768951733333,25.282,1168.9562
1156.3077083999997,25.27,1191.7534
1131.7293696266668,25.24,1182.6123
1064.531152,25.239,1147.176
1069.8611123200003,25.23,1145.6099
1085.9823146666663,25.265,1153.6008
1038.286227733333,25.236,1131.8499
1020.1634432000004,25.249,1119.1959
998.739808,25.255,1106.7086
1012.72995824,25.283,1110.7684
997.09952032,25.241,1104.3862
960.1166471555556,25.234,1087.3744
966.4769568266664,25.241,1086.353
1018.8211228799998,25.222,1110.356
942.727808462222,25.229,1087.383
882.6860172000002,25.241,1061.7346
923.6723947555556,25.254,1071.2043
996.0730811733334,25.226,1104.0933
1001.6565806399996,25.225,1113.4958
959.0976325066669,25.184,1096.3668
1046.402382222222,25.239,1131.3292
767.0349448533332,25.186,1025.3115
776.0428926133336,25.226,1007.802
777.0450379555555,25.222,1003.9381
755.6954451200004,25.17,996.68604
1177.5372481777774,25.145,1166.619
1168.04628304,25.172,1210.9515
1260.4715141777776,25.157,1272.9225
1267.8410897688889,25.125,1289.8539
1241.7850314044442,25.065,1275.3174
1215.4308903999995,25.146,1257.8031
1253.5286737066665,25.121,1278.1375
1255.62183712,25.128,1284.193
1243.6901580000003,25.092,1277.2207
1160.8905134222225,25.132,1226.4689
1135.6884830666663,25.1,1202.183
1159.0967531288886,25.043,1209.6836
1132.5261395733337,25.045,1199.4421
1122.0481167999997,25.022,1191.8109
1204.0357418666665,25.036,1234.7762
1175.52075528,25.01,1225.9099
1197.2192797155558,25.01,1236.9305
1173.7397386666662,25.004,1225.8046
1152.6763185333334,24.975,1211.2809
1148.3764199466668,24.959,1210.6985
1174.1266113600004,24.94,1223.5382
1130.806660355555,24.958,1202.5721
1179.5033893333332,24.888,1221.2089
1198.9430627200004,24.851,1229.8969
991.4604000000004,24.875,1125.7758
890.5983321955558,24.826,1061.2428
857.8772802844443,24.81,1037.1632
1014.7217812177776,24.774,1095.6617
1027.7004356266664,24.726,1116.459
1106.2691493333336,24.726,1156.9861
817.7261039999996,24.713,1040.7269
723.3862339199995,24.676,987.9509
744.7686408000001,24.665,984.73755
1198.906294222222,24.693,1168.7719
1149.7728659733332,24.678,1195.2625
1147.6096437600004,24.648,1196.4147
1182.3767922400002,24.662,1214.9197
1190.3988211911112,24.655,1221.9789
1200.1989113955558,24.661,1229.9764
1177.2768364800002,24.65,1217.5197
1244.9643688,24.67,1256.8438
1266.1345451999996,24.689,1280.081
1313.6258610844448,24.668,1318.0502
1291.5078071111109,24.645,1308.8247
1343.164183573333,24.663,1347.5435
1326.5869405333333,24.656,1341.1096
1337.8209718755556,24.681,1350.388
1329.5795406311113,24.697,1350.1973
1366.4860006222218,24.704,1380.859
1543.2980374044446,24.661,1566.404
1556.7687359644449,24.708,1604.1409
1670.18674272,24.689,1719.2605
1727.0530206222218,24.683,1791.0447
1827.1764848088887,24.664,1902.0928
1883.5577122133327,24.722,1962.2241
1839.186547342222,24.691,1919.9875
1875.479388195556,24.714,1941.852
1900.7620784533333,24.745,1970.1501
1960.1337167999995,24.683,2022.7301
1945.0720331377777,24.696,2012.8823
1923.177415093333,24.775,1993.8535
1930.50185216,24.799,2000.1028
2119.827550408889,24.833,2159.4102
2235.549807573333,24.806,2252.4275
2086.7046242666665,24.858,2131.5422
2004.522996933333,24.842,2055.929
1845.4889934400005,24.906,1929.888
1731.2789327377775,24.717,1823.115
1733.7179582755557,24.818,1824.9059
1819.957235502222,24.798,1912.0936
1880.975287671111,24.901,1975.4468
1940.17967104,24.732,2020.4014
1999.4858582933336,24.791,2062.4978
1945.8108638222225,24.704,2013.9375
2005.7646032888888,24.699,2056.669
2226.788888551111,24.698,2238.5474
2284.0763157333336,24.517,2281.6313
2352.0449496,24.528,2329.13
2355.962210577778,24.624,2349.4028
2320.170791146667,24.552,2348.0015
1967.060041955555,24.619,2030.9717
1899.9969243377773,24.588,1963.3295
2337.361868746666,24.604,2367.8489
2482.236627199999,24.596,2445.1672
2415.3813640800004,24.545,2421.7542
2358.49960256,24.659,2395.3384
2382.0657456711115,24.561,2478.4104
2406.9763144177778,24.509,2451.9255
2412.2411264000007,24.568,2462.4456
2422.455202222221,24.621,2476.3372
3807.159436888889,24.316,4145.563
4591.146249848888,24.464,4379.41
4504.943950719999,24.634,4089.188
3824.075576346668,24.553,3400.1477
3058.138644382223,24.507,3016.52
2680.0959297777767,24.478,2876.0498
2680.0959297777767,24.478,2904.4429
3029.6109443911114,24.083,3127.6455
3198.9032213600003,24.368,3209.146
2777.0865365333325,24.337,2853.0305
2675.196518133333,24.344,2780.0447
2885.6273026666668,24.354,2945.868
2908.004853084444,24.205,2920.466
3050.616697742222,24.267,3007.6716
3013.885465680001,24.174,2972.088
3197.654805333333,24.3,3183.0938
3220.243339111112,24.323,3199.9036
3046.3098707111108,24.338,3019.8865
2670.2361222044447,24.341,2760.6372
3338.298062337777,24.227,3532.7449
3246.4771289599994,24.239,3234.1145
3110.379380986666,24.361,3092.5474
3224.6206301688894,24.291,3259.2974
3201.3779371199994,24.23,3216.3464
3220.816828000001,24.166,3233.8384
3133.838592,24.124,3149.2373
3177.2556949333334,24.008,3199.1907
3036.81273984,23.753,3055.4285
3185.690979395555,23.988,3220.0784
3026.516684800001,23.752,3039.089
3214.5037179199994,23.939,3244.71
3046.383075839999,24.081,3053.7332
3198.959970559999,24.039,3225.4004
3062.6639188622216,24.207,3075.9048
3217.5413179733323,24.221,3247.858
3115.973336,24.231,3120.1504
3312.8219799822227,24.005,3341.0671
2754.793031057779,24.191,2843.5898
2985.638833466667,23.863,3040.8027
2862.5639666666657,23.796,2910.0623
2973.118517199999,23.755,2972.8728
2899.691672266665,23.807,2907.2034
3027.098813866667,23.694,3015.8594
3001.0819134400003,23.843,2990.1035
3074.32965168,23.942,3062.4517
3031.7946224,23.976,3026.3762
3118.938797555554,23.733,3104.578
2578.5636729600005,23.872,2576.3076
2770.6311592888887,24.285,2855.1345
3239.773487502222,24.046,3374.816
3132.6310398222217,24.629,3088.0623
3456.6588574577777,24.649,3498.4333
3459.2585542044435,24.703,3426.15
3392.3131479466674,24.752,3351.8948
3375.060825226667,24.812,3376.2358
3296.6715780266663,24.769,3317.2087
3175.350627724444,24.532,3212.8455
3309.1029214222217,24.601,3378.8936
3191.632862257778,24.87,3244.5552
3228.5756505866675,24.937,3292.4692
3403.3696702133325,24.993,3472.6548
3446.2356543999995,24.649,3440.3096
3385.6988775999985,24.76,3367.72
3076.985827475555,24.882,3129.658
2931.0414208355555,24.881,3052.8699
2860.991104977778,25.039,2995.911
2746.697858693333,24.713,2862.3928
2829.364007866668,24.703,2884.372
2864.7982560888886,24.327,2874.7043
2677.726564800001,24.536,2673.5664
2750.921896053332,24.746,2775.941
2691.3288572266665,24.57,2692.434
2863.544515057777,24.8,2865.0088
2978.140573955556,24.905,2960.916
2968.615169208889,24.569,2928.37
2737.978530133333,24.491,2733.9207
2445.55627088,24.481,2344.5886
2826.495562,24.341,2874.4648
2978.233944933333,24.606,2974.3271
2995.81888888,24.868,2960.7705
2848.712110506668,24.605,2846.1746
2990.109926346667,24.783,3017.6743
2694.910690666667,24.566,2741.377
2856.073055235556,24.901,2909.78
2813.377341937777,25.002,2865.016
2907.504293351112,25.117,2933.6707
2985.409793066667,25.106,2995.5105
3233.725043999999,24.94,3268.5173
3224.0942908,25.235,3207.6663
3200.8274704622227,25.132,3189.1514
3215.2284052622226,25.115,3231.0588
3148.609296133333,24.967,3164.5854
3201.5174364000004,24.948,3231.85
3252.30076016,24.948,3282.0713
3257.7273321066664,24.889,3274.189
3226.03622432,25.117,3256.944
3219.4792888888887,25.137,3263.8677
3227.2881127199994,25.254,3277.3108
3238.2742548,25.462,3293.1836
3379.904893155556,25.535,3451.8584
3652.98978944,25.645,3721.622
3161.240596764444,25.659,3157.2734
2743.0037145866672,25.447,2933.4329
2991.733174711111,25.541,3148.3433
3138.1454923911115,25.511,3225.5576
3014.0048224,25.486,3021.0696
3101.934892755556,25.661,3129.2334
3065.4541618044445,25.608,3090.4907
3121.355864,25.555,3141.7969
3104.950902844444,25.462,3115.5662
3133.58952432,25.545,3145.7178
2819.4884674844443,25.603,2898.2217
3009.946011555556,25.572,3068.5962
3212.939646622222,25.593,3285.2847
3122.781782115555,25.682,3105.514
3089.692768088889,25.675,3098.0457
3091.21418928,25.55,3123.1282
2944.6062065066662,25.534,2989.982
2907.9126384,25.585,2968.3906
2885.258825866667,25.644,2947.7812
2811.3252065599995,25.703,2868.6294
2752.8675744266675,25.72,2805.017
2862.817142506667,25.691,2896.8823
2760.907121279999,25.764,2788.7869
2752.625378133333,25.856,2780.336
2841.1998997866663,25.902,2865.0923
2830.8382748799995,25.899,2843.4836
2868.0672067999994,26.032,2879.5637
2735.629221546667,26.037,2763.2173
2669.5579451022213,26.038,2694.582
2596.38712424,26.138,2588.294
2463.4675666844446,26.172,2389.3171
1238.7092294222218,26.135,1747.5618
1351.349608533333,26.11,1656.4889
1763.1370905600002,26.056,2032.4827
1878.6386924888889,26.123,2093.655
1884.7416238400003,26.008,2043.7207
2049.0030804444445,25.879,2099.9028
2308.3999066666665,25.86,2263.52
2321.941356871111,25.85,2260.9902
2327.5390648888883,25.643,2265.5764
2269.587067137777,25.72,2237.8667
1736.2874190577777,25.698,1828.7588
1544.5351000977769,25.782,1648.5629
1940.209458693333,25.749,1958.2577
2214.7771375733328,25.794,2197.7
2324.6472602666668,25.89,2269.4482
2318.409121777778,25.857,2255.3323
2248.588992133333,25.84,2205.1355
2156.72061696,25.765,2127.809
1984.2156098222213,25.806,1979.6382
1762.3085324444442,25.796,1808.0865
1872.1184708266665,25.826,1897.9651
1988.559300835556,25.772,2017.5107
1863.730411573333,25.669,1930.6428
1800.3284644888886,25.82,1903.415
1854.0839837866667,25.752,1939.8496
1876.8617852,25.702,1950.8231
1383.7867700533334,25.754,1502.524
1256.9912331022217,25.73,1339.361
1256.9912331022217,25.73,1298.8553
1343.1065528888885,25.674,1347.8624
1257.5865855999998,25.667,1290.5248
1396.8578207999994,25.658,1384.4148
1454.5124928000002,25.631,1455.8359
1483.963575111111,25.642,1507.4736
1385.510256124444,25.627,1426.4672
1442.0583332800002,25.724,1449.8966
1433.6294509333331,25.687,1438.0828
1432.5967156355553,25.862,1435.6067
1361.1762061511113,25.992,1375.1146
1457.7738257155552,25.843,1444.4103
1430.5786879999998,25.742,1435.7744
1448.032588862222,25.796,1458.4912
1410.8405139377774,25.758,1428.903
1372.7659985599996,25.714,1385.5923
1398.385001333333,25.771,1400.0515
1300.8350443733336,25.782,1326.1368
1359.0750942400002,25.759,1358.5669
1315.1407206311112,25.808,1329.298
1348.2636782133332,25.748,1351.9766
1357.893403208889,25.727,1377.2268
1275.4054384888886,25.754,1317.9838
1250.755085813333,25.742,1288.4944
1198.2824687288892,25.766,1248.6921
1231.978043031111,25.805,1264.0801
1283.084219493333,25.844,1298.4102
1300.553351288889,25.882,1317.5609
1341.5868527466664,26.038,1355.4698
1257.89669928,26.038,1298.5532
1248.6630821866663,26.124,1281.8633
1278.1353271111104,26.163,1299.3348
993.6945403733332,26.213,1139.9263
900.5854065600001,26.261,1075.9275
1008.7485713066666,26.21,1107.5569
1452.3384028266664,26.264,1388.15
1414.3668266666664,26.225,1427.8018
1416.7447992177774,26.248,1443.1534
1432.9896469333337,26.17,1468.1096
1358.5183721866667,26.208,1393.0349
1377.735784568889,26.228,1400.8174
1346.51649104,26.111,1373.2397
1378.4807216,26.213,1398.7677
1341.7708489422223,26.078,1369.2463
1314.8661062044446,26.027,1344.0687
1339.2031348266664,26.075,1362.1847
1339.4588782666665,26.172,1367.2336
1324.467744800001,26.229,1356.6829
1298.332751075556,26.236,1332.7328
1316.308527991111,26.25,1341.1082
1409.2980000000002,26.271,1418.15
1390.042717555555,26.215,1414.5387
1349.8873667377777,26.155,1382.6058
1317.0942240711106,26.171,1351.6261
1298.599124728889,26.155,1332.6549
1094.9425539733331,26.136,1205.9336
995.6969760977776,26.115,1137.8511
962.6500870133332,26.143,1106.949
1063.2981450666666,26.15,1138.9717
1082.9117095999995,26.162,1158.353
1150.8057444977778,26.1,1195.4263
1258.9582080000002,26.092,1267.3861
1192.1713816088884,26.108,1241.3965
1234.5109484088891,26.007,1260.1667
857.2693855555551,25.895,1073.677
893.3026798933332,25.791,1055.614
1376.9127878400002,25.784,1307.2063
1306.93621392,25.783,1326.6656
1410.5519995377776,25.735,1411.3799
1331.3651428266662,25.674,1360.4438
1320.075582622222,25.555,1340.725
1306.354823111111,25.534,1327.9242
1330.196042933334,25.576,1344.044
1296.4720526933336,25.479,1317.3041
1323.924659555555,25.417,1334.523
1342.7160447999995,25.375,1353.9216
1306.7830033066664,25.479,1332.7278
1336.0311380888886,25.526,1353.2078
1368.0854314400003,25.54,1387.7577
1336.9912982222218,25.541,1369.8771
1371.1038146666665,25.548,1394.092
1385.7290983199998,25.508,1408.089
1398.2299089777773,25.569,1422.585
1352.0362325155556,25.582,1384.1682
1390.36080768,25.589,1407.6989
1422.3581003111112,25.548,1442.3599
1432.4139223111113,25.507,1470.6738
1570.4427139199995,25.512,1614.5068
1590.298563244444,25.472,1648.4536
1713.6241873333336,25.395,1764.4639
1887.656607893333,25.361,1951.6497
1978.8623722577777,25.298,2031.9331
1899.3374808177784,25.354,1963.6183
1907.0068181777776,25.196,1961.814
1924.8514087822225,25.144,1981.4043
1936.368907822222,25.281,1998.128
1892.4841267377767,25.231,1964.4473
1980.15492888,25.294,2037.853
1918.3164708711115,25.19,1989.3539
1916.5618813244448,25.078,1984.2922
1900.861424195556,25.067,1973.3096
1715.4950944000002,25.07,1810.2355
1519.1645769600002,25.11,1611.5856
1888.3438164266668,25.16,1956.4958
2333.217906737778,25.209,2317.1365
2217.6642972266663,25.305,2237.8638
2154.54614272,25.362,2177.2195
2332.138264124445,25.375,2323.7246
2349.861213368889,25.372,2357.604
2304.286879288889,25.434,2344.848
2363.9493306488885,25.392,2407.7402
2346.096765928889,25.414,2423.8386
2120.2843468266665,25.36,2194.1523
2091.962900222222,25.279,2148.1267
2749.976968017778,25.327,2831.1746
2397.037986026667,25.347,2450.2212
2464.633614568889,25.181,2472.473
2507.015576462222,25.028,2531.3296
3838.6521804,25.248,4170.372
4613.2552852,25.342,4393.308
4487.404650666667,25.32,4143.087
4043.685563484444,25.348,3680.8752
3469.11795888,25.153,3273.8206
3370.4682400355555,25.106,3424.188
3456.902744524445,25.195,3604.5723
3363.037173626666,25.317,3445.4124
3382.710807191112,25.392,3483.4958
3509.285768088889,25.189,3596.2832
3523.805547253333,25.234,3549.1523
3584.401389333333,25.206,3602.1016
3524.6670148977773,25.344,3532.5952
3637.949342915556,25.336,3691.9
3536.2247163822217,25.318,3544.5024
3321.1084880355543,25.552,3358.2673
3539.971714622222,25.52,3655.1912
3495.465901546668,25.336,3521.5022
3540.6282458666674,25.306,3551.8389
3357.244385066667,25.319,3365.8813
3481.4808306133327,25.449,3552.3386
3573.6946836444445,25.373,3618.2058
3535.509152462221,25.446,3541.3113
3432.3007128000004,25.705,3467.9653
3755.07473351111,25.586,3832.6995
3935.153155733333,25.487,3913.6287
3783.3019614222217,25.624,3704.566
3702.974026008888,25.525,3680.4473
3711.4129668266655,25.646,3740.5093
3664.551681760001,25.779,3701.111
3621.932656444445,25.559,3652.5854
3381.237978266666,25.484,3414.205
3316.450495999999,25.516,3405.91
3472.234403466666,25.338,3568.6196
3543.63358848,25.245,3574.8516
3693.874465582221,25.432,3715.1467
3670.679857102221,25.221,3640.3125
3718.733763839999,25.328,3706.3525
3785.8916858666657,25.464,3788.2322
3673.7505297066673,25.439,3661.2002
3877.94152224,25.523,3911.3955
3785.57284584,25.658,3781.9055
3798.940081182221,25.597,3809.4414
3698.129315306667,25.579,3712.4841
3800.41098528,25.84,3856.376
3803.959147644444,25.763,3829.1296
3911.120647964444,25.341,3898.729
3891.4877513244455,25.671,3873.2925
3897.458625359998,25.615,3889.416
3903.901213511111,25.591,3902.5
3530.5364390400005,25.25,3505.109
3320.3876165777774,25.588,3409.8145
3473.8301721066664,25.644,3631.3914
3623.704701013333,25.708,3728.6416
3549.1188973333324,25.275,3538.929
3612.803479537778,25.142,3614.4917
3645.999452444444,25.26,3652.3816
3680.2966823822208,24.914,3664.5127
3689.722739057778,24.437,3651.9985
3700.850817600001,24.934,3704.8882
3440.0051628177785,25.178,3466.6973
3419.685349919999,25.287,3521.1719
3885.362326399999,24.783,3971.6877
3721.665652133334,24.42,3651.9058
3595.3916547111103,24.803,3580.484
3478.805961991111,24.544,3522.1484
3627.798338062221,24.827,3718.3022
3589.459578799999,24.482,3618.2983
3696.622906133333,24.532,3729.5552
3746.265688,24.703,3762.5825
3653.7312471111104,24.497,3647.7664
3751.293568142223,24.493,3772.0398
3486.831180355556,24.862,3511.9336
3339.3425398933327,24.016,3388.4365
3203.587100160001,23.729,3275.2075
3274.6059147377773,24.348,3368.3887
3199.1029259111106,24.603,3271.2695
3248.721395342221,24.698,3317.2659
3127.3701613333337,24.761,3175.1824
3315.211629582223,24.852,3383.644
3299.5716408888884,24.762,3312.278
3325.365996186667,24.533,3316.2358
3304.0142642666665,24.596,3304.0488
3240.1869584355554,24.705,3257.6633
3194.34306944,24.658,3229.736
2856.5014264,24.863,2967.9822
3077.257288586667,24.958,3172.9822
3162.41981568,24.863,3207.9988
3024.243251413334,24.945,3035.67
3148.0595327999995,24.966,3174.3235
3099.60915136,24.765,3107.0889
3211.964855244444,24.888,3220.2112
3185.165719466668,24.683,3173.5928
3336.8823040000007,24.756,3352.738
3370.3266564,24.524,3356.7546
3099.510145635556,24.514,3097.336
3155.1239680533336,24.552,3206.7524
3538.4399333688884,24.453,3629.7822
3766.0621064088896,24.15,3735.293
3782.8205370044448,24.381,3687.954
3731.936384,24.297,3660.5654
3735.5544992,24.509,3717.2622
3545.0855843288887,24.399,3548.5173
3388.5019399111115,24.219,3442.7983
3380.3994559999987,24.212,3475.741
3448.6959345422224,24.352,3543.6143
3473.5361056355546,24.24,3529.232
3507.234657422221,24.302,3546.1128
3572.2545802666664,24.239,3597.427
3600.6005174666675,24.228,3607.593
3530.3977572000003,24.252,3533.8052
3716.268101635556,24.174,3745.8718
3639.37134151111,24.343,3632.4084
3743.800302933332,24.326,3752.5767
3683.6903998222224,24.366,3677.6143
3749.123760995556,24.51,3763.5688
3568.5266393244447,24.654,3581.7534
3363.366939635556,24.572,3419.0684
3406.0735905600004,24.568,3501.5151
3525.707660266667,24.77,3609.7615
3481.051821333333,24.77,3510.151
3539.114294586666,24.75,3568.498
3477.05051192,24.817,3493.8196
3598.287575644444,24.872,3628.9087
3548.888381582222,24.946,3550.6946
3533.8399027200007,25.01,3546.4707
3456.973108408889,25.045,3480.1362
3254.2919857777783,25.212,3311.15
3225.1934401866674,25.205,3315.4849
3416.5699789511104,25.291,3509.953
3356.578184275555,25.32,3377.315
3296.70258951111,25.448,3322.3042
3535.654177031111,25.431,3602.4666
3427.146044453334,25.41,3414.9995
3497.941728186666,25.449,3508.398
3411.165724746667,25.313,3411.83
3255.2760426400005,25.283,3279.6992
3416.923402977778,25.297,3487.1575
3152.9832533866656,25.341,3198.7595
2882.6605194666668,25.394,3018.3862
3014.822169244444,25.395,3127.2256
3065.4480857333333,25.451,3126.172
3111.028811448889,25.471,3124.8042
3084.967353555556,25.465,3089.571
3055.8330199288894,25.385,3064.0945
3022.1819588444446,25.356,3038.729
2714.6703300977774,25.376,2795.5947
2693.058870008889,25.293,2752.5618
2670.299891840001,25.41,2703.5833
2794.3603432533337,25.301,2815.153
2797.3643234666665,25.274,2795.182
2687.771236080001,25.288,2646.8406
2531.00759184,25.1,2402.7188
2548.084954453333,25.139,2446.8123
2533.299225493333,25.134,2431.8892
2523.884270631112,25.125,2413.8977
2421.747147804444,25.156,2338.399
1273.1784920533337,25.078,1733.1469
1628.7775938133327,25.084,1884.928
1908.559722453333,25.02,2088.957
2020.6637607822224,25.061,2129.2275
2047.85951216,25.104,2104.1106
1977.7900016,25.084,2021.561
1887.8757144177769,24.952,1935.5643
1768.0214831999997,24.953,1835.6794
1804.486281057778,24.929,1850.8391
1841.3785441422224,24.961,1879.4082
1723.750709742222,25.0,1775.4144
1724.3494286488888,25.041,1759.3245
1710.328174933333,24.908,1745.5845
1680.684577351111,24.869,1713.1052
1723.9692224,24.92,1749.1001
1769.6427566666664,25.056,1794.0416
1608.5608074666663,24.984,1640.0591
1582.334078808889,24.812,1595.2195
1463.9093498666673,24.886,1487.3011
1436.6045599111108,24.862,1440.6941
1417.8599608799998,24.923,1415.8217
1441.9909981155552,24.854,1429.507
1477.0039142399996,24.914,1476.3763
1508.4924692444447,24.95,1541.2192
1063.1202645333335,24.91,1189.9332
1077.32521984,24.853,1144.6814
1131.024101724444,24.862,1163.9618
1570.2854021333335,24.786,1499.6154
1540.5020106666664,24.719,1557.9609
1633.966162631111,24.844,1662.4099
1622.8217387822217,24.721,1661.6963
1972.86687488,24.73,2009.8555
2160.47214256,24.685,2172.2153
2107.4926521244447,26.22,2145.4138
2138.5280961777776,26.459,2162.0918
2211.73057712,26.5,2223.8918
2328.0014657777783,26.387,2322.8252
2349.473406791112,26.526,2354.3442
2264.870164693333,26.634,2309.6614
2071.658434702222,26.631,2115.5696
1876.65466896,26.086,1940.1765
2040.43395008,25.908,2087.0225
1994.1742100266663,26.258,2065.944
1891.5243392266668,26.472,1978.3853
1860.7887896888888,26.22,1940.9033
1933.8061821866663,26.279,2002.4849
1939.6172152622216,26.589,2018.1055
1980.035474346667,26.653,2061.255
2045.1925349777773,26.595,2112.5574
2103.00983096,26.36,2153.7712
1858.5837918666664,25.868,1942.4287
1482.4077375999998,25.825,1607.4331
1572.17976344,25.584,1633.6252
1903.5634895822227,26.098,1990.2001
1891.2872711466664,26.373,1983.2245
1890.65370624,26.337,1954.6224
1901.8161556888888,26.295,1947.408
2038.9906433155552,26.025,2056.0488
2018.1710136,25.603,2032.5857
1992.755306524444,25.218,2004.2461
1867.899656,25.652,1910.4343
1887.8591699911112,25.375,1928.6123
1796.421244515556,25.378,1865.6074
1833.3639688,25.259,1900.7578
1833.6816734933327,24.966,1897.092
1847.27041528,24.58,1907.8225
1811.2386067733328,24.685,1883.5394
1831.2196990844443,24.662,1899.9502
1864.21654384,24.944,1932.7852
1833.1878000000004,25.547,1909.6309
1869.0092399733333,25.335,1927.717
1873.0271497066665,25.191,1926.4796
1873.17180864,26.016,1938.272
1868.3355308444443,25.47,1935.0192
1862.9008485422216,24.62,1931.7051
1820.5653433244445,24.766,1898.1451
1771.7763367822224,25.282,1848.5525
1792.8468146133337,25.422,1864.9175
1978.7652913599995,25.929,2039.7256
1907.4936199999995,25.76,1974.6484
1885.057339662222,26.634,1950.4333
1878.8099648,27.244,1947.5134
1624.4212744,27.293,1707.1506
1552.839392711111,26.801,1606.2595
1677.1448607022223,26.785,1727.137
1761.5136477333328,26.683,1832.2798
1734.1063494044445,26.764,1811.2522
1748.7086154844442,26.604,1818.2847
1743.164112097778,26.524,1813.323
1798.4268091022218,26.434,1867.102
1875.259678488889,26.127,1938.7335
1517.081506951111,26.555,1613.2772
1467.5252293333333,26.691,1518.5685
1891.4966685333327,26.84,1950.8142
1956.6696948622216,26.552,2026.4758
1956.334472266667,26.502,2013.8641
1955.611969422222,26.421,2003.4333
1933.946872693333,26.709,1987.7755
2021.2598515377776,26.739,2064.5415
2096.219818,26.726,2133.2515
2194.62728,26.671,2217.521
2195.1361888,26.533,2212.6113
2383.7408712,25.902,2364.7632
2365.8484021333334,25.609,2375.8179
2393.836346026667,25.513,2423.7417
2298.1607487111105,25.518,2390.1042
2349.640453333333,25.53,2457.67
2566.6752448,25.485,2559.7795
2448.1577352533336,25.49,2459.08
2429.9222557866665,25.507,2457.2117
2480.30813952,25.814,2510.994
2477.1319833866664,25.963,2523.905
2433.0463437866656,25.859,2481.187
2260.2510953777773,25.651,2439.292
4156.676475306666,25.758,4319.6
3917.89126128,25.55,3705.3108
3057.816765155556,25.585,2866.7935
2200.72932288,25.495,2137.6035
2362.378228435556,25.515,2431.4712
2410.320433511112,25.671,2507.0933
2445.8497877333343,25.628,2511.9558
2777.0619993599994,25.806,2837.063
2055.232327235555,25.88,2238.8477
1396.3040110222216,26.038,1764.4939
1441.989428444444,26.156,1705.7104
1837.9563199377776,26.045,2040.1094
2201.3808295466656,25.963,2276.555
2285.7479945066666,25.742,2297.145
2306.47556208,25.841,2283.2056
2304.0597474133333,25.847,2278.2227
2274.908809973333,25.997,2264.6716
2242.152694311112,26.095,2249.8794
2140.3300856,25.96,2149.328
2243.7671429688894,26.048,2254.5269
2296.696775386667,25.779,2315.8193
2324.79936,25.941,2349.0996
2363.910481288889,25.868,2387.9436
2361.247668160001,26.085,2385.2603
2304.555153315556,25.987,2366.2446
4521.533178222221,25.968,4402.1
4358.148087164444,26.123,4121.5
3745.42443744,26.056,3211.5588
2978.9818641066668,25.821,2912.4873
2758.0875215288893,26.104,2914.506
2842.7736674133325,26.207,2997.1028
3019.9084684,26.289,3103.288
3079.9838562133336,26.101,3077.273
2900.098335857778,26.226,2943.7761
2996.6447443199995,26.233,3026.06
3010.473912444445,26.264,3041.241
3132.997730364444,26.312,3133.4526
3110.398087786666,26.162,3079.5718
3032.4882540088884,26.106,3016.9197
2809.3594752888894,26.082,2896.6045
2570.8621934399994,26.082,2649.9653
2914.3165355555543,25.457,2945.0623
2967.049105546667,25.863,2946.4707
2995.945092533333,25.873,2948.9854
3016.641953706667,25.861,2999.8242
3200.8314330666662,25.945,3236.8298
3074.5862090666665,25.929,3070.8333
3040.00861584,25.925,3059.6772
3072.769908622222,25.761,3097.6357
2597.73635088,25.87,2654.108
2692.834770346666,25.629,2771.867
3067.979387671111,25.508,3140.7278
3021.7955612444453,25.399,2970.8713
3057.6966317511096,25.689,3022.068
3042.970662079999,25.89,3056.3691
3056.4703762666663,25.924,3084.252
3024.996638817777,25.975,3057.3564
3147.51696224,25.653,3163.3926
3213.277583537777,25.892,3228.7954
3169.070563413333,25.831,3165.5051
3169.1701094400005,25.844,3190.2852
3124.406291573333,25.81,3155.9973
3093.468327822222,25.87,3138.0215
3078.73081152,25.959,3134.7996
3140.6452611733325,25.975,3193.79
3151.541589653334,25.927,3181.0386
3131.540043875555,25.863,3148.204
3169.961434444445,25.928,3198.0107
3231.761231733333,26.086,3272.0408
2941.036345884444,26.048,2999.2607
2863.4769528266665,26.066,2960.7563
2722.909948302223,25.968,2849.1938
2965.145525333334,25.632,3002.7246
3056.319739075556,25.707,3044.193
3118.2342353066665,25.853,3088.472
3018.7994224,25.862,3002.7905
3101.900724462222,25.647,3108.4524
3139.199112,25.55,3139.5542
3102.222115786666,25.66,3098.7302
2886.69322696,25.79,2938.4973
2849.895956924444,25.615,2919.0352
2546.6621966400003,25.75,2530.8225
3119.826254435556,25.558,3276.0857
3123.583691919999,25.555,3105.0132
3125.25140576,25.684,3071.7812
3111.1583687022226,25.589,3104.6562
3052.462905777777,25.656,3069.0784
3092.649208693333,25.589,3119.7996
3075.5239687822227,25.63,3096.8545
2974.1710131200007,25.593,3004.5918
2853.6142504444447,25.433,2911.4978
2790.6318352266658,25.513,2858.0923
2811.298892444444,25.554,2861.674
2829.643226506667,25.564,2857.3376
2812.6848084000003,25.655,2832.26
2745.53468,25.768,2773.3271
2769.19434896,25.779,2799.7058
2809.0226772,25.68,2827.3757
2777.1714245333333,25.629,2788.1135
2458.182831057777,25.563,2355.6677
1240.5570630222214,25.685,1757.2134
1376.5238284622226,25.643,1685.6998
1581.7829728711113,25.579,1866.5535
1877.997736853333,25.508,2093.3367
2189.486844657778,25.51,2263.2622
2270.082176106667,25.459,2267.404
2270.083411582222,25.418,2228.7295
2293.3135624,25.228,2240.2524
2289.95354864,25.272,2251.1624
2357.651430542222,25.143,2327.2346
2303.1988410311105,25.089,2303.0151
2365.254616977777,25.21,2354.945
2421.072608426666,24.775,2416.4917
2181.562073599999,24.803,2222.3164
2357.9818696,24.746,2414.4219
2389.194884444445,24.775,2427.7554
2435.256720177778,24.876,2471.0435
2436.9222902755555,24.969,2478.0923
2417.6069702400005,24.886,2465.4656
4156.435566888889,24.977,4322.786
4621.1335681422215,24.978,4367.652
4508.710909866667,25.03,4128.502
4505.564171093333,24.886,4295.043
3842.94952768889,24.92,3579.6726
3195.1233310577777,24.833,3142.414
2922.418254426667,24.945,3074.3428
3206.662442186666,25.008,3453.9536
3196.19870016,24.97,3306.394
3189.09896128,24.946,3240.1243
3241.651533777777,25.021,3293.4658
3242.4954846844453,25.059,3270.993
3217.715360497778,25.114,3232.8555
3154.319073777777,25.194,3171.3745
3200.411776604445,25.186,3225.4326
3199.3770931911104,25.13,3214.588
3235.792206533333,25.214,3265.273
2634.9853100800005,25.198,2819.9841
3018.9816567911107,25.297,3130.4214
2899.182318648888,25.303,2948.1985
2912.8899048,25.339,2921.481
2717.346141919999,25.399,2762.4543
3023.945554204444,25.476,3078.9258
3179.6322736444445,25.466,3201.6453
3027.6745151999994,25.473,3001.0618
2914.220042702222,25.54,2945.7197
2841.702958417777,25.542,2909.4568
2697.7460965866667,25.488,2762.5332
1170.6964933866657,25.507,1761.0701
1486.6507891733336,25.485,1822.5911
2053.7380841777767,25.328,2237.0671
2327.879438986666,25.552,2367.8887
2444.819512906667,25.492,2338.4067
2311.798042008889,25.426,2314.0876
2338.5847333688894,25.356,2324.9053
2349.766795555556,25.443,2347.8835
2393.5972005777776,25.345,2354.401
2397.802818755556,25.361,2388.6782
2409.631169733333,25.325,2412.8555
2421.851216533333,25.34,2435.6445
2420.993397093333,25.26,2448.8462
4556.95733304,25.266,4397.3823
4152.53398632,25.166,3751.0063
3427.2254514133333,25.238,3085.6228
2771.5679175822224,25.16,2848.4585
2904.494097333333,25.175,3067.5662
2555.575787137778,25.171,2674.2683
2393.0221478399994,25.223,2364.594
2417.3739101777783,25.19,2451.003
2384.4086358399995,25.233,2434.1504
1132.7015887466666,25.254,1582.3676
1480.813756382222,25.256,1734.9221
1776.4157501066663,25.306,2021.2626
1940.771831795555,25.286,2108.6719
1966.0664075377767,25.29,2085.3784
2061.66214376,25.219,2111.5564
2180.3753929244444,25.217,2178.886
2113.5518108444444,25.223,2119.391
2089.118566506667,25.217,2091.0527
2131.193074311111,25.212,2117.1304
2008.9700743111111,25.27,2021.8293
1992.586984915556,25.264,2000.5708
1948.640462657778,25.24,1966.1477
1912.6653299911109,25.316,1927.562
1965.4890037866671,26.023,1945.486
1796.7328032711112,26.142,1816.2388
1821.426392933333,26.244,1834.5787
2034.21119856,26.601,2039.774
1971.7816219733336,26.527,1989.4788
2003.2743619911112,26.604,2023.547
2028.1994164266664,26.103,2042.1498
1958.10734592,26.608,1991.7283
1824.089976924444,27.046,1895.9944
1801.911830631111,27.13,1905.3533
1822.00106024,27.141,1913.9475
1824.4301425866663,27.198,1908.112
1453.4163057599997,27.295,1550.0066
1383.8603990399995,27.388,1447.451
1462.4523643733328,27.443,1486.2627
1875.4896981866664,27.461,1932.3369
1917.1632807822225,27.45,1994.0801
1926.8257208444445,27.476,1986.3375
1974.878254702222,27.485,2016.8495
1930.8179604,27.513,1980.2822
1866.8363412266667,27.544,1925.5457
1825.945210568889,27.432,1889.4066
1826.1081594311108,27.432,1891.9521
1780.2291112,27.325,1849.2102
1712.042839173333,27.401,1786.48
1712.09544528,27.477,1776.6375
1707.8627048622218,27.48,1764.2157
1838.165278328889,27.404,1897.3237
1349.953726097778,27.467,1450.3058
1373.9761497777774,27.45,1410.927
1388.0706901333338,27.308,1412.0182
1482.9663425599997,27.387,1493.082
1470.0292506666665,27.279,1491.8833
1473.977241333333,27.389,1496.1117
1448.0101418666668,27.262,1474.996
1480.576942151111,26.965,1507.3157
1411.4990387111109,27.037,1454.9387
1413.519842382222,26.91,1438.4656
1369.1910400000004,26.497,1385.1667
1432.7187924977777,26.261,1429.837
1433.0812700800002,25.932,1434.3428
1396.868736302222,25.738,1403.2483
1395.4822625777774,26.131,1407.0756
1108.83916672,25.631,1194.243
1012.3117573333336,25.69,1122.0542
1534.7410848,25.74,1455.1515
1537.7417277155555,25.666,1552.2695
1510.5658697066672,25.737,1539.7449
1516.671000693333,25.728,1543.2817
1539.533132337778,25.765,1564.7109
1517.8981458133337,25.726,1547.4532
1511.031663786667,25.741,1555.727
1529.5908960711108,25.664,1570.417
1592.673323093333,25.693,1633.9961
1517.4135086933334,25.641,1566.9241
1533.6560414933326,25.629,1573.8408
1546.4782842311115,25.651,1588.1675
1519.5773992977774,25.614,1565.0986
1477.4976479999998,25.679,1524.989
1547.1676982222225,25.628,1584.2842
1541.7541051733333,25.645,1589.6488
1515.0325644799996,25.518,1564.3623
1529.555543537778,25.572,1575.2476
1516.8307822666666,25.581,1565.7397
1478.6456877511114,25.512,1528.9462
1553.1417709866662,25.498,1595.1266
979.2963618133329,25.434,1167.8751
1114.764908053333,25.5,1180.628
1309.0588866844437,25.585,1292.8795
1354.6956280000002,25.579,1357.262
1347.035931075555,25.526,1362.9897
1312.4708439822218,25.463,1334.212
1382.804536711111,25.428,1385.291
996.6152523288888,25.477,1145.9437
1023.83226064,25.497,1123.4543
1523.3990360977778,25.526,1452.3842
1484.1674134399998,25.497,1511.5814
1457.671773804444,25.515,1494.7529
1461.7861717333333,25.567,1496.7992
1531.9846119111112,25.566,1560.3381
1483.8697499999998,25.593,1527.0798
1505.8005787733327,25.604,1542.6094
1525.2688951644443,25.608,1561.5686
1559.0543238222224,25.614,1596.9854
1545.30090048,25.596,1589.501
1519.6406624,25.603,1564.4895
1543.441848622222,25.509,1582.1172
1493.113210142222,25.566,1541.3535
1538.3181742933327,25.472,1576.4773
1581.132501395556,25.524,1640.7178
1673.4064875022227,25.574,1736.0431
1778.0363575111107,25.594,1848.33
1809.807618666667,25.832,1886.6567
2049.13384872,25.898,2096.3594
2198.814640853333,25.86,2214.1414
2247.0790698311107,25.893,2247.8887
2229.4073840888886,25.846,2241.3882
2259.790930222222,25.852,2277.794
2244.563548444444,25.776,2275.7817
2046.2689171466668,25.738,2091.7502
1977.159711111111,25.716,2031.3269
2050.3627789333336,25.723,2102.4055
2061.4928253866665,25.86,2118.167
2089.27286704,25.873,2140.5222
2090.8964775466666,25.877,2137.704
2240.471299413334,25.962,2273.479
2377.289180586666,25.977,2381.2217
2344.8798784,25.999,2373.7905
2331.3943122133337,25.901,2381.4062
2293.1071739377785,26.099,2379.9663
2348.37523088,25.908,2448.3245
1796.105810488889,25.949,1927.1006
1744.5352838577778,26.07,1856.6707
1882.779728248889,26.225,1978.9061
2040.8946893066664,26.39,2118.9236
1958.31455648,25.954,2031.0078
2133.7541115022223,25.675,2154.5447
2246.43874416,25.8,2250.894
2490.466198577777,25.977,2428.2832
2339.98898816,26.115,2352.079
2163.1485761955555,25.866,2186.4517
1957.3466283377784,25.876,2000.5898
2341.204791591111,25.967,2398.3257
2429.699841075555,26.095,2455.8953
2406.697008444444,26.039,2497.3167
2399.4863562311107,26.236,2449.4214
2391.017198079999,25.97,2454.1716
2417.6077655555555,26.026,2470.842
4656.304816106666,26.091,4427.5693
4649.733478826666,26.108,4361.788
4241.102193191111,26.135,3790.2183
3420.87738471111,26.49,3109.0894
2930.4595199999994,26.552,2990.727
3138.6741827733326,26.439,3328.5264
3095.977274755556,26.159,3176.4497
3146.4821390933325,26.238,3163.309
3122.331868728888,26.391,3134.6982
3175.24023024,26.104,3187.7925
3168.577013635556,26.096,3169.6152
3235.0433092266658,25.945,3217.7896
2840.85853824,26.246,2934.8157
2766.2361244266667,26.006,2895.5852
3007.869243519999,26.326,3067.358
2969.7124904177776,26.396,2980.5488
2968.3606961777764,26.566,2968.5208
3153.345935911111,26.37,3200.337
3301.8573055999987,26.631,3354.4744
3523.1792333422222,26.597,3569.702
3603.9108176,26.255,3550.8254
3005.60541447111,25.275,3002.3271
2707.146556444444,25.799,2884.495
2839.314382435555,25.892,2998.444
3163.4571400533337,26.004,3298.6943
3400.2470948266664,26.08,3474.7085
3589.0587712,26.068,3579.9673
3592.47479008,25.973,3509.975
3434.7080386666657,25.857,3361.392
3242.67913504,25.79,3243.832
3164.67645312,25.946,3229.0466
3258.3241960533337,25.722,3334.1929
3243.9456150933333,25.704,3278.687
3352.6530924088884,25.648,3387.6782
3299.9137872711103,25.752,3314.3862
3301.70477968,25.937,3336.2463
3296.7528981688897,25.932,3336.2466
3332.447214577777,25.682,3352.719
3392.529008000001,25.716,3411.205
3427.9760616177773,25.684,3437.8809
3291.8126401422223,25.957,3309.8335
2799.1688898044445,25.661,2955.21
2964.038627733333,25.758,3089.6716
3179.4112632533333,25.872,3291.4487
3106.2542049599992,25.187,3077.4856
3101.340233102222,25.443,3084.5234
3102.004645306666,25.557,3117.5413
3183.33621888,25.594,3212.1438
3273.063464844444,25.698,3303.6938
3331.4277667555552,25.502,3334.8296
2944.7616726488886,25.463,2985.4714
3371.610431946668,25.496,3502.4197
3532.9431221333325,25.466,3575.6812
3607.9245528000006,25.463,3566.4712
3512.718929919999,25.422,3464.9062
3323.2331578222224,25.227,3319.542
3408.395350720001,24.985,3452.244
3454.8707028,24.973,3482.2822
3330.1281815466664,25.061,3343.1997
3295.37460816,25.003,3340.4153
3287.393675946668,25.174,3353.5637
3286.2350350933334,24.993,3334.3542
3246.037611733333,25.33,3297.1504
3299.53391288889,25.354,3359.2854
3478.5219982399994,25.149,3531.2085
3487.225610293333,25.149,3479.4775
3320.789263742221,25.156,3312.7527
2975.926524906666,25.186,3061.4878
2896.7760431111105,25.341,3032.5757
2984.548777226666,25.382,3085.9917
3115.9805078133327,25.392,3166.1782
3172.5881055466675,25.207,3168.7695
2371.3726546666658,25.335,1820.0374
2664.82205872,25.253,2751.163
2884.1913540266664,25.342,2935.6897
2857.664266239999,25.168,2832.595
2896.6643216533344,25.449,2876.714
2859.474637333333,25.322,2858.5554
2956.3190713777785,25.344,2954.2427
3089.719180017777,25.292,3088.6108
2776.976448791111,25.263,2789.8923
2531.8416065422225,25.326,2430.0774
2647.067479671111,25.01,2686.5354
3027.4439319111107,25.422,3100.0002
3002.8521275022217,25.157,2965.1765
3134.204069191112,25.173,3106.565
3031.7698372000004,24.988,3010.1936
3045.350048266667,25.056,3051.6912
3069.17270568,25.149,3093.819
3086.5225517866675,25.096,3099.489
3052.678719253333,25.078,3062.7217
3345.3617372088893,25.206,3423.2156
3623.528124657778,25.034,3647.258
3832.691961031112,25.202,3778.615
3722.519456568889,25.171,3607.7903
3600.473587200001,25.257,3551.3105
3642.8027392088898,25.184,3658.9104
3333.618820355556,25.254,3361.7195
3228.4012901688884,25.258,3324.871
3301.3771120000006,25.228,3421.044
3437.5538756799992,25.106,3514.8452
3441.7588708800004,25.28,3469.1064
3646.765344817777,25.124,3677.3374
3718.16193312,25.128,3695.4272
3528.284273066666,24.949,3473.0823
3322.4212768800003,25.082,3346.4824
3303.8527348622224,25.117,3390.0657
3238.380080675556,25.02,3316.041
3316.1167988266666,24.92,3380.618
3049.5333848,24.817,3102.3418
2775.620326311111,25.161,2932.3354
3100.442161146666,25.236,3219.4998
3204.036985599999,25.202,3241.7012
3212.2545632000006,26.435,3265.1372
3326.468053191112,27.215,3501.493
4098.229368586667,27.361,4143.96
4409.992896355556,27.384,4256.586
3955.856081333333,27.358,3729.0908
3148.697317653333,27.237,3157.8643
3302.884443413333,27.206,3503.6504
3798.598682373332,27.179,3966.4126
3696.893667413333,27.199,3653.5532
3392.8584246755554,27.278,3353.5361
3157.4142742399995,27.335,3254.5151
3164.67645312,27.137,3305.196
3237.82399208,27.209,3348.8599
3210.024801137778,27.004,3253.369
3231.193949333333,27.026,3252.6104
3202.809989528888,27.093,3227.591
3063.41947912,27.045,3099.1975
3300.420835288889,27.064,3397.397
3168.709454053333,26.984,3178.6938
3076.1450392000006,27.017,3098.8323
2867.242367920001,27.057,2974.6707
2987.0076553777776,27.034,3073.0447
3031.522396248889,26.918,3077.0825
2938.776650613333,26.684,2953.7183
2616.245036960001,26.642,2688.808
2603.782651804445,26.597,2629.9585
2590.036159235556,26.32,2526.9033
2845.5644378488887,26.299,2831.9246
2711.673289973334,26.227,2642.9404
2696.170087404444,26.143,2611.8801
2761.5533914400003,25.907,2724.87
2786.54860016,25.841,2750.3079
2711.2081852444453,25.704,2651.3823
2458.7461124266665,25.85,2308.709
980.727514106666,25.919,1547.4369
1638.205862933333,25.964,1901.2058
2096.023922346666,25.95,2247.304
2432.004093813334,25.971,2339.319
2359.5569553777777,25.988,2341.1199
2356.884166453333,26.106,2331.6707
2331.62192384,26.09,2329.6343
2294.46685496,26.117,2327.0964
2301.8992302044444,26.107,2341.6555
2314.619712142222,26.104,2360.9795
2264.639751413333,26.012,2321.874
2281.5094237155554,25.965,2342.088
2263.6076286133334,26.078,2331.3208
2175.812695528889,26.069,2221.0996
2013.9157283733327,26.142,2040.7169
2024.6764782577773,26.162,2038.7684
1623.91347648,26.14,1730.2844
1593.4132902755557,26.222,1665.6975
1736.393588444444,26.279,1777.8058
1846.785413688889,26.307,1884.0239
1776.0224042666669,26.357,1819.5157
1701.5041569955551,26.498,1745.8693
1741.980825777778,26.506,1798.8772
1712.4399089066665,26.684,1811.0015
1658.6137357777784,26.779,1728.054
1643.0921093688887,26.841,1687.8188
1455.6023953333336,26.975,1510.1952
1286.127614986667,26.951,1351.5515
1249.2571072177775,27.093,1294.5128
1594.1291488000002,27.1,1565.1675
1710.3522323555558,27.155,1734.8003
1756.5142522311107,27.197,1792.5605
1747.2866285333332,27.22,1780.3257
1753.1418045333332,26.66,1777.2571
1689.5332570577782,25.852,1710.7212
1591.774411573333,26.452,1631.7979
1597.1151674577775,26.071,1623.3489
1487.5261463111112,25.758,1519.9404
1562.4363153066668,25.694,1587.0217
1523.8232478666666,25.752,1573.1654
1407.94714896,25.908,1454.6057
1509.8077500000002,25.624,1521.0903
1490.504317777778,26.038,1522.9496
1545.5186469333337,25.876,1574.0176
1543.05312912,25.258,1570.2839
1532.8086252,25.375,1568.447
1442.7510822399995,25.343,1474.2817
1424.9853256888882,25.151,1440.9287
1396.052328,24.813,1407.0127
986.5022747377774,24.891,1141.9539
1088.5291712533335,24.332,1143.4812
1264.6102816,24.279,1241.9054
1215.51270776,24.277,1227.882
1169.2172879644445,24.304,1195.3319
1218.869768488889,23.916,1207.7711
1271.6904298666666,23.923,1247.7605
1030.706493208889,24.518,1134.217
876.3479193066665,24.895,1051.5856
999.8553853688888,24.816,1083.3567
1463.9323325066669,25.454,1388.8934
1399.3592989866668,25.172,1406.5339
1474.1762181066667,25.191,1490.5007
1482.971046915555,24.861,1506.2883
1448.8312848000005,24.97,1484.8647
1425.3423210666672,24.928,1454.5511
1414.0004691555555,25.037,1440.9187
1417.3492134222222,23.993,1403.4468
1275.576184471111,24.934,1316.43
1318.4532099200003,24.975,1325.7026
1309.3733844977778,25.248,1327.946
1375.6041665422222,24.902,1372.6162
1419.9007557333334,25.059,1430.2299
1423.7294420800004,25.072,1453.1975
1411.8439133866668,25.154,1441.072
1404.4842215999995,25.185,1429.6294
1419.9860070399995,25.074,1441.1523
1367.3071808177776,25.058,1398.2108
1342.770607173333,25.133,1371.1951
1330.0126359466667,25.11,1354.8282
1376.2670230488889,25.235,1397.4742
1334.5614519999997,25.181,1368.8142
1363.016817866667,24.989,1377.7975
1402.0871253777775,25.014,1407.6462
1399.2291793066668,25.039,1413.8746
1361.272527831111,25.173,1383.3743
1372.4690838577778,25.122,1385.1549
1374.7935431999997,25.151,1389.4551
1356.0743535111114,25.134,1374.4951
1382.5004758133337,25.111,1393.9615
1410.9654704711113,24.974,1420.7837
1105.3848120000002,25.034,1208.8046
1078.1095837955552,24.973,1160.9923
1161.5657514666666,25.036,1197.9396
1210.3616608355555,25.125,1234.261
1194.5757951999997,25.164,1230.9276
1248.9109271999998,25.162,1263.0259
1227.555597146667,25.262,1257.7404
1088.0360313599997,25.357,1177.4486
948.0775037866666,25.422,1098.1387
1380.4709388088893,25.523,1323.6907
1482.7352026666665,25.474,1494.8936
1474.50325,25.471,1513.0168
1466.4907135999997,25.56,1508.8737
1563.8864352355558,25.671,1598.675
1659.8613017599994,25.724,1704.1357
1741.3127968088886,25.776,1799.2595
1919.6890388,25.79,1978.8322
2075.879450328888,25.838,2113.9797
2125.70163,25.892,2149.1523
2149.4564364000003,25.911,2164.273
2104.64038272,25.962,2126.8225
2013.0931392,26.032,2050.8845
1995.11211064,25.993,2040.1207
1920.032958631111,26.028,1992.2954
1955.3198336000005,26.018,2023.5992
1994.4884004266669,26.086,2059.911
1980.8388839555555,26.082,2048.194
2026.164188782222,26.217,2085.5068
2164.8410577688883,26.143,2203.0903
2172.4641131200005,26.133,2211.361
2235.0846038666664,26.413,2273.6885
2344.11270048,26.211,2365.8079
2349.416407235555,26.13,2382.9653
2246.050339057778,26.165,2313.5374
2267.424387555556,26.271,2354.3818
2162.0286111999994,26.129,2248.7314
2093.651931546666,26.302,2170.256
2168.0528296,26.468,2252.0024
1829.56922368,26.372,1937.1218
1780.7606591288893,26.328,1865.773
1919.5825771377777,26.244,1979.0706
2148.913219573333,26.22,2185.6978
2244.7520603555554,26.312,2266.2292
2261.067589848888,26.345,2275.2173
2277.4353493333333,26.392,2297.7373
2059.8852213333325,26.364,2097.373
1936.946458293333,26.383,1994.9285
2473.9678548,26.254,2446.6309
2306.798590613333,26.197,2376.507
2327.952067715556,26.249,2380.5579
2302.07758816,26.118,2382.1934
2319.3162414666667,26.124,2419.7231
2371.8512064,26.184,2438.9443
2328.5335772977764,26.285,2468.2515
4577.953632266667,26.352,4412.1323
4482.201798773334,26.588,4242.499
4429.593735840001,26.84,4170.5815
4342.8347507555545,26.659,4183.6255
3950.122956577778,26.468,3680.1472
3412.817994559999,26.696,3281.5312
3212.291080177778,26.93,3297.0713
3347.7823691822227,26.575,3538.13
3405.496663066666,26.52,3499.5845
3654.5310516,26.904,3768.1687
3588.685444488889,27.168,3603.2134
3637.260746364445,26.839,3628.5237
3485.744334488889,26.67,3432.6768
3362.969494951111,26.754,3354.7114
3423.412298755556,26.69,3468.853
3440.952807502222,26.894,3482.547
2996.7776738044445,26.554,3052.1816
3100.25761184,27.154,3228.8064
3400.556713617777,27.132,3591.6577
3662.982711644444,27.034,3737.1606
3921.766783911111,27.023,3883.7773
3817.3078788,26.99,3693.9927
3307.9164817866667,27.108,3252.4814
3346.6590331199995,27.074,3465.2612
3029.67503192,27.196,3179.2202
3011.687857422222,27.537,3195.0747
3713.6527035199992,27.39,3946.2607
3864.7750091733337,26.946,3821.6528
4070.37571192,27.056,3944.7969
3772.1243800177776,27.481,3630.9995
3217.820526133333,27.897,3250.303
3526.728349386666,27.351,3702.7383
4186.568891377778,27.362,4199.08
4152.225824248888,27.318,4049.6943
3918.88232344,27.454,3797.3303
3389.206848,27.534,3349.8303
3245.743743217778,27.645,3395.1885
3839.2011705422224,27.601,4046.027
4224.264601333333,27.266,4182.28
4164.907185511112,27.044,4030.5303
3676.560548408889,27.059,3494.1646
3265.0157645511104,27.248,3293.7612
3402.278022177777,27.198,3579.2227
3902.461812293333,27.277,4058.351
4373.5445684,27.128,4264.9834
3781.1601999199993,26.968,3554.5405
3087.263188524445,26.78,3095.405
3224.6240210311107,26.521,3398.0698
3464.4692858933336,26.722,3636.4976
3857.246270328888,26.754,3955.5913
3947.472256,26.862,3916.046
3845.69626,27.313,3804.5574
3886.0148135288887,27.578,3920.7988
4021.4696496000006,27.234,4041.0664
4033.67260352,27.876,4060.3535
3552.0360053333334,27.655,3513.876
3167.134390399999,27.072,3236.175
3581.6227733688897,26.827,3758.2778
3695.243901155556,27.442,3787.9724
3829.779090444444,26.976,3823.8071
3953.745391866666,26.951,3913.7659
3907.983956017777,26.805,3829.855
3867.00154456,27.204,3852.8528
3765.76822392,26.863,3751.3328
3392.44216024,26.675,3363.5964
3176.768180471111,26.838,3270.4292
3247.725456488888,27.246,3436.8306
3573.643632071111,27.306,3783.3838
3814.3981382399993,27.129,3871.5571
3841.120731591112,27.091,3781.9438
4329.895559368889,27.388,4245.163
4362.29839656,27.213,4251.5747
4340.913401119999,27.429,4288.6885
4379.500134648889,26.959,4339.847
4357.5057144,27.043,4344.2817
4243.896969315557,26.85,4259.3496
4057.644760462222,27.036,4110.045
4028.316169555556,26.943,4111.633
4058.0634760533344,26.834,4125.594
4125.878629155555,26.877,4167.9316
4151.212091519999,26.733,4168.0527
3686.594738524445,26.934,3661.1792
3607.8679736088898,27.13,3732.2397
3867.263669155556,27.17,4029.2024
3855.518593422223,27.082,3910.235
4147.19760176,26.97,4152.875
3998.551182133333,27.004,3957.2754
4299.461738346667,27.439,4289.216
4511.599498293333,26.349,4375.49
4371.672445653334,26.246,4284.956
4475.381151608889,25.966,4377.8374
4210.731393066667,26.221,4205.9463
4404.335270684444,26.397,4375.0117
4399.3922808711095,26.208,4362.751
4517.144177511111,25.812,4400.6436
4506.905223333334,26.138,4405.2095
4539.3677778933325,25.735,4416.0205
4416.570295733334,25.834,4375.969
4459.94544839111,25.055,4378.4307
4493.626560293333,26.162,4404.326
4366.404790097778,26.454,4373.25
4395.799343288889,25.71,4370.3345
4444.021008044445,26.039,4385.662
4364.921240133334,26.448,4362.7637
4356.506137822223,26.164,4354.3115
4248.774596533333,25.776,4257.4375
4247.822670186667,25.626,4250.1733
4246.772342462223,25.56,4241.997
4220.606190533332,25.706,4227.463
4016.386835626666,25.679,4048.202
4146.068423680001,25.722,4191.1104
4189.168597439999,26.067,4213.004
4227.2592753066665,26.024,4228.5166
4185.012040800001,25.916,4182.706
3921.417820871112,25.806,3926.6443
3814.498797475555,25.793,3878.2134
4009.865143271112,25.775,4081.8867
3963.482249244446,25.873,3992.504
3922.6476232533337,25.91,3951.5298
3802.329633404443,25.888,3837.097
3773.934562471112,26.224,3852.523
3845.666741333333,25.984,3912.25
3524.526034444444,26.068,3536.9685
3403.4636443733325,26.061,3483.1208
3710.9507964977774,26.166,3858.0981
3876.2067934577776,25.941,3906.2593
3885.3672368622215,26.205,3861.619
3866.230457600001,26.057,3838.6663
3818.0562253244448,26.02,3802.9478
3770.886328711111,26.087,3783.166
3763.3490358577774,26.161,3804.7446
3761.867576071112,26.43,3823.5752
3726.8876556444447,26.748,3801.751
3902.084642915555,27.216,4002.8462
3934.37307344,27.579,4002.6147
3810.04860288,27.709,3853.5059
3983.889268551112,27.838,4052.6926
3942.578291626666,27.947,3968.7173
3815.890455306668,28.0,3824.13
3887.8222013155546,27.993,3939.229
3801.510775111111,28.058,3819.6685
3807.7516384,28.05,3837.4421
3504.764684444444,27.984,3495.522
3384.550528106666,27.685,3430.2551
3460.159227528889,27.784,3554.918
3483.212173191112,27.463,3513.7773
3703.077258666667,27.478,3739.918
3441.406433137778,27.319,3365.9624
3156.288340302221,27.3,3172.807
3287.815069760001,27.229,3393.1382
3339.7148384,27.302,3414.5898
3216.242384853333,27.251,3229.454
2873.777549199999,27.256,2995.269
2326.978533937778,27.395,1988.1354
1310.1932162666662,27.337,1850.0686
1341.9694146666668,27.314,1734.14
1433.2508236711108,27.322,1760.6875
1690.0868677155556,27.35,1981.3638
1790.8876030666668,27.387,2034.1443
1862.8498749866665,27.434,2039.438
1898.590819244444,27.53,2030.0864
1954.7553528533333,27.496,2043.4318
1962.127692835556,27.479,2031.334
1959.676928533333,27.457,2014.9984
1944.1602614933329,27.54,1991.0012
1935.3121209244448,27.52,1973.9911
1864.17200384,27.535,1914.9077
1759.9498756977778,27.469,1822.6665
1704.6871053333332,27.474,1759.9202
1719.8747422933332,27.529,1754.7114
1542.206095928889,27.48,1596.0015
1282.7468904177776,27.506,1376.2424
1408.4588000266667,27.518,1417.8446
1476.0761780622215,27.527,1462.37
1392.81375648,27.53,1397.7362
1486.7400391822223,27.526,1465.8253
1574.9131570399995,27.468,1579.0869
1586.0591121333334,27.532,1637.1472
1696.4989066666665,27.508,1755.191
1469.6439802488885,27.495,1531.0372
1465.7766133866662,27.536,1493.0525
1456.628882222222,27.564,1476.4021
1662.8478921600004,27.489,1672.0718
1871.08109056,27.462,1926.8103
1940.4307532088887,27.402,1992.9807
1908.1836756,27.182,1950.0281
1920.7330971555552,27.151,1954.087
1875.323688,27.016,1915.555
1911.775331128889,27.1,1952.846
1850.8781937066667,26.964,1906.5391
1789.563451573333,27.016,1854.285
1812.7122612888888,26.99,1875.7131
1826.8385129600003,26.952,1894.1714
1784.3449856444445,26.937,1864.8374
1837.781102488889,26.941,1919.1157
1862.306242453333,26.934,1940.9833
1828.35723264,26.863,1908.9583
1820.8843801422229,26.947,1903.1958
1846.8719295822216,26.951,1923.7473
1879.780091413333,26.948,1952.3943
1913.221146106666,26.924,1980.8298
1437.7194106666666,26.967,1548.5464
1397.6192521866662,26.959,1463.5541
1517.1607660266664,26.983,1549.6438
1580.77442192,26.98,1622.0295
1593.9167075555556,27.031,1635.2141
1605.328605457778,27.014,1640.1063
1628.3883829155552,27.037,1663.312
1670.8158431466663,27.052,1711.9773
1780.845300266667,27.061,1833.0852
1436.870875342222,27.054,1504.6516
1310.662557244444,27.064,1363.2854
1719.271881457778,27.008,1731.8234
1851.8656984888887,27.031,1925.0613
1720.9633953777775,27.068,1792.8015
1658.4695717333334,26.976,1711.6954
1608.2491671999996,26.928,1656.1174
1584.77633568,26.89,1624.6383
1539.749208977778,26.89,1577.3457
1448.9946470399998,26.924,1486.782
1508.5253880888883,26.911,1527.8546
1554.5593772977777,26.918,1579.9846
1556.889805582222,26.89,1588.1088
1512.9890785955552,26.932,1551.7837
1550.298786862222,26.916,1597.8971
1553.4641287999996,26.958,1605.2839
1581.259895111111,26.929,1627.6958
1534.2069960533336,26.976,1583.2437
1557.859266133333,26.961,1599.2668
1565.0846671999998,26.961,1608.2664
1592.906854755555,26.966,1635.396
1537.8388889599996,26.973,1582.4946
1522.8465293333331,26.952,1561.4088
1574.7199372799998,26.952,1622.4396
1547.2335894755556,26.976,1600.6714
1510.0241550133328,26.951,1545.6426
1539.3249809066665,26.958,1567.1134
1570.4719810666666,26.922,1606.0981
1524.45748,26.939,1569.6671
1465.02353456,26.988,1507.9736
1592.6836284266667,26.967,1625.1296
1568.88875,26.922,1619.2358
1467.00232624,26.909,1521.7764
1576.7519114666666,26.897,1612.5312
1567.9043927111115,26.914,1615.7618
1544.3276158933334,26.904,1592.9119
1603.12368216,26.873,1648.0302
1676.0593015466666,26.826,1727.8679
1778.17532464,26.879,1841.7285
1896.5788117866664,26.833,1960.2966
2112.6146612977777,26.856,2149.3232
2285.117529351112,26.739,2282.8674
2593.5897712,26.662,2470.0479
1924.5723054222224,26.652,1986.118
1866.3989106844444,26.632,1910.5853
1847.53777056,26.61,1916.8118
1870.0452846222224,26.593,1947.8906
1940.25219264,26.581,2011.918
2057.8930862844445,26.544,2111.7207
1967.9944760177784,26.622,2030.5526
1992.49952,26.684,2043.6033
1881.260724444444,26.605,1954.2136
1710.19889016,26.608,1804.0525
1785.1371630222227,26.533,1859.843
2238.0601029333334,26.599,2269.761
2384.401872746667,26.575,2366.0632
2345.1189621333333,26.628,2342.4207
2331.261613288889,26.717,2352.4395
2350.83876448,26.671,2401.062
2324.932465315555,26.77,2420.517
2394.208586311111,26.78,2446.998
2380.6299879999992,26.844,2450.3574
2385.7722608355552,26.751,2452.207
2392.1370978666664,26.899,2454.8274
2508.2055921066662,27.008,2544.017
2350.3242849777776,27.033,2448.9316
2373.371069564444,27.0,2456.8103
2379.775111111111,26.92,2461.1616
3437.3004296888885,26.868,3915.6948
4569.679995982222,26.384,4359.8906
4531.904484319999,26.505,4200.9023
3826.5946504533335,26.422,3292.0625
3112.2747064533337,26.502,2990.812
2736.9006062399994,26.522,2912.7107
2984.291907768889,26.481,3159.698
3171.774096,26.661,3273.8108
2689.0120564355543,26.517,2831.0452
2885.7627391999995,26.281,2969.0872
3029.7015113866664,26.09,3041.4722
2793.180311555555,26.18,2854.5562
2861.02386895111,26.322,2895.5195
2927.0605800266667,26.376,2953.7812
3224.9378784000005,26.474,3289.7559
3275.906841386666,26.48,3248.1729
3082.0613625066662,26.449,3016.4634
2801.0115753955547,26.63,2886.4382
3059.5634364799994,26.531,3168.5542
3502.18651128889,26.434,3662.6548
3761.7051733333337,26.542,3747.5745
3702.006633511112,26.508,3576.0874
3464.16726976,26.569,3390.3374
3092.64030768,26.3,3143.6948
3269.221327999999,26.491,3404.1492
3319.133316613333,26.351,3395.4707
3704.8204133688887,26.674,3807.752
3822.145168497777,26.765,3806.3972
3811.0440631466654,26.681,3728.481
3782.593112853333,26.608,3715.6797
3746.548811022223,26.553,3708.5493
3377.8323799999994,26.542,3355.1064
3077.806699093333,26.49,3179.2998
3166.319554097777,26.58,3323.4683
3159.6455291200004,26.595,3269.4624
3289.881469582222,26.417,3349.436
3473.4550766044435,26.55,3527.7793
3549.502779733334,26.643,3551.8105
3750.647132631111,26.724,3756.7979
2854.511728533333,26.697,2978.9136
2863.8436096,26.632,3054.0337
3102.762563564444,26.661,3285.969
3131.6239933333327,26.667,3184.6074
3251.30689984,26.475,3264.9219
3205.3712130311105,26.611,3203.1438
3295.7358910222224,26.62,3328.255
3396.841441831112,26.718,3436.086
3487.7015874400004,26.505,3491.2021
3122.050618133333,26.571,3126.7068
2902.414017617777,26.37,3020.7256
3231.05434176,26.286,3373.767
3772.786865066666,26.296,3887.6812
3985.253256853333,26.343,3901.9648
3877.226149288888,26.457,3724.137
3477.3148256711115,26.519,3390.1548
3133.6344241333327,26.591,3218.13
3345.546497279999,26.509,3512.8218
3514.244898266667,26.506,3629.1084
3675.7382363733327,26.612,3720.1675
3759.41506976,26.529,3739.0703
3669.009808551111,26.302,3598.6167
3676.8347797333327,26.56,3665.3174
3480.396530222223,26.653,3481.827
3432.996703573333,26.728,3494.81
3448.7390480977774,26.854,3541.003
3542.60021856,26.831,3620.4216
3655.874493279999,26.794,3694.9526
3640.090578088889,26.642,3617.0874
3595.290980337777,26.845,3589.5608
3599.1525412799992,26.932,3629.86
3487.167931866667,26.673,3492.0732
3575.0894726666666,26.771,3623.2397
2923.9012687466666,26.609,3049.8374
2920.0639329066667,26.501,3091.0225
2880.4214045866665,26.212,3036.4653
2978.585196106667,26.371,3044.2947
2891.6632027733326,26.239,2941.3726
2920.84466496,26.208,2935.217
2975.0844964977778,26.219,2973.0747
3013.766985786667,26.348,3003.1582
2567.0622362666663,26.358,2510.0952
2742.5806474666665,26.409,2793.5154
2971.769855315555,26.093,2992.3323
2964.881592355556,25.812,2901.5886
3000.3613575466675,25.618,2928.6497
3004.1569527111105,25.71,2965.2803
3057.144904,25.565,3038.636
2985.0042345333327,25.511,2971.4229
3017.154726133333,25.535,3027.227
3017.586496311112,25.76,3043.6418
2952.405136053333,25.738,2981.891
2979.6923755022226,25.652,3008.171
2916.913446951111,25.63,2948.0298
2953.499354017777,25.651,2977.4084
2969.1273803733325,25.452,2975.7368
2999.162473493334,25.581,2999.7673
3014.5526748800003,25.509,3012.3674
3156.819257102222,25.644,3172.7588
3329.4197498488884,25.667,3360.1116
3379.7170403200007,25.637,3359.6555
3557.99192208,26.099,3584.231
3557.99192208,26.099,3541.4204
3661.432365653333,25.962,3642.9575
3593.6286660266665,26.215,3572.4453
3658.54351872,26.396,3684.3394
3564.6904446399994,26.252,3569.5278
3519.2693467911104,26.34,3549.5847
3485.852785022222,26.396,3538.1099
3159.031295155556,26.265,3232.0374
2686.303025342222,25.942,2911.488
2959.6029747200005,26.116,3134.0293
3247.147327288889,25.981,3363.7974
3253.030894773333,25.698,3197.6382
3305.379829226667,25.817,3264.8315
3173.331938684443,25.702,3146.207
3080.2911367999995,25.781,3098.4138
3193.8818027200005,25.748,3242.007
3069.237161173334,25.864,3093.8638
2705.3404425599992,25.883,2841.9707
3063.821543155556,25.76,3161.8057
3628.883502471111,25.603,3787.5889
3518.4996804533343,25.9,3436.3445
3427.948173173333,25.768,3364.8286
3293.5305194133325,26.068,3323.6558
2974.327585484445,25.473,3064.9712
3080.856940355556,26.028,3206.385
3197.3931430222224,25.51,3270.4163
3188.849420835555,25.504,3190.1003
3012.2620577866664,25.716,3041.0234
2936.6812863999994,25.582,2997.3833
2890.7684063999995,25.566,2955.5771
2913.4825488000006,25.56,2955.067
2875.83551495111,25.586,2905.6587
2980.2696604800003,25.421,2982.2827
2872.0026796888887,25.317,2874.1675
2864.4968629333343,25.725,2883.8552
2829.628533546668,25.858,2865.7666
2863.012596835555,25.625,2879.7974
2881.0020711111106,25.634,2885.5623
2884.317721866666,25.743,2888.0728
2819.489433973334,25.769,2836.34
2818.131002399999,25.778,2842.0916
2671.0959992177777,25.898,2693.1455
1019.9504756266668,26.022,1629.3213
1544.7893716800004,25.793,1837.8401
1867.6732577244445,25.904,2127.7034
2056.3959752,25.734,2213.1646
2200.138642133333,25.854,2274.4888
2255.229086364444,26.547,2287.207
2225.4780128888888,26.722,2232.0818
2246.9429986755554,26.968,2245.259
2276.059257795556,26.952,2279.4734
2335.3120750666667,26.985,2338.1804
2343.9343262222224,26.619,2348.5244
2298.6016492977774,26.261,2336.0288
1974.4570122666669,26.044,2007.6008
1889.7086221688885,25.952,1932.7339
2296.7154262933327,25.965,2318.289
2387.238594488889,25.93,2405.9187
2355.2649552177777,25.957,2373.6497
2336.73184608,25.953,2369.5881
2324.882918204445,26.052,2393.31
2287.5647584,25.968,2373.5605
2136.1525351911114,25.98,2173.1711
1993.5549258666665,26.12,2022.2048
1901.486791413333,26.204,1970.5562
1921.9293868266664,26.297,2032.8267
2011.58577984,26.297,2090.7817
1976.9649251733333,26.171,2042.4502
1926.560128533333,26.199,1982.1375
1948.1939296533328,26.054,1986.0737
1978.20900248,26.182,2010.967
1968.3014794666667,26.116,2002.1819
1738.381332373333,26.196,1803.5381
1621.9326586666668,26.148,1676.5505
1329.3569791999994,26.047,1421.6053
1427.9298214222224,26.158,1455.7612
1455.3634688000002,26.134,1482.1901
1386.1408796444443,26.199,1434.5051
1478.8265783733334,26.279,1498.3496
1595.42530472,26.133,1599.6613
1584.8241733866662,26.108,1600.869
1577.3244129066666,26.098,1592.9882
1619.861205155556,25.928,1630.9438
1522.0656924800005,25.869,1543.3604
1535.1840813866663,25.979,1548.2798
1542.6216535466665,26.054,1562.0889
1144.7663673600005,26.108,1244.6775
1168.1441359644448,26.132,1215.0472
1249.1538326399998,26.11,1256.9342
1703.124034293333,26.126,1691.888
1641.2177031466667,26.126,1686.773
1642.932094906667,26.108,1680.7732
1664.991275733333,26.126,1700.5997
1613.60543232,26.134,1651.1602
1603.0789616711108,26.093,1637.7883
1612.091356444444,26.051,1655.2654
1633.5752073955562,26.156,1687.4448
1616.2215151288883,26.334,1683.4572
1585.3726954222227,26.357,1646.6431
1656.084067555555,26.383,1712.7433
1655.5888526222222,26.283,1719.9146
1649.1193506666668,26.331,1711.2294
1618.27295184,26.325,1676.6853
1618.27295184,26.325,1673.8757
1678.2021657777775,26.34,1734.8832
1231.9040833422223,26.245,1335.0189
1301.5010064533335,26.383,1333.397
1333.9287185066664,26.386,1355.288
1364.4358215111113,26.353,1385.8367
1350.815329982222,26.298,1388.268
1387.2957011200003,26.219,1414.1959
1454.4320413333332,26.254,1473.1895
1340.5962016355556,26.25,1375.893
1069.698072631111,26.313,1184.2616
1075.7108783111114,26.264,1158.3746
1587.6361390399995,26.152,1536.6797
1510.9342626666669,26.063,1546.9053
1556.220552782222,26.106,1591.9268
1556.3416922666663,25.966,1595.4269
1509.8473492622222,25.829,1549.6797
1546.8727607466662,25.757,1579.1318
1554.9513898488883,25.784,1594.0101
1471.0698215111113,25.656,1513.1311
1452.49520808,25.57,1483.9213
1520.407187066667,25.397,1543.0967
1428.59774792,25.276,1463.1891
1380.3696880355558,25.265,1400.8763
1422.6729835555552,25.194,1428.9648
1433.9264191999996,25.16,1454.957
1440.2123045688888,25.176,1463.1183
1453.9468872,25.126,1481.287
1507.310965688889,25.098,1541.2451
1479.1631295999996,25.123,1524.0642
1466.675246604444,25.154,1507.7292
1427.7617292088885,25.186,1457.2227
1475.2665258666664,25.221,1512.343
1472.1345126577776,25.23,1522.9712
1509.2228437333338,25.259,1554.616
1468.683735111111,25.229,1506.7952
1486.1131861333326,25.267,1521.1809
1458.0037604088889,25.243,1493.9922
1472.6563072,25.246,1505.2208
1486.6266316088886,25.252,1521.8994
1512.3222408533336,25.269,1547.3059
1013.09568928,25.271,1166.1603
1142.0888996977776,25.255,1185.344
1300.4337442133333,25.278,1288.3131
1344.4452855555553,25.221,1344.6826
1312.5908865600002,25.22,1333.7333
1325.0547540533332,25.205,1340.4968
1362.0936206933332,25.205,1370.6892
1249.4565160000002,25.191,1288.962
1037.2458990933328,25.23,1154.1843
1212.760841413333,25.213,1222.5363
1509.0732603644442,25.198,1475.4954
1438.9123839999995,25.205,1470.9126
1530.0017772799995,25.238,1558.0289
1640.0026764,25.238,1677.2915
1747.8514038844448,25.238,1799.7021
1873.340403893333,25.238,1932.7588
2100.381890613333,25.255,2129.9124
2210.627969333333,25.269,2213.3354
2250.643737031111,25.296,2241.9302
2324.7341907022223,25.31,2305.3372
2302.40251008,25.304,2308.7112
2282.9636098844444,25.343,2313.7095
2224.136919893334,25.391,2278.698
2037.4753762133337,25.408,2100.203
2036.956029333333,25.448,2095.7046
2226.07574784,25.472,2289.6575
2400.911859804444,25.513,2430.028
2412.696277457778,25.57,2445.0408
2415.2471828177777,25.601,2487.7715
2386.993227413334,25.624,2493.228
2441.510619422222,25.746,2469.3909
2388.86953168,25.746,2452.3303
2386.0734048,25.688,2455.0112
2388.524082933333,25.762,2460.9756
2405.12657928,25.667,2472.29
2484.441078897777,25.65,2548.7925
2029.6104576,25.835,2171.6665
1883.7097956444447,25.784,1999.9923
2083.7420982755552,25.928,2179.6355
2330.707033813333,25.902,2437.1226
2394.078671573333,26.174,2481.1638
2332.9014538222227,25.889,2402.6262
2399.282524888889,26.162,2422.6284
2332.8727304711115,26.029,2455.67
2344.879006231111,26.078,2516.4717
2337.6473369600003,25.97,2427.6824
2336.18412984,26.17,2434.1655
2397.296797777778,26.242,2464.1023
4559.413708800001,26.148,4406.5767
4448.190558719999,26.212,4159.699
4205.541118337777,26.233,3754.7139
3694.6649428711103,26.195,3357.7166
2936.492743048889,26.379,2971.697
2556.720532675556,26.231,2762.8584
2672.155471324445,26.296,2929.5542
2966.1127943999995,26.438,3091.0088
3496.336752284444,26.324,3711.928
3516.0858430133326,26.245,3440.1328
3514.862953937777,25.95,3386.8335
3510.691059235555,26.01,3433.4253
3172.748390160001,26.163,3155.1147
3058.7736287466664,26.158,3121.7495
3226.272314266667,25.963,3313.7566
3272.721284693334,26.175,3322.186
3329.0105477688885,26.061,3349.971
3445.5967004444447,26.152,3472.2803
3713.613620106667,25.842,3725.0264
3665.857350026666,25.96,3592.0894
3454.068252693333,26.13,3409.7783
3235.442715999999,25.972,3272.8508
3269.582655111112,25.653,3353.2236
3312.702848,26.219,3417.8728
3723.6256566666666,26.356,3858.7976
3950.581343626667,26.346,3943.785
3912.2693584355534,26.14,3801.6943
3119.6250267911105,26.181,3118.9014
2709.142609848888,25.991,2947.8367
2808.33109152,26.228,3063.231
3295.5869678933327,26.194,3537.69
3238.86740184,26.142,3227.379
3608.2656837866666,26.365,3670.5103
3352.20670496,26.503,3315.7998
3320.8562879999995,26.796,3357.55
3213.141987475555,26.7,3284.0173
3354.5919669333325,26.37,3419.1406
3152.996160088888,26.41,3179.6045
3012.632174124444,26.29,3080.7698
3615.2480292,26.35,3791.0713
3606.12016928,26.564,3593.57
3677.775725368889,26.471,3625.5288
3637.596355555556,26.58,3601.6504
3607.86192432,26.68,3603.0215
3638.055111733333,26.532,3646.2454
3546.674495555556,26.597,3550.4912
3409.823627999999,26.726,3449.0295
3946.626999751112,26.64,4038.7761
4154.175323164443,26.681,4103.6147
4099.796247359999,26.611,3995.0554
4021.280371484445,26.258,3927.8428
3891.134722044444,26.648,3867.1265
3787.670989582223,26.552,3808.2378
3800.912338000001,26.223,3839.9038
3844.135103306666,26.448,3891.92
3859.057150284445,26.345,3884.3103
3853.194619653332,26.302,3865.474
3844.744117066667,26.249,3856.401
3064.358951733333,26.012,3119.405
3194.89343712,25.935,3358.4414
3341.2057162133324,25.892,3486.0984
3390.9629257066667,25.998,3440.171
3754.66983056,25.968,3830.9268
3833.62021888,25.982,3797.6082
3565.2259889422226,25.956,3477.0078
3621.6538337155553,25.926,3645.003
3678.94547968,26.126,3733.673
3558.791588,25.91,3565.154
3590.28775032,25.614,3616.7688
2943.591546879999,25.865,3055.8552
2839.90458576,26.197,3049.847
3227.0954483999994,25.767,3436.725
3431.865720604444,25.9,3521.2505
3535.5722048,26.125,3548.623
3974.2266340266674,25.657,3940.7695
4068.0719342755538,26.022,3945.649
4340.937562177776,25.726,4185.9893
4243.864947093332,26.187,4124.056
4269.79412992,26.371,4221.671
4241.706541022222,26.318,4220.032
4034.475409946666,26.263,4024.003
4119.381213137778,26.127,4145.8496
4138.890813742222,25.985,4139.169
4110.83888712,26.077,4113.216
3892.5273393777775,26.147,3907.2854
3714.1997525333336,26.02,3765.7542
3844.4957026399993,25.821,3931.066
3794.774472151112,26.176,3851.8628
3883.2209829333337,26.096,3935.2646
4100.825306506666,25.895,4099.151
4196.264472693333,26.386,4163.6807
4120.326377555554,25.908,4066.2876
4099.984267875556,26.185,4088.6619
4388.875073377778,25.951,4317.6055
4389.410362666668,25.961,4306.624
4067.248965493334,26.047,4039.1938
4122.370734444445,26.377,4183.644
4256.1150156,26.642,4284.6875
4289.473285280001,26.958,4302.6143
4401.497475324444,24.473,4277.622
4329.223089208888,24.613,4203.126
4319.675407475556,24.522,4229.7773
3728.309975626666,23.977,3676.0872
3897.715787093333,23.747,4001.978
3701.117158648888,23.679,3783.4258
3567.160378026667,23.816,3675.4683
3823.045270079999,23.99,3961.1948
4138.829491768889,24.033,4136.462
4304.448931635556,23.721,4177.463
4258.936971022222,23.638,4125.8975
4221.7221184,23.853,4132.124
3881.39945064,23.738,3886.3828
3987.456774666667,23.778,4036.892
4003.890124977778,23.321,4007.5884
3868.031507315555,23.728,3891.479
3879.629223768888,24.203,3941.6284
3897.610260479999,23.885,3935.49
4004.77074424,23.632,3996.1248
3976.9938244622217,23.363,3932.06
3992.0013009066665,23.132,3945.7268
3744.777150720001,23.324,3739.3564
3779.333824702223,23.33,3830.3074
3759.0674376799993,23.468,3804.824
3331.6983778222216,23.568,3399.2158
3455.782887822223,23.441,3576.3994
3484.979965208888,23.691,3563.0771
3471.88776,24.194,3523.8242
3407.4033698133326,24.026,3441.9268
3093.3848488000003,24.887,3204.4075
3253.4958085333324,24.151,3345.4448
3392.476258666666,24.65,3443.809
3317.0309319644443,24.768,3319.6555
3230.05128,24.662,3251.087
3294.336124,24.69,3327.9858
3233.6812958222217,24.684,3258.1943
3158.7688701333336,24.41,3187.085
3160.732414577778,24.828,3207.9775
3304.430733644444,24.739,3332.3982
3001.554300604444,24.906,3061.6953
2833.5845146311112,24.874,2949.5078
2892.840407199999,24.911,2993.498
3419.869525439999,25.088,3576.203
3247.682971733333,25.152,3195.5566
3358.576148533333,25.11,3337.1226
3349.671835164444,25.261,3353.8687
3199.0087712622208,25.289,3215.2285
3180.414879288889,25.16,3227.064
3169.4563950933334,25.47,3234.6807
3089.322747235557,25.548,3154.339
3126.8327620711098,25.491,3194.13
3160.6470840888887,25.583,3218.2097
3175.7721927111115,25.6,3215.2476
2942.0046303466665,25.649,3013.7253
2700.1699971555545,25.512,2836.8872
2810.34007608,25.257,2900.8188
1860.6705333688888,25.231,2179.688
1669.9719213511114,25.382,2032.8033
2395.797547608889,25.528,2354.947
2520.651531813333,25.548,2447.8462
2362.868658666666,25.609,2329.0598
2028.4481231288887,25.698,2152.7402
2000.3248288711104,25.519,2117.995
2097.41612048,25.506,2185.1538
2270.602703733333,25.567,2313.9495
2246.545544675556,25.596,2271.0933
2246.7809592444446,25.64,2253.3162
2247.929617315556,25.831,2248.6292
2269.6348221688886,25.803,2267.3772
2286.807891635556,25.824,2288.937
2347.848554986667,25.822,2356.338
2323.570521777777,25.746,2352.497
1830.8134838044443,25.616,1891.6772
1615.3924400000003,25.534,1704.8188
1158.4157289600005,25.507,1334.4808
1087.9961444799997,25.552,1195.4608
1017.8394810755552,25.625,1135.3416
1456.93236672,25.712,1409.2516
1529.2744559644443,25.776,1531.4629
1504.5670327022224,25.798,1547.2324
1511.8879775999997,25.838,1546.3685
1538.2700431466662,25.914,1548.2522
1492.3490655999997,25.957,1507.3527
1402.4221418666664,25.97,1432.3925
1434.2572099199997,25.985,1452.5918
1439.7499036799998,26.04,1458.7848
1421.4288946044446,26.096,1439.3566
1400.2414751111107,26.116,1412.535
1287.9472958133333,26.171,1317.9373
1312.989040391111,26.263,1319.3582
1402.4836955644448,26.193,1386.8538
1381.0761541511108,26.158,1379.7617
1442.3982555733337,26.179,1430.0529
816.088579546667,26.103,1054.4128
937.2080320533336,26.156,1056.0841
996.4836456533334,26.185,1096.9352
1090.1096181333332,26.17,1155.3552
1174.3430140444443,26.176,1219.7736
1155.2853320000004,26.21,1220.7698
1135.0992276000004,26.161,1205.7178
1098.6324990933333,26.188,1175.2396
1128.232784,26.276,1185.9712
1228.854704933333,26.267,1245.1293
955.4529365333332,26.321,1113.2172
844.2492536355559,26.386,1045.7745
865.2483044444446,26.392,1042.6188
1296.2174026666669,26.295,1250.3872
1337.297032426666,26.4,1337.8158
1286.7959816444445,26.414,1315.6743
1364.19031936,26.419,1370.9728
1371.228333368889,26.423,1387.914
1328.7493022222218,26.384,1358.2129
1307.5942810666668,26.362,1335.4474
1338.726914311111,26.369,1354.3303
1354.551048248889,26.342,1371.0294
1374.120028533333,26.298,1392.6195
1339.1804281599996,26.257,1380.1342
1311.2732140355556,26.266,1352.0549
1345.6267902755555,26.141,1370.5391
1327.4422110044447,26.189,1360.0326
1335.35843504,26.156,1362.323
1317.8436733244444,26.221,1351.3433
1238.5264000000004,26.229,1291.39
1239.0833141866667,26.221,1281.5964
1285.7126326044447,26.249,1311.4143
1316.7820202133337,26.183,1339.2448
1192.474151137778,26.107,1263.4352
1203.3722239555557,26.1,1257.9722
1225.0837179733333,26.085,1266.7733
1285.3395818666663,26.009,1300.2095
1302.134727395555,26.088,1322.4078
1278.8032256622223,26.115,1309.2905
1317.3930810666664,25.992,1331.1516
811.6839123999999,25.922,1063.5013
853.3435018666667,25.999,1041.6124
1052.6163515022222,26.005,1122.0509
1127.109775146667,25.984,1177.5243
1129.5020494044445,25.977,1188.8353
1137.6454064799996,26.033,1195.2018
1150.235424062222,25.999,1202.9714
916.7242257866666,26.006,1092.514
830.4775322133337,26.076,1039.4475
1300.4587937422218,26.109,1252.0637
1269.6166334933334,26.076,1288.8212
1243.5085640533337,26.055,1278.2725
1321.0527017244444,26.061,1332.5115
1378.34831728,26.092,1388.6656
1361.1789915022223,26.036,1382.6986
1384.546823902222,26.07,1403.3492
1359.5303815377777,25.971,1386.5652
1389.0582135466666,25.806,1405.881
1391.1199975111106,25.909,1415.1405
1419.0050767111106,25.71,1448.0518
1377.0272573866666,25.456,1399.3315
1555.3204977777775,25.478,1574.4839
1595.6586326044442,25.603,1643.4468
1725.9809212799996,25.692,1796.3701
1849.231342053333,25.907,1930.2422
1861.7547604,25.704,1933.9751
1913.42209312,25.575,1972.8402
1969.5172293333333,25.402,2020.1194
2019.6338818666668,25.409,2064.6687
1925.01618,25.394,1991.6387
1918.0659662666667,25.148,1986.5474
1965.4112910933327,25.162,2031.1449
1804.86859728,25.267,1894.2457
1904.6799961777783,25.285,1975.2463
1979.473513457778,25.332,2047.0359
2049.8510382044446,25.319,2102.285
2023.69378496,25.327,2077.7615
2034.110435688889,25.345,2082.589
1944.504205777778,25.27,2009.5613
1827.205385155556,25.29,1913.1747
1592.0433889244446,25.382,1696.8708
1789.6143389599997,25.472,1868.0654
1875.519605777778,25.558,1969.5112
1838.99317504,25.699,1938.7407
1908.2905855733336,25.642,1984.6221
2010.9754456,25.741,2067.1628
2034.5342876444445,25.724,2079.4414
2194.247053955555,25.777,2206.0994
2333.594185315556,25.92,2316.145
2195.6791925333337,25.853,2212.2925
2012.1641873422216,26.128,2048.1423
2003.3970443644448,25.725,2037.0518
2376.606052266666,26.102,2381.0527
2416.577265991111,26.056,2419.7944
2409.2561755377774,26.027,2424.5144
2395.666028266667,26.0,2464.1157
2396.3196181244443,25.952,2441.0955
2355.009531999999,26.072,2439.606
2336.735129813333,26.139,2439.3892
2394.0826365066664,25.948,2452.7097
2291.3165646311104,26.106,2496.4453
2386.258700515556,26.205,2455.069
4583.971166755556,26.307,4423.253
4544.628440959999,26.046,4287.51
4275.360760080001,26.239,3879.687
3732.919254293333,25.947,3356.6523
3169.4620193600003,26.072,3085.7256
2932.0517988,26.383,3057.5083
3017.9967126222223,25.991,3159.166
3269.0250539022227,26.065,3391.6382
2890.316898888888,26.078,2967.4333
2892.75411488,25.768,2967.0725
3022.2498622577773,25.968,3074.0605
3015.549620977777,26.006,3032.7705
3042.9800731200007,26.295,3052.858
3130.213067440001,26.53,3146.8904
3174.7700066133334,26.191,3156.589
3354.8249489777777,26.465,3401.1208
2948.533201075556,26.086,2962.792
3040.6443535999992,26.168,3082.1687
3532.4287637333337,26.518,3725.6228
3490.357646791111,26.396,3467.2917
3506.454505262222,26.69,3490.3252
3242.10722048,26.308,3239.0767
3151.880318391111,26.277,3218.7092
3177.206497155556,26.285,3276.2095
3272.802087822222,26.37,3349.5422
3323.0741261511107,26.61,3381.1047
3517.732799466667,26.292,3556.1587
3515.759904533333,26.594,3504.4634
3470.767972,26.858,3477.0212
3535.862395999999,26.561,3554.3704
3454.502030373333,26.273,3429.163
3534.698731733333,26.684,3570.9565
3472.304775502221,26.898,3513.377
3488.15594784,27.014,3548.147
3509.4252662044446,26.73,3542.0347
3563.41687312,26.618,3572.5955
3602.726437866667,26.646,3601.7983
3571.7714359644447,26.789,3571.7263
3296.43172576,26.721,3305.9253
3267.784625964445,26.678,3344.2188
3471.042680746668,26.346,3553.4336
3860.079545315556,26.576,3916.4814
3932.751454133332,26.608,3870.183
3808.61757984,26.241,3684.5747
3792.963294097778,26.311,3745.2441
3771.312773884445,26.593,3782.1687
3347.730524622222,26.286,3342.0645
3009.7112781866663,26.221,3136.528
3363.2360805333337,26.158,3566.0889
3892.4701244,25.783,3984.2131
4326.07061671111,25.812,4174.1475
4075.739910400001,26.188,3906.34
3746.076823262222,25.899,3639.3677
3479.2896792,25.869,3501.382
3675.8427895111113,26.013,3813.2793
4088.191090106666,26.327,4141.342
4205.542203599999,26.631,4163.5825
4161.410594062222,26.821,4123.2085
4042.066738844445,26.404,4003.8696
3675.341871128888,26.547,3658.8281
3232.3943937422223,26.406,3324.8772
3397.066901564445,26.538,3601.5837
3917.869632888888,26.487,4049.7979
3843.874628728888,26.465,3805.6836
3593.470662559999,26.533,3532.6592
3400.513317102222,26.352,3425.4102
3432.716230826666,26.312,3513.48
3520.8326949688885,26.444,3599.7441
3210.8312324799995,26.406,3242.849
2782.946165368889,26.457,2984.8652
3108.64789984,26.448,3283.3076
3363.8521298666665,26.4,3501.2334
3419.881240915556,26.331,3408.9666
3488.28113144,26.08,3455.5942
3499.249992,26.83,3527.0698
3413.105407395556,27.058,3464.4631
3556.1544648444446,27.124,3653.2715
3827.431867377778,27.183,3889.6274
3133.390495146667,26.595,3128.0754
2965.08594304,26.986,3112.4692
3763.489335111111,27.245,4009.7117
4280.752786453333,26.292,4172.4497
4245.851617404444,26.207,4018.3425
3792.795534915555,25.602,3522.4375
2931.9412662399995,25.726,3013.9346
2846.019113813333,25.978,3086.766
3154.351780693333,25.901,3373.426
3653.602082275555,25.962,3843.1929
4237.866609635556,26.321,4163.285
4393.1208637244445,26.24,4196.1147
4287.74366608,26.511,4142.876
4028.800572622222,26.417,3939.9507
3728.696156639999,26.667,3733.8306
3510.4332000000004,25.92,3556.7676
3600.492241599999,26.427,3740.4177
3778.405304853333,26.235,3872.023
3839.752458133333,25.901,3834.1462
3762.1908864,25.935,3723.3125
3668.4326842666665,25.976,3663.0
3320.0141780800004,25.993,3347.3806
3265.883737946667,25.931,3366.7292
3360.0570109600003,25.816,3464.9512
3340.799987671111,25.692,3378.4775
3652.30166216,25.549,3718.3928
3711.712054382224,25.482,3684.0706
3599.7556315111124,25.459,3535.9226
3310.73782704,25.548,3305.6172
3207.5236862577776,25.594,3286.5605
2878.655629386666,25.512,3032.4133
2924.6257185422232,25.309,3049.3896
3079.8650863733333,25.556,3150.9316
3102.566504888888,25.604,3110.3232
3067.79738384,25.603,3058.9224
3093.4841992,25.549,3099.106
3096.2110882133325,25.616,3107.0447
3054.0795319466656,25.695,3068.5945
3136.7931485333334,25.682,3162.6904
2700.9822437333323,25.653,2792.2922
2646.939524693333,25.634,2702.9924
2847.667929884444,25.536,2903.5874
2977.69824576,25.725,2977.448
3015.366099875555,25.612,2979.2803
2894.234873671111,25.752,2883.4407
3019.704964266667,25.773,3047.0898
2981.8320456622223,25.806,3004.1938
2938.3665169777782,25.815,2965.0747
2944.1689063822228,25.814,2981.0076
2896.963344,25.735,2934.8467
2907.5545892000005,25.851,2942.205
2794.4343809600005,25.786,2839.5698
2815.56107584,25.614,2848.677
2732.797071413333,25.57,2767.8967
2607.2860133333334,25.311,2571.7615
2724.708672622223,25.098,2743.1755
2673.106113288888,24.983,2659.2083
2559.53193008,24.909,2480.6228
1237.5575961955558,24.991,1750.2064
1896.239131697778,25.041,2110.5984
2139.651901511111,25.03,2277.5002
1914.0307237777783,25.221,2108.9915
2105.7364079022227,24.987,2181.3088
2313.010161137778,25.242,2319.1216
2232.4168814399995,25.217,2227.3806
2092.967281297777,25.258,2099.2004
2238.6875382044445,25.395,2213.0083
2279.070313173334,25.504,2259.7861
2175.1292341777776,25.701,2164.9143
1839.4630144,25.761,1894.1003
1732.8644367999996,25.349,1789.6685
1610.946451377778,25.503,1683.6003
2105.412680702222,25.443,2089.5657
2164.2945152888883,25.428,2145.5127
2131.45554824,25.525,2107.8293
1946.903322311112,25.558,1949.8584
1874.531898382222,25.357,1887.3862
1887.9491710666664,25.312,1910.5046
1779.5909723555556,25.421,1825.0405
1790.0542369599996,25.524,1835.5315
1788.632529475556,25.587,1854.5457
1845.31716336,25.603,1940.3684
1837.8725008977776,25.578,1913.1212
1918.6765916177776,25.503,1974.3103
1889.6338951111109,25.551,1955.897
1935.88838352,25.18,1978.4817
1349.0142732799998,25.329,1460.329
1232.1916452266664,25.363,1296.2808
1400.201545146667,25.13,1389.2458
1411.2244056533336,25.278,1415.786
1356.2965562933337,25.175,1368.7701
1418.939690826667,25.547,1424.4852
1504.1738871466662,25.344,1511.1531
1536.1826577066663,25.431,1562.197
1516.7381914666666,25.453,1547.1277
1465.301521217778,25.418,1481.7388
1412.9108635555554,25.417,1426.3608
1098.2170625777774,25.364,1190.9746
971.28166304,25.423,1102.1138
900.8637343999994,25.516,1059.6609
1186.9981194133334,25.548,1182.8164
1385.0803478933335,25.555,1348.7963
1373.0203202133332,25.501,1375.4958
1324.4976221155555,25.558,1340.5382
1310.1020228000002,25.597,1320.6556
1316.919169644444,25.665,1322.649
1319.7693511999998,25.593,1321.4569
1357.8121936888888,25.491,1351.3329
1257.0006907200002,25.622,1286.8003
1295.3132208711113,25.7,1316.7217
1312.7670576888888,25.758,1334.4977
1336.2075188177776,25.754,1351.9244
935.9365565333336,25.737,1117.5347
905.5809454222216,25.735,1070.6012
874.63581568,25.748,1049.1914
992.7389180800002,25.777,1092.6222
959.7295730133328,25.771,1088.1644
1121.0809525333336,25.791,1162.4236
1083.968594311111,25.799,1161.261
1097.3492545333331,25.901,1171.3486
1154.810098933333,25.872,1208.6774
1119.2654602133332,25.81,1197.193
754.5992301333331,25.911,1038.5135
837.8312026577775,25.9,1030.2963
1292.4811755377775,25.971,1243.1534
1231.7277352177778,26.024,1263.4884
1184.9786630044446,26.018,1236.7146
1262.4574357511108,26.037,1280.025
1279.337650933333,26.036,1300.269
1176.8896773333336,26.063,1237.3301
1262.7289376177775,26.08,1280.1978
1307.7476593599995,26.099,1323.2797
1260.6438484622224,26.071,1295.6649
1251.8576493511114,26.143,1285.8268
1238.1611976177774,26.14,1276.3438
1258.3029983999998,26.079,1295.334
1240.1682457066668,26.071,1286.4015
1206.9995254577775,26.107,1263.7961
1161.2463327111109,26.146,1230.814
1185.1117264,26.107,1237.7993
1246.52423296,26.113,1275.0615
1236.6848544000002,26.129,1277.4618
1189.552173431111,26.116,1246.9751
756.5780986666664,26.265,1044.4222
962.4543043111112,26.259,1089.5916
1030.1315289688891,26.253,1138.0719
1126.9802388533333,26.221,1188.8708
1130.9760148266664,26.272,1194.2769
1073.0797264266666,26.253,1167.1094
790.9961653333331,26.323,1043.0751
1240.7012270666671,26.272,1217.6174
1252.6815263999997,26.296,1273.4458
1238.212530986667,26.339,1276.5651
1206.60580816,26.39,1253.46
1192.86290208,26.278,1238.5604
1217.4188206400004,26.237,1252.8204
1247.7476576800002,26.253,1275.9038
1215.2630543644443,26.233,1259.0015
1248.4007771022225,26.268,1277.6792
1279.6593624799991,26.29,1303.4956
1241.4108732800005,26.266,1282.2924
1249.7395808000003,26.3,1285.3418
1305.903163057778,26.268,1323.9092
1293.3778909155558,26.292,1322.0092
1290.3432881422225,26.327,1320.8835
1290.5543588355554,26.372,1324.4672
1310.3960811200002,26.34,1344.9174
1322.9726330666665,26.347,1353.8953
1382.9676812000002,26.338,1402.5222
1483.4070090933333,26.361,1515.8232
1578.739070844444,26.438,1620.7544
1705.6498377244448,26.438,1765.1663
1841.3515278666664,26.49,1917.6809
2033.334199555556,26.534,2082.7805
2080.4076988,26.505,2116.6274
2081.1689135999995,26.476,2110.1938
2208.2727267377777,26.393,2220.9648
2349.884138951112,26.451,2345.0986
2254.174612053333,26.462,2287.1733
2269.4571163022224,26.416,2313.3464
2200.2363529955555,26.508,2264.3076
2173.379892782222,26.432,2239.4717
2423.047788,26.487,2497.2148
2448.988204222223,26.546,2441.06
2544.2814236,26.727,2518.892
2202.263651937777,26.642,2351.847
4530.333883982222,26.565,4417.7744
4530.333883982222,26.565,4316.0854
4329.9113783466655,26.643,4032.817
4102.920879155557,26.776,3877.4485
3952.6417640266673,26.931,3867.5056
3664.615006577778,26.891,3583.8584
3506.5077040711108,26.815,3516.3564
3365.294733306666,26.692,3414.4
3554.6378085600013,26.741,3691.192
4065.0498038666665,26.868,4164.45
4230.5625224,26.908,4198.6704
4260.647032213333,26.791,4204.323
4251.058458684443,26.829,4233.6885
4181.324953226666,26.906,4201.2627
4152.108498319999,26.814,4196.0645
4124.184171519999,26.833,4174.5215
4108.837804479999,27.112,4176.436
4084.169299280001,26.939,4138.613
4080.722073288888,26.757,4116.4883
4096.6758110577775,26.779,4126.652
4188.732592177778,26.967,4212.742
4314.2156057777775,26.813,4297.375
4322.359988728888,26.84,4298.3096
4254.909364960001,27.037,4274.234
4416.008079831111,27.092,4386.989
4363.733163288889,27.027,4363.293
4381.728466773333,27.071,4380.922
4339.964034222222,26.82,4354.806
4241.598196453333,26.984,4291.762
4091.686784933334,26.878,4158.254
4063.1583676444448,27.205,4164.702
3993.4824253333336,26.706,4061.7378
4302.065315022222,26.98,4311.464
4187.057955715554,27.045,4202.6914
4245.461711333334,27.107,4272.088
4277.786670480001,27.041,4294.059
4202.955554453333,26.863,4224.123
4071.931399217776,27.002,4120.5386
4183.019317706665,26.878,4236.296
4276.654263395555,26.757,4283.5957
4373.36844152,26.968,4347.7324
4384.608617635555,27.239,4369.613
4441.54355584,27.429,4406.7417
4346.781891377778,27.49,4379.401
4325.953939377776,27.212,4366.593
4350.779999733333,26.697,4359.8438
4303.888001280001,26.564,4315.49
4359.43531296,26.659,4358.833
4395.200461360001,26.859,4381.209
4387.101732782222,26.723,4377.411
4423.411479039999,27.037,4400.134
4445.031910008888,26.772,4406.2417
4467.3371984977775,27.067,4418.7812
4478.264805119999,26.763,4421.6943
4494.523113813333,27.106,4430.7993
4276.400554240001,26.764,4332.1743
4430.347916231111,26.748,4407.0864
4207.85213184,26.79,4266.5537
4429.395549724445,26.954,4401.571
4408.497600639999,26.959,4391.3545
4451.505690133333,26.221,4394.5156
4595.1570064,25.75,4426.698
4552.266013439999,25.336,4410.963
4178.696597173333,25.356,4171.695
4081.3936608,25.574,4163.485
4171.458355777779,25.533,4234.927
4308.835977244445,25.758,4299.9224
4156.152112,26.153,4193.067
4007.932505511111,25.676,4057.5884
4015.963457600001,25.061,4048.0474
4303.329472008888,25.01,4251.8047
4403.196213457778,25.23,4293.7837
4127.039603555556,25.337,4096.9834
4172.466397866667,25.3,4185.479
4186.106145813334,25.511,4198.2373
4230.128667866667,25.868,4239.783
4284.154175253332,25.544,4256.6895
4139.00100512,25.791,4141.255
4113.084314453332,25.704,4135.7305
4065.2640302044447,25.479,4082.592
3989.8498093066655,25.637,4021.3306
3937.9305793066665,25.03,3951.062
4042.072644906666,25.098,4052.2695
4113.62742648,25.381,4107.0
3963.967007466667,25.504,3969.1694
4070.229796551111,25.733,4105.5684
3846.3337351111113,25.901,3880.3423
3651.78254584,26.059,3725.9995
3378.5272354400004,25.759,3461.6663
3499.3569299199994,25.646,3631.165
3446.122812746667,25.571,3509.668
3484.398103964444,25.768,3544.1836
3509.5922661688887,25.948,3571.2695
3677.462461866668,25.991,3737.9795
3616.98295128,26.075,3617.6733
3686.667030728888,26.095,3704.972
3811.7799827200006,26.255,3834.52
3740.428374577779,26.38,3731.0698
3189.595885617777,26.288,3214.5513
2582.644200693333,26.388,2856.412
2658.382487644445,26.327,2970.8818
2985.8969139466667,26.348,3144.8223
2975.1274668266665,26.542,3018.4807
2896.428193280001,26.508,2930.401
3021.8225763555547,26.579,3052.3496
3117.8015650133334,26.476,3136.4448
3128.85413632,26.397,3111.0476
3109.2119194666666,26.358,3096.4795
3051.8594860088897,26.416,3063.756
3061.1662896000003,26.463,3096.6506
3198.277689955556,26.672,3284.1301
3687.5001627822217,26.655,3804.0452
4006.64683192,26.649,3940.9653
3905.04548512,26.552,3723.5398
3640.87497232,26.541,3513.227
3263.7245633422226,26.495,3276.9158
3268.831151777777,26.677,3403.182
3459.674249226667,26.605,3599.566
3743.997233777779,26.681,3827.7214
3808.2363151111113,26.55,3770.3833
3461.6751048,26.462,3373.6953
3297.6817382399995,26.511,3330.534
3367.8043789066664,26.518,3462.2942
3525.9243726933337,26.428,3599.013
3256.080249893333,26.438,3248.953
3155.236935466666,26.442,3202.5774
3285.102894666666,26.296,3370.5083
3158.6019307200004,26.273,3188.0742
3260.937548239999,26.257,3298.987
3273.712231573333,26.204,3291.8438
3041.148749013333,26.261,3073.6362
3201.898828053333,26.434,3283.07
3277.174308888889,26.484,3347.48
3022.1565716266664,26.714,3067.102
2835.1424888977776,26.85,2966.874
2867.2889095999994,26.949,2997.1663
3394.392221582222,27.078,3663.3232
3690.7677650666665,27.135,3763.038
3705.855287751111,27.182,3619.579
3579.6330592000004,27.106,3486.472
3558.368254222222,27.182,3538.0508
3041.837722844444,27.225,3126.9546
2805.7691670222225,27.28,3029.5312
2929.161240133333,27.198,3133.204
3050.633976933333,27.141,3160.2432
3103.3319163466667,27.122,3132.9639
2975.043586071112,27.073,3008.1306
2968.3772219733323,27.058,3014.106
2913.559751466667,27.044,2976.5833
2893.0945611733327,27.136,2954.7021
2922.9554906666663,26.75,2954.3972
2882.747175093333,26.704,2903.6658
2852.407296791111,26.644,2873.034
2782.163921866667,26.673,2812.304
2747.4129056,26.652,2774.4753
981.0535504,26.69,1624.4883
1300.6205525422226,26.707,1618.3047
1557.1624672355558,26.77,1854.1239
1796.38042608,26.812,2065.2278
2021.983434986667,26.848,2165.48
2317.1668807999995,26.835,2313.8123
2358.417262364444,26.89,2312.1008
2218.87837728,26.856,2202.2554
2239.5502052266665,26.821,2221.0535
2228.2627584888887,26.78,2231.9995
2295.4267239822216,26.742,2312.334
2260.1675441600005,26.778,2286.2632
2284.7572502399994,26.742,2315.5708
2277.32204656,26.797,2320.0828
2144.4423817066668,26.768,2156.1138
1801.4719058488888,26.727,1865.3727
1880.589422222222,26.761,1904.6783
2368.166144959999,26.774,2377.8262
2362.1178831111106,26.782,2379.2595
2259.78663808,26.797,2259.6099
2318.0761139555552,26.838,2348.1646
2317.431186399999,26.805,2396.0696
2277.278704773333,26.873,2384.026
2075.239370355556,26.598,2172.873
2065.424567395556,26.388,2150.1682
1814.664493155556,26.233,1937.855
1908.36012736,26.113,1984.0034
1936.4366260888887,26.191,1997.4996
1951.190570373333,26.129,1992.1083
2140.9851904,26.094,2156.381
1574.4580886577778,26.143,1686.179
1558.4096058666664,26.201,1614.9873
1559.8712479733329,26.187,1606.4454
1591.4916472,26.201,1628.4949
1478.67296952,26.236,1528.614
1404.9727468,26.248,1449.7977
1523.910521813333,26.222,1532.917
1505.862846275556,26.291,1535.5032
1496.2682840088887,26.304,1530.5659
1151.8479374133335,26.277,1254.4957
1151.3722315822222,26.359,1207.5485
1708.5729379555553,26.352,1662.9286
1621.614756017778,26.2,1642.9104
1557.567409777778,26.27,1572.9019
1570.1629165511106,26.215,1576.5902
1486.875478044445,26.214,1503.8306
1562.980269226667,26.143,1570.1226
1557.2764779911113,26.152,1580.7395
1519.7233985066664,26.138,1552.2983
1519.639777422222,26.165,1545.6438
1522.53695712,26.215,1547.8505
1473.0132979199998,26.221,1499.4023
1511.2291838400004,26.194,1529.6111
1502.0613007999998,26.146,1544.0673
1513.9407184888885,26.124,1554.9136
1471.68431864,26.138,1517.2927
1488.8988399999998,26.166,1528.146
1350.2309826488888,26.172,1398.4816
1463.007385173333,26.138,1477.8679
931.6999606400002,26.131,1127.626
1089.4912981333332,26.166,1156.8958
1191.3379689244443,26.214,1222.3822
1172.5594461333335,26.208,1230.7927
1235.6949659999996,26.139,1262.5193
1255.4606267733336,26.25,1273.3533
1189.1259832711107,26.264,1236.4248
1301.6751956977776,26.256,1303.749
1363.8101771555553,26.194,1365.5312
1376.3143588799996,26.208,1389.9177
988.4347366666664,26.214,1142.636
999.3549397511111,26.215,1113.4159
1499.6841014399995,26.199,1428.7643
1484.148139555556,26.269,1511.0867
1471.4215582577776,26.22,1507.2542
1454.1509491022218,26.221,1493.4468
1453.224069955556,26.276,1489.4371
1394.1940749511111,26.316,1428.9825
1433.603609582222,26.274,1461.9257
1419.2165491377775,26.274,1454.3687
1452.1533015733332,26.219,1484.0603
1443.476447288889,26.255,1485.7002
1442.8021873777773,26.2,1484.4397
1432.021960995556,26.199,1488.9137
1426.6975247999997,26.225,1473.8059
1416.7547074755553,26.24,1451.8408
1392.137211928889,26.28,1427.7369
1419.2240272,26.266,1445.6288
1418.7581073600004,26.279,1448.979
1390.575020044444,26.306,1425.4952
1388.8780017955553,26.298,1416.7096
1264.7453024266665,26.291,1315.8593
1067.5328452444444,26.345,1183.7692
978.935747342222,26.301,1128.321
1151.2344044444444,26.339,1197.0168
1234.7137433955556,26.351,1251.1704
1192.3304272533333,26.296,1237.1978
1153.2967741244445,26.357,1212.8264
1314.626901368889,26.357,1309.991
1310.454982213333,26.364,1328.4288
874.6321895999997,26.376,1090.6006
1375.0963313600002,26.388,1317.6902
1391.244849244444,26.391,1394.6049
1381.1733130666669,26.438,1400.2125
1385.7243019733337,26.481,1406.2228
1435.839899519999,26.466,1460.7628
1456.2001931644445,26.458,1489.0327
1419.3070287999997,26.634,1462.7395
1490.952412302223,26.504,1519.7343
1511.8001295822223,26.508,1549.5668
1493.212991386667,26.467,1535.8772
1502.1985887999997,26.451,1542.8734
1528.7160524533333,26.443,1569.2655
1543.7062962844448,26.425,1587.8606
1511.2950087200002,26.391,1566.0361
1507.2426337599998,26.417,1566.3191
1560.608798933333,26.404,1616.1813
1689.5641881955555,26.429,1748.3464
1768.0093368799994,26.459,1841.4542
1925.1375500444449,26.523,1995.7845
1988.8640522488888,26.563,2049.5344
2058.133319324444,26.526,2097.7244
2103.822092675556,26.502,2135.9065
2077.922,26.515,2119.6365
2093.6834658666667,26.452,2125.4175
2056.8850267288885,26.48,2098.1943
1868.9164908088887,26.488,1944.562
1880.1372078933327,26.514,1950.221
1891.309092835556,26.521,1966.5859
1922.237235662222,26.497,1995.5399
2039.049549066666,26.51,2095.47
2283.098824008889,26.526,2301.427
2358.8812142933334,26.552,2355.229
2406.20970824,26.628,2395.7715
1983.9742961777768,26.674,2043.2444
1629.4412991999998,26.575,1745.793
3125.00147872,26.649,3865.3872
3423.369827973333,26.649,3682.1377
2777.010358577777,26.693,2652.1611
1154.1929596799996,26.726,1532.0579
1358.8198806222222,26.796,1505.0537
1362.598244337778,26.81,1491.2637
1550.946773413333,26.851,1651.3873
1894.24963528,26.698,2006.8784
2426.641041146667,26.811,2426.8298
2388.10036256,26.955,2400.6863
2374.266927911112,26.934,2388.0903
2355.260841235556,26.94,2411.698
2389.4760512000003,26.894,2471.6543
2343.9447363555555,26.726,2479.735
2398.076456213333,26.838,2474.7703
2841.976677386666,26.989,2970.1667
4456.358654417778,26.846,4361.043
4549.999820568888,26.534,4208.8706
4367.322132444444,26.409,3914.1577
3951.083408986667,26.493,3515.9656
3217.154859822222,26.904,3094.929
2933.03768384,27.005,3062.1787
3171.906906711112,27.004,3345.1309
3200.3869599644445,26.57,3215.657
3238.5780967822225,26.575,3179.3643
3072.3563969333336,26.734,3031.028
3233.5017850666663,26.574,3246.7522
2807.394833937777,26.913,2921.0183
2952.565037564444,26.68,3016.0305
3018.304906133333,27.034,3060.2966
3023.160206293333,27.119,3027.6204
3230.879831128889,27.05,3285.3438
3242.201428693333,27.073,3234.4104
3250.851061759999,27.057,3240.195
3215.732956711111,27.154,3232.3945
3249.869414133334,27.219,3293.2627
3441.9941014666665,27.072,3506.4492
2994.533017333333,27.159,3054.9277
3006.3843742399995,27.238,3115.8916
3512.196791866667,27.145,3725.2046
3646.1804140977774,27.051,3649.3706
3667.543439964445,27.085,3578.42
3573.7568533333333,27.161,3501.7244
3154.0741911111104,27.022,3157.1223
3085.934945173333,27.022,3188.8318
3308.39548416,27.22,3459.1665
3536.716606826667,27.097,3627.4688
3759.412852657777,26.97,3751.6
3766.4418818133327,27.281,3697.3965
3536.957719022222,27.222,3456.204
3489.0801999999994,27.263,3498.5325
3567.993971199999,27.199,3619.1855
3552.9153262400005,27.071,3556.7107
3532.6710368800004,27.128,3534.8545
3573.6748613066666,27.138,3598.3208
3627.19534448,27.134,3644.0698
3576.4824218666668,27.137,3564.7354
3618.7679293333335,27.212,3639.356
3584.628001866666,27.206,3594.092
3040.0403003733336,27.25,3114.5322
3102.091283466666,27.275,3249.4353
3231.4863692799995,27.248,3375.4817
3418.586818853333,27.155,3495.0193
3412.691011893333,27.209,3401.0076
3521.110321813333,27.182,3527.806
3555.9862666666663,26.699,3503.4683
3575.183961511111,25.699,3443.1116
2640.455980702221,25.676,2694.32
2737.6641441066668,26.264,2945.3975
3264.3579093333324,25.992,3521.1353
3866.655111857777,25.644,3949.7188
4113.952540533334,26.812,4025.9473
4012.46221536,26.296,3837.5498
3763.471053333333,26.272,3632.1406
3633.132397226667,26.524,3632.5369
3342.0949302399995,26.443,3389.6187
3202.055035946666,26.704,3329.4873
3245.86113552,26.791,3416.6338
3313.290490711111,26.05,3391.1365
3303.717698897777,25.749,3302.662
3259.4911789866665,26.623,3307.873
3247.128252524444,26.64,3316.696
3368.542908,26.463,3426.5251
3463.938796444444,26.698,3506.033
3296.312943111111,26.892,3303.4346
2985.8496246933328,26.888,3081.2437
3131.942649377778,26.94,3269.2153
2548.4272976266675,26.878,2784.2708
2821.0210137777776,26.865,2955.2764
2765.335359111111,26.751,2874.404
2800.93627776,26.865,2837.0862
2738.524420524444,26.975,2781.6802
2917.003939422222,26.781,2932.57
2942.356606968888,26.715,2932.6128
3189.0021680000004,27.006,3272.826
3926.162591964443,27.045,3987.2139
3977.635442666666,26.894,3810.538
3304.337560622222,27.148,3149.5732
3136.2460645866663,27.256,3220.0664
3744.508615857778,27.442,3954.5977
4304.663032213333,27.599,4232.216
4353.90985872,26.83,4174.0063
4203.103828986666,27.498,4088.3684
4109.766660853334,27.707,4101.456
4084.906901475556,27.473,4119.967
3871.424471360001,27.608,3883.5083
3823.175147555556,27.571,3890.4915
3823.175147555556,27.571,3892.9736
4003.396475057777,27.684,4078.976
4437.415570008889,27.871,4377.0557
4411.827199111111,27.943,4374.8994
4355.317261004444,27.625,4361.0635
4389.243134471111,27.51,4397.049
4436.041611733333,27.755,4424.9443
4443.136044239999,27.431,4425.748
4373.532737644445,27.488,4402.2773
4426.833805715555,27.505,4421.83
4474.172754044444,27.475,4433.6577
4263.398693617777,26.765,4305.1274
4438.13324856,26.433,4402.2275
4453.520414239999,26.163,4392.1445
4268.8200418666665,25.719,4251.324
4076.0251410666656,25.815,4117.8438
3776.728481564443,25.899,3859.4734
3930.735104462222,25.752,4071.752
4124.902754844444,25.044,4146.2764
4391.218297742223,24.963,4276.5195
3732.853791555556,25.062,3636.8892
2948.1413759999987,24.474,3037.7095
2723.2077107200003,24.488,2972.2869
3439.020244266667,24.481,3767.3828
3755.391899066666,24.491,3870.7786
3901.447524124445,24.504,3854.6365
3852.96249231111,24.644,3783.4177
3831.3463616355566,24.669,3795.0415
3847.4261540088887,24.742,3850.8425
3778.371105119999,24.625,3793.615
3818.02598936,24.949,3865.4248
3800.246155839999,24.534,3817.191
3552.021705955556,24.725,3588.432
3330.727444248889,24.698,3428.3774
3182.790178275556,24.725,3322.6167
3286.678066613334,24.797,3422.417
3496.901004799999,24.914,3606.5793
3648.795167111112,24.829,3677.33
3349.6905361422214,24.628,3309.4888
3660.43796736,24.853,3717.2754
3287.669607359999,24.743,3293.6528
3126.4482636800003,24.884,3203.097
3241.815089315556,24.94,3350.8203
3321.235524266665,24.954,3383.4788
3341.309685964444,24.898,3357.0227
3164.556240533334,25.036,3190.6616
3179.24928088,24.808,3221.94
3133.788277519999,24.751,3171.9614
3097.449423644445,24.786,3130.9192
3068.960184088889,24.87,3104.2969
2799.785704177779,25.082,2896.7612
2638.3611556266665,25.127,2707.2864
2811.560514,24.967,2875.0322
3106.954282933334,25.076,3131.6313
3178.682935857778,24.918,3125.1516
3142.2075986133336,24.924,3082.0159
3180.7356290044445,24.849,3164.7593
3259.712034506665,24.937,3264.9204
3215.368762737777,24.91,3207.3179
3088.1996801599994,24.876,3101.4092
3088.499550222222,25.016,3135.5503
2910.229209795554,25.078,2985.1545
2796.766062186668,24.905,2883.099
2899.260144293334,25.141,2966.0085
2926.717181866666,25.279,2967.5054
2952.1553627200005,25.273,2968.7249
2729.62180608,25.314,2768.9167
2820.608318364444,25.506,2871.3257
2388.1429532800003,25.596,2274.339
1058.2296118400004,25.549,1617.054
1328.3605268266665,25.589,1616.5242
1718.7832514577772,25.582,2006.3842
1985.3298725333327,25.624,2165.6516
2025.3478596622224,25.749,2147.5305
2065.063730515555,25.777,2124.896
2178.539378435556,25.914,2176.5803
2206.3457854400003,25.796,2180.2656
2317.5260059466664,25.892,2261.0217
2299.6373003644444,25.96,2257.614
2293.406468764444,25.993,2263.4377
2317.2304944,25.903,2302.7021
2277.900451733333,26.055,2290.1453
1817.4470356266668,26.05,1880.0739
1537.1115327111115,26.12,1644.28
1580.633899093333,26.159,1645.3379
1909.4282326577768,26.184,1936.2957
2043.0172258311109,26.227,2051.622
2047.27778832,26.276,2042.8021
2107.5978666666665,26.294,2085.2651
2094.858844444444,26.306,2079.1392
2128.99045312,26.193,2114.0833
2066.73327952,26.149,2088.6855
1937.797622933333,26.222,2022.021
1889.7444474666663,26.176,1974.542
1906.68648184,26.194,1979.2443
1950.3733201777773,26.19,2009.9249
1955.0156457777773,26.178,2010.8823
1902.273812631111,26.193,1958.7649
1940.477191253333,26.141,1981.9584
1966.016181555556,26.196,2004.4924
1969.9961536888893,26.23,2004.6238
2017.81136096,26.239,2045.173
2067.280887466666,26.26,2087.9426
1621.4582500266663,26.333,1709.1404
1708.9077751200002,26.348,1757.276
1746.5196672,26.341,1828.2783
1750.1355466666669,26.377,1844.8823
1705.2216959555558,26.271,1787.499
1662.2143039644443,26.241,1722.3708
1821.28036112,26.221,1876.2887
1808.232428088889,26.256,1874.0703
1842.0888832,26.282,1899.1746
1837.7820095911109,26.308,1895.0459
1535.887862293333,26.171,1602.7559
1267.5179052,26.071,1348.6498
1317.9911898044445,26.117,1345.8456
1524.6365482666668,26.015,1518.1206
1465.749602933333,26.076,1492.9675
1417.9063080977776,26.05,1444.2482
1364.4132487555555,26.069,1391.3844
1385.1053624888889,26.053,1398.0752
1370.9024309866666,26.085,1385.912
1401.2242219733334,26.009,1405.7523
1410.1233698666667,26.003,1416.1053
1387.04596272,26.002,1396.3721
1409.6436606755558,25.948,1413.2583
1370.4035061333334,26.0,1394.2437
1359.5006451199995,25.95,1375.3577
1373.844455768889,25.989,1384.1855
1364.0730795999998,25.94,1376.4886
1322.0363498666668,25.942,1342.6785
1350.4201431555557,25.956,1358.6078
1332.5820594666666,25.956,1342.8694
1333.21873344,25.933,1340.3527
1325.6559043199998,25.966,1333.8815
1142.1213248177776,25.986,1211.3777
977.4613790222222,26.004,1119.2054
977.4618273333334,26.036,1107.8562
1046.071214222222,25.995,1133.2252
1084.5436552000003,25.984,1154.0416
1110.2681252,26.004,1173.4506
1125.4750348800003,25.988,1185.3416
1218.9503375644445,25.972,1240.5383
1207.449561111111,25.944,1243.7991
1271.5715214577774,26.0,1286.8936
898.0033651199998,25.932,1092.753
942.6810653333332,25.997,1080.8994
1381.6115517333335,25.942,1318.6772
1391.3001161066666,25.933,1394.1384
1400.7623229599994,25.976,1419.0747
1356.503952,26.005,1384.4092
1315.7414214222222,25.996,1344.5636
1401.0979542755558,26.034,1408.8907
1382.6008148266665,26.072,1405.9583
1450.3447749599993,26.022,1478.2151
1418.5367860622223,26.094,1462.3276
1448.5465781333332,26.06,1484.6897
1384.4732321777772,26.027,1419.8169
1427.4918855111111,26.009,1469.2012
1439.2921267999998,26.033,1490.6368
1477.0329647999995,26.042,1526.3933
1570.2222659555553,26.058,1616.6594
1657.3344479999998,26.025,1714.5068
1737.542765857777,26.062,1806.7803
1818.3531562222224,26.056,1890.968
1896.0574003466668,26.072,1962.4272
1951.6149684533336,26.078,2010.2302
1994.914026995556,26.081,2046.065
1963.4177994666663,25.949,2025.8074
1978.69444656,25.981,2035.9578
1915.768965688889,26.018,1979.3225
1979.52573064,25.857,2030.9182
1951.123759208889,25.735,2012.2008
1883.8132705066669,25.816,1959.4784
1900.0588471644448,25.87,1973.8066
1956.185155555556,26.099,2024.9011
1939.4787732977773,26.15,2012.9658
1976.4987118933327,26.11,2038.3864
2006.1999972177773,26.157,2063.8308
2002.912559786667,26.172,2060.6853
1946.678399386667,26.18,2016.1919
1666.894692924444,26.144,1775.2959
1614.4179630222222,26.081,1700.8246
1912.336090311111,26.053,1987.0491
1857.959143111111,26.241,1956.5548
2096.9146943999995,26.171,2143.282
2104.878099395556,26.167,2143.7683
2201.0301687466667,26.056,2211.5103
2283.02779872,25.898,2280.5288
2377.78053888,25.767,2357.9387
2332.4707805511107,25.864,2352.8677
2377.024833066665,25.776,2411.678
2353.714844444444,25.742,2429.361
2400.5764858311104,25.764,2440.3599
2230.285025866667,25.743,2352.303
2136.453540586667,25.842,2223.9758
2417.0992352000003,26.049,2455.8147
2399.267164702222,25.943,2452.9858
2419.4500156444446,26.007,2458.2146
2448.965285626666,26.031,2482.9082
2431.921721013334,25.876,2475.3723
2415.3633932088887,25.771,2469.17
2448.255594,25.998,2503.6907
2368.405517475556,26.085,2458.6855
4642.950003057777,26.107,4430.1055
4588.888694826666,26.081,4322.5723
4236.096351324444,26.08,3810.4001
3419.809034879999,25.968,3122.4604
2775.8885339644444,25.962,2902.4575
2800.8502264800004,25.961,3015.466
3006.262505813333,25.899,3161.9172
2976.2918472266674,25.996,3047.5583
3052.641240444445,25.745,3057.4858
3067.8207821866667,25.85,3059.7397
3046.861557706666,25.657,3036.4639
3045.3904509955564,25.93,3057.4473
3039.832344568889,25.874,3049.7222
3073.627498666667,25.963,3071.734
3291.451067333334,26.013,3354.0854
3362.216481333334,25.921,3366.5566
2879.267044231111,26.018,2930.9043
2876.422320426668,26.101,2968.2056
2924.0798898666667,26.292,3029.5823
3011.482831359999,26.261,3078.2827
3027.459459777778,26.228,3061.692
3068.7897164088886,26.214,3092.0645
3076.7714986666665,26.119,3091.947
3043.654465777777,26.15,3060.305
2981.2144278222218,26.107,3013.7668
3117.6369312000006,26.064,3153.7417
3174.118685093333,26.277,3203.6353
2895.289394560001,26.344,2946.2197
3146.5219281600007,26.305,3235.8071
3239.0477428444447,26.405,3303.732
2814.607424951111,26.474,2898.1045
2910.1774712,26.487,3001.9585
2984.353357831111,26.311,3057.0532
3410.8308351822216,26.589,3571.7656
3417.043982364444,26.316,3385.0571
3364.416366079999,26.244,3298.1514
3372.2986395733337,26.411,3374.6016
3340.0951925333334,26.217,3344.8955
3232.7504098222216,26.263,3250.82
3191.9673792,26.272,3238.483
3313.047430400001,26.054,3366.6855
3291.8076144,26.303,3320.5347
3307.157435182223,26.361,3341.0173
3438.92505792,26.171,3475.2073
3411.1770082133344,26.184,3402.0615
3728.6277967644455,26.269,3772.8423
3765.599809155556,26.299,3724.1807
3730.768548693334,26.536,3685.606
3740.8789866311113,26.517,3731.749
3676.690605208889,26.584,3676.2908
3426.0067985866667,26.654,3443.9312
3488.1845652266666,26.258,3553.8208
3153.8037745066667,26.262,3218.6807
2876.69073768,26.268,3044.6184
3126.237378133333,26.289,3278.3674
3402.407106666666,26.3,3524.9705
3548.0718580000007,26.213,3550.5454
3429.2085888000006,26.35,3369.8574
3357.447417600001,26.658,3373.7642
3083.008836017778,26.705,3156.7578
3207.53008488,26.626,3320.0498
3335.142406248888,26.607,3425.9204
2975.876983617778,26.73,3046.5479
2692.55756736,26.668,2890.3984
2880.8836145066666,26.614,3007.1553
3210.380906880001,26.395,3329.2573
3157.145266613333,26.18,3100.385
3154.735469795555,26.336,3120.4849
3039.164571777777,26.396,3057.4375
2736.553902222223,26.716,2866.8525
2944.630475857777,26.345,3028.5718
3017.6826340088887,26.374,3050.7046
2959.994502862223,26.309,2957.0205
3003.7340975199995,26.44,3010.0918
2946.5827438222223,26.404,2964.729
2769.0910790400007,26.199,2816.434
2882.909272746667,26.397,2929.8015
2828.1758448533333,26.6,2878.56
2846.9725376355555,26.605,2883.5303
2897.5754808,26.625,2929.36
2947.59603872,26.472,2957.256
2841.256834133333,26.354,2849.8965
2749.602107733333,26.507,2784.4648
2864.3292283466667,26.481,2905.7698
2983.4428367999994,26.647,3013.2148
2988.5384643199995,26.641,2990.147
3204.4912912711115,26.638,3262.2827
3649.576383573334,26.617,3735.127
3308.2190056177774,26.611,3204.4614
3095.5877517866675,26.658,3101.8276
3144.141549866666,26.165,3201.5576
3649.073812844445,26.108,3755.4482
3758.499015288889,26.24,3705.4731
3600.202639608889,26.259,3480.65
3204.517103511112,25.93,3171.1514
2797.1918576,24.871,2936.0776
3151.070667359999,24.561,3229.0264
2953.727467519999,24.607,2994.2524
2747.304984888889,25.005,2824.6099
2935.840478328889,25.26,2977.154
3376.462441386666,24.95,3494.666
3699.2441136622233,24.628,3693.146
3831.210035466667,24.655,3705.9907
3604.284569333333,24.595,3455.6943
3145.539400213333,24.894,3143.0881
2868.7936256711114,24.648,3008.4807
3144.4978989777787,24.424,3278.7537
3062.835916622222,24.299,3093.4124
3095.7994675822224,24.172,3092.3225
3137.5131361777776,24.577,3164.5532
3044.4800196266665,24.438,3056.2092
3102.7446369422214,23.953,3105.903
3015.712256604444,24.168,3022.9734
3005.405192906667,24.013,3010.553
3027.5021191999986,24.157,3026.643
2999.8079576533337,24.008,2989.683
2791.1519541333328,24.118,2829.7903
2704.216502151111,24.138,2761.4092
2833.7001544444447,24.303,2866.0793
2468.901518880001,24.008,2403.6658
1557.1826132888891,24.224,1989.5215
1639.709218933333,24.578,1976.1031
1934.2375809066664,24.381,2157.1528
2118.3178004444444,23.859,2251.4556
2129.74082112,24.243,2221.5898
2385.669934115555,23.796,2321.9883
2474.422925511112,23.669,2307.4297
2359.63473328,24.227,2322.8784
2447.749541582222,24.304,2402.286
2421.1053316444445,24.588,2407.3735
2001.319762808889,24.595,2049.3628
1880.11504968,24.061,1925.7749
2079.3604242488886,24.328,2090.379
2511.062051182222,24.601,2525.2532
2431.0722750933337,24.968,2381.686
2404.574732755555,24.851,2378.5518
2352.82033336,24.848,2376.9763
2377.422962444444,24.919,2400.0857
2350.70035512,24.962,2400.9573
2350.602442808889,24.93,2418.2305
2326.728118995555,25.057,2476.2222
2359.6457792,25.14,2437.2317
2349.416407235555,24.994,2441.5051
2336.250804764445,24.78,2496.8767
2328.4950458311105,24.723,2502.4148
2279.47984712,24.752,2433.1326
2024.5709411644443,24.723,2107.7756
1817.853351048889,24.791,1912.2043
1852.552008071111,24.884,1924.6188
1913.2653752000008,25.03,1980.3357
1779.6868457244443,25.075,1862.7853
1503.4802601955555,24.929,1588.2959
1552.0991227733332,24.928,1594.9126
1556.4382619733335,24.943,1611.5413
1557.4108339199995,24.944,1609.0372
1417.170315164444,24.913,1472.9263
1459.430062791111,24.999,1475.3862
1602.684096231111,25.024,1606.0764
1583.8197515555553,24.998,1604.7217
1634.5475883733332,25.036,1652.9152
1556.2998770666666,25.08,1582.2766
1258.7134999999998,25.068,1320.1504
1234.932947733333,25.139,1259.4089
1721.672675955556,25.068,1693.9236
1725.083020497778,25.089,1766.615
1697.6359889955556,25.082,1732.185
1671.7599490844443,25.097,1701.5613
1690.7359476799995,25.191,1720.3575
1659.2681384177777,25.213,1696.3077
1645.3720741244445,25.289,1691.5088
1616.074466755555,25.055,1662.6367
1630.2108199822223,25.098,1674.0413
1656.6183332977776,25.256,1704.4198
1593.637545973333,25.245,1649.2084
1617.3591167999996,24.928,1666.9612
1616.7971791999998,25.143,1674.7893
1556.8408709688892,25.307,1617.9512
1668.852957777778,25.118,1717.739
1676.4028638933328,25.239,1746.6459
1675.863062382222,25.267,1743.7096
1637.108034026666,25.232,1699.1025
1069.43721728,25.232,1215.8041
1268.1856733333334,25.185,1270.1975
1223.523888746667,25.128,1257.2928
1285.224605786667,25.112,1301.9137
1316.949427733333,25.042,1328.5646
1363.707214648889,25.003,1360.9446
1381.0865014044446,25.096,1386.2559
1222.3546828888889,25.054,1266.6177
1072.782644044444,25.117,1163.6543
1169.6698551200002,25.127,1195.9584
1560.7561547199998,25.107,1521.8169
1506.18593536,25.031,1538.0734
1495.0899838400003,25.11,1530.4951
1564.54305032,25.143,1593.6174
1547.8661634400005,25.1,1584.4534
1539.4381462755557,25.107,1577.4141
1478.3518471822224,25.055,1519.5537
1511.9993310933332,25.175,1545.008
1475.9004960000002,25.202,1516.2151
1455.262287893333,25.078,1486.2151
1446.5534311822223,25.156,1476.5577
1484.8705725333332,25.077,1508.426
1416.8379524444442,25.117,1446.8118
1405.5986857599996,25.062,1434.6747
1503.5791168711116,25.148,1536.8198
1504.365368391111,25.199,1552.9666
1500.8625052444445,25.21,1549.2673
1542.0937130666664,25.2,1585.9009
1417.4934997333337,25.192,1471.4868
1499.96267032,25.242,1535.2942
1468.764640711111,25.289,1523.0195
1355.261084551111,25.261,1403.7683
1235.22151104,25.239,1288.3112
1067.3406723199998,25.188,1165.4861
1204.1733233066668,25.229,1221.6797
1288.7144900355556,25.262,1288.69
1216.77329456,25.295,1253.2219
1243.935980373333,25.32,1263.9698
1260.4482660444444,25.23,1275.5027
1050.523032053333,25.253,1158.8885
867.1748754488892,25.311,1058.9291
1396.7780027911108,25.298,1315.885
1391.0668860355552,25.403,1394.0698
1443.6415363999995,25.378,1457.9656
1441.8047196088885,25.349,1473.7502
1441.132482337778,25.373,1476.6987
1437.6602615466666,25.379,1472.9287
1441.579361182222,25.423,1474.234
1419.8302928711107,25.34,1451.6649
1422.62725,25.411,1453.1885
1440.9922692533332,25.388,1470.6609
1449.7593412000003,25.387,1484.8295
1395.964051466667,25.453,1423.4634
1387.488295573333,25.502,1409.4719
1434.5186894133333,25.499,1460.2192
1405.96940528,25.576,1438.4059
1442.7789520533331,25.473,1483.6443
1482.2044535466666,25.567,1525.0105
1436.0983409777778,25.564,1487.0907
1467.593310906666,25.55,1511.2617
1429.886658666666,25.531,1477.9279
1466.5480170755557,25.442,1507.9324
1454.2800277688884,25.477,1510.1459
1509.2732525333329,25.542,1561.268
1621.8735747555547,25.462,1662.5142
1701.3690406844448,25.473,1759.6401
1772.0209725866662,25.536,1838.493
1932.75077632,25.529,1992.2927
1978.5256091022216,25.606,2032.5652
1966.4296292,25.514,2016.1807
1956.834326346666,25.51,2005.9453
1930.7675597511104,25.487,1986.7212
1944.87527696,25.471,2001.4241
1956.975300977777,25.503,2015.9115
1601.0940205599998,25.498,1706.2107
1660.7789375466673,25.477,1727.7921
1782.6741650666663,25.508,1861.6268
1727.7014764444443,25.418,1816.5371
1831.618319857777,25.42,1911.7834
2064.273905315555,25.452,2115.4043
2100.909761226667,25.479,2141.254
2140.27565248,25.395,2165.143
2110.0585357333325,25.42,2139.2827
2103.08983528,25.414,2135.8403
2095.3751824,25.551,2136.1406
1674.377135786667,25.534,1793.2244
1698.930522844444,25.562,1779.8756
1876.24077184,25.55,1954.4788
2338.5090328355554,25.624,2326.465
2381.82430976,25.641,2342.09
2358.464324551111,25.648,2325.074
2577.01393248,25.698,2483.391
2426.0517542400003,25.79,2473.7344
2433.5459184,25.949,2444.7273
2352.1244264266666,25.972,2439.5764
4501.754705066665,25.989,4418.7065
4806.342403333332,26.09,4443.3105
4555.588264266665,25.974,4261.1445
4558.172052373334,25.991,4443.2764
4419.54335296,25.563,4402.7666
4483.792747777778,25.734,4457.247
4466.795066933332,25.721,4451.287
4413.9051968,25.589,4433.641
4313.341510897778,25.499,4382.4946
4287.227847466667,25.691,4378.109
4254.222694399999,25.577,4346.549
4230.507011004444,25.563,4316.3975
4214.0434224,25.917,4307.4033
4283.898887111111,25.932,4351.8525
4223.566710186667,25.553,4253.4463
3960.39940936,25.823,3993.4983
3961.9964111466657,25.552,4031.8032
3793.123631111111,25.661,3843.4814
3800.64527616,25.687,3876.9858
4005.5056321155553,25.877,4070.4111
3960.381995093333,25.568,3947.4365
4138.313300533333,25.544,4108.6084
3920.551415982221,25.937,3897.021
3930.710394951112,25.704,3957.7878
3958.942597368888,26.052,4007.0554
4425.003937164444,26.362,4332.9385
4485.818392044444,26.427,4359.198
4481.829012364444,26.585,4382.96
4435.037887404444,26.272,4375.003
4458.034427377778,26.445,4397.2583
4436.884118728888,26.614,4397.5244
4386.574521244444,26.49,4378.193
4435.04925704,26.272,4392.829
4449.1845401422215,26.487,4400.196
4475.2319560000005,26.499,4412.02
4500.600306284446,26.248,4418.0566
4448.302932266665,26.331,4404.1387
4513.642693066666,26.332,4425.5034
4495.8012092,26.252,4420.435
4507.051786133333,26.351,4425.615
4507.587267555556,26.244,4424.858
4559.198243493333,26.27,4435.905
4454.612559493334,26.269,4411.2437
4412.993502008889,26.124,4393.0825
4295.30136,26.031,4321.5723
4299.552555697777,26.044,4321.0815
4185.141800666668,26.322,4241.9614
4381.975641066667,26.3,4359.877
4488.424651600001,26.453,4396.116
4415.665473493333,26.39,4373.8906
4390.226894400001,26.206,4364.8784
4445.659047182223,26.447,4394.1865
4351.178717155555,26.369,4352.069
4387.44504128,26.298,4369.999
4208.73943152,26.064,4232.5195
4423.366357982223,26.665,4385.209
4495.650178426666,26.449,4404.748
4495.173160266668,26.49,4410.084
4508.833847253335,26.569,4420.9556
4545.056024959999,26.431,4431.472
4525.179286666666,26.374,4428.9106
4512.816860915556,26.064,4423.143
4505.706210026668,26.269,4422.7593
4520.100392213334,26.054,4423.9443
4461.909081333332,26.373,4412.285
4497.8593705777785,26.223,4420.2324
4494.292593404444,26.183,4417.0176
4414.350462888889,26.096,4387.542
4512.253038080001,25.853,4413.093
4528.214720853334,25.747,4412.908
4465.238765973334,25.866,4397.073
4514.5423312,25.961,4414.8584
4538.467500480001,26.324,4425.533
4474.124716053333,26.22,4412.3887
3868.5965341866654,26.056,3898.4883
3986.871997653333,25.958,4123.5317
3965.118070115556,25.999,4062.6602
3881.445849093334,26.212,3965.3218
3882.897737813332,26.704,3999.1147
3922.5120132177785,26.543,4005.6104
4156.20438624,26.38,4169.4453
4243.012084693332,26.152,4188.4683
4161.371850666666,26.175,4109.4355
3621.054771297777,26.13,3552.5654
3653.264037066666,26.268,3780.6218
3942.26120176,26.249,4057.6697
4201.036927288889,26.343,4191.9116
4295.216234453333,26.13,4215.478
4203.417581555555,26.157,4140.771
4068.23784432,26.236,4057.8645
4128.6530112,26.229,4157.418
4230.721221039999,26.18,4229.713
4319.992253973333,26.161,4280.619
4290.897698933333,26.195,4261.8184
4224.54319000889,26.239,4226.472
4335.598674062221,26.288,4320.1816
4335.325126266667,26.32,4316.7915
4581.933524053333,26.272,4418.2246
4511.897807999999,26.365,4409.84
4515.412712666665,26.396,4421.2046
4454.668288640001,26.543,4410.55
4503.779060293332,26.584,4425.83
4523.920457013334,26.529,4430.663
4493.907839999999,26.545,4426.0806
4492.500742799998,26.505,4426.477
4530.429941333334,26.411,4433.748
4471.108056204444,26.443,4418.3984
4493.789718755555,26.467,4423.7847
4565.114339733333,26.41,4437.573
4521.243466773334,26.415,4431.2153
4505.006678177779,26.278,4426.98
4499.5590682133325,26.282,4424.1816
4461.83904,26.318,4413.0166
4478.043432586667,26.26,4415.036
4449.447336622221,26.297,4405.1123
4480.889354604445,26.282,4413.1567
4433.363989199999,26.246,4396.3335
4198.00153735111,26.301,4252.99
4376.820902853332,26.219,4369.18
4327.303105466666,26.317,4330.6997
4364.8535568,26.312,4351.5566
4456.076337191111,26.285,4388.6885
4359.182339733333,26.339,4347.487
4417.141724719999,26.364,4381.4097
4378.848492906667,26.198,4358.864
4390.03089744,26.133,4362.783
4395.868488,26.226,4366.9214
4303.605745768888,26.408,4322.621
4203.062159342223,27.255,4293.667
4091.7634391466654,27.193,4209.121
4077.346983466666,27.351,4192.5645
4112.79555552,27.461,4205.323
4276.889075946667,27.505,4309.422
4120.686097733334,27.333,4148.059
4098.124206444445,27.358,4149.1533
4093.513092613333,27.103,4134.201
4101.0448136,27.012,4132.699
4058.480779173333,26.978,4087.2974
4027.8942435911104,25.022,3934.6743
3637.563359857779,24.997,3502.558
3208.8714375466666,24.965,3218.316
3123.3607904711107,24.946,3235.916
3242.8614031999987,25.113,3367.6885
3413.6060765866664,25.012,3505.9644
3120.5416867733325,24.625,3098.3545
2995.263885546666,24.239,3017.3862
2968.550020871112,24.177,2991.078
2882.203525093333,24.043,2897.3667
3160.731692622221,24.028,3126.7837
3037.5466565688885,24.132,2960.084
3099.509682186667,24.064,3027.081
3089.7982923733325,24.038,3038.2966
3025.4126866666656,24.112,2985.749
3058.6710225600013,24.084,3038.2356
3003.50484752,23.954,2982.5532
3019.5441789422225,24.036,3006.1772
2925.73208632,24.191,2930.447
2470.541585315555,24.257,2297.4202
1605.389507066667,24.374,2025.8337
2129.796763360001,24.43,2193.846
2487.225858266666,24.439,2392.8062
2514.9615217777778,24.232,2386.3706
2417.7980509155555,24.367,2360.1
2434.8220144355546,24.168,2386.059
2387.723022008889,24.178,2375.2568
2188.7314206400006,24.238,2303.5103
2070.661632995555,24.224,2165.442
2192.8467804,24.224,2264.1982
2317.17765424,24.023,2353.9204
2266.522539306667,23.965,2305.3918
2211.5418952,23.905,2229.4116
2117.550755271111,23.667,2122.604
2098.3722248533336,23.571,2101.4414
2116.063135573333,23.878,2118.939
2133.370282666666,23.713,2131.4888
1969.8827193333336,23.736,1990.5413
1398.7269986666668,23.488,1509.2996
1060.6045370399995,23.571,1179.0419
1157.4758126933334,23.537,1170.3293
1122.690745742222,23.661,1155.482
1041.0599250844448,23.624,1119.1161
1238.93583264,23.702,1225.3239
1305.504359466667,23.837,1283.9164
1118.2592544533331,24.013,1176.3232
902.04135104,23.681,1050.1471
956.112734044444,23.71,1047.6107
1242.9683945777774,23.803,1186.4272
1435.4201685333337,23.81,1365.7551
1598.2560610133337,23.798,1572.0562
1709.7096686222217,23.939,1727.1819
1742.628099688889,23.982,1767.4608
1762.2024107999994,24.037,1786.8279
1751.002831875555,24.161,1783.0366
1756.1640828266666,24.194,1791.8672
1713.5644769511107,24.248,1756.0029
1744.2636259555557,24.285,1784.6821
1764.3547710755558,24.32,1808.3182
1751.2230376355556,24.32,1796.9628
1744.4518257955554,24.346,1797.33
1735.803517866667,24.366,1807.4761
1743.7535562044443,24.243,1821.2186
1700.06048576,24.36,1780.9019
1698.0621616888884,24.501,1778.3782
1247.1854999999998,24.567,1357.6016
1452.3356337777775,24.511,1452.7052
1434.0990178133327,24.492,1457.6868
1548.2710966666666,24.492,1588.3579
1537.2430567111114,24.526,1601.5607
1538.8430033777777,24.56,1600.4525
1615.57171088,24.56,1667.3901
1687.525086444444,24.623,1747.2698
1357.8307339733335,24.648,1427.7805
1200.3855404,24.443,1251.0576
1644.7273759644445,24.545,1627.5226
1724.6762206666665,24.57,1784.3318
1707.7570746133329,24.501,1769.3208
1717.9152408,24.598,1775.1392
1701.1454708444442,24.572,1756.6525
1687.8109750222218,24.524,1740.1809
1747.9360392000003,24.595,1803.6643
1728.9859518222222,24.589,1792.1117
1722.907389964444,24.573,1783.5569
1755.4941336888894,24.567,1816.3264
1771.2937374399996,24.58,1835.613
1720.5448288355558,24.485,1785.4705
1697.2860769333329,24.392,1758.9562
1524.3607915199996,24.447,1603.0032
1413.71129568,24.454,1458.2596
1400.1070493155555,24.386,1420.8971
1317.3068702577773,24.439,1343.3593
1276.569848,24.434,1297.4467
1272.1897855644445,24.526,1286.9801
1283.6010011022224,24.526,1290.0406
778.0508035555555,24.511,1038.7188
973.4139447999996,24.544,1076.8728
993.010177742222,24.544,1097.1401
1050.85713096,24.553,1118.1583
1131.2683742222223,24.538,1161.2571
1035.4956657333337,24.552,1123.6531
1113.812443733333,24.588,1152.797
989.0152762666664,24.636,1100.8055
814.6864894577775,24.636,1020.0791
834.5999345333333,24.58,1007.49414
1282.58849104,24.568,1211.519
1286.5703344355554,24.532,1273.2783
1299.1242798577778,24.587,1293.8866
1287.1892040533332,24.588,1287.3994
1308.7873102933331,24.624,1303.905
1302.2298368888885,24.649,1304.124
1341.781453537778,24.649,1338.739
1382.5429477599996,24.621,1380.482
1328.576286737778,24.559,1343.532
1390.3135498666666,24.629,1391.1963
1352.581405608889,24.602,1368.291
1368.4011647288887,24.682,1379.0658
1307.7931309155558,24.571,1331.494
1375.1224405333328,24.593,1385.2856
1431.1099075555558,24.581,1443.5247
1550.5076159999996,24.553,1581.2067
1525.908317226667,24.532,1574.9299
1632.0931304533328,24.53,1674.9131
1687.7129753777774,24.456,1746.3914
1710.9825030488887,24.587,1778.7927
1726.1519618666662,24.264,1794.4216
1720.836051733333,24.263,1797.625
1772.6341131377776,24.256,1848.728
1808.006926435556,24.408,1883.4779
1833.7115904,24.208,1907.0105
1846.8025217066668,24.341,1922.9282
1864.89522864,24.166,1937.412
1930.19114112,24.332,1999.1582
2002.6889864533337,23.973,2059.704
1876.4042412088888,24.019,1955.5823
2045.4010124533324,24.069,2094.0212
1964.40522856,24.104,2036.4235
2075.0352537244444,24.22,2122.8872
2087.721053848889,24.074,2136.8303
1760.7676114666667,23.901,1860.2853
1647.4564331733332,24.003,1731.8037
1676.7944106666666,24.119,1751.9387
1770.501456426667,24.27,1856.197
1863.599898311111,24.43,1954.9702
1897.8294507377773,24.533,1984.4889
1969.345226915556,24.695,2035.9656
2299.771451351111,24.738,2284.0793
2362.163959013334,24.848,2321.709
2312.014769573333,24.876,2297.938
2382.6010140000003,24.939,2359.2373
2301.945733457778,24.98,2338.8438
2372.827071395555,24.944,2406.0364
2362.409550826667,25.034,2433.399
2364.655787448889,24.892,2458.661
2283.4266349155555,24.944,2401.2944
2353.270119822222,25.067,2476.9421
2317.245152426666,24.945,2454.5735
2336.270292906667,24.879,2478.712
2309.117856533333,25.163,2453.6648
2276.58125728,24.832,2404.3318
2339.216187137777,25.033,2486.1565
2364.0463067466667,24.87,2439.5408
2380.6299879999992,24.858,2446.0112
2321.46244416,24.834,2485.3372
2299.5764534844448,24.885,2458.901
2307.2686011466662,24.788,2466.1504
2330.958949724444,24.782,2495.1814
2405.0609966044444,24.911,2463.9985
2402.7603850844444,24.868,2460.4111
2063.5662700977787,24.795,2138.864
4373.915228533333,24.658,4380.2646
4492.220075591112,24.697,4233.0547
4492.220075591112,24.697,4052.6401
3533.5743208888885,24.912,3182.8496
2940.441324088889,24.825,2989.9065
2787.918478222222,24.771,2977.918
3111.2009815466663,24.862,3279.1948
3145.732341671111,24.93,3194.924
3172.846060266668,24.798,3171.602
3208.4960160000005,24.763,3229.024
3177.6097011822217,24.975,3201.396
3180.53156128,24.972,3202.5227
3135.6483412799994,25.159,3159.0444
3128.6476849777778,25.192,3150.331
3187.91139912,25.192,3219.1887
3207.292130657777,25.312,3240.3389
3140.060013724444,25.352,3165.791
3230.1732043199995,25.417,3295.4072
3118.163472017778,25.495,3168.9868
3146.324932106666,25.506,3207.765
2948.7729008,25.356,3023.8645
2973.322905146667,25.607,3058.291
3158.7776942933338,25.722,3240.137
3066.320945137778,25.658,3082.0383
3110.7963161422226,25.715,3132.1035
3019.848256142222,25.52,3045.2576
3190.06521728,25.779,3246.1182
3242.2632117866665,25.732,3270.9746
3099.3179470933337,25.816,3108.997
3225.3868416,25.774,3279.1802
3054.8019253333337,25.723,3088.739
2808.09114144,25.683,2915.2502
3017.142292195556,25.743,3101.763
3499.273644195554,25.66,3654.2441
3523.494575377777,25.644,3473.9546
3444.698289635556,25.759,3379.4756
3525.71635168,25.822,3528.56
3596.3499168000008,25.848,3596.4204
3606.171664506666,25.559,3572.7896
3483.234735466667,25.667,3463.0342
3316.2658849777768,25.807,3356.974
3249.643381493334,25.908,3349.0688
3361.5197150400013,25.882,3467.3818
3542.205721084444,25.874,3614.3901
3521.305849502221,25.913,3520.2769
3537.277475466667,25.945,3542.6453
3448.0123940088893,26.065,3466.0479
3294.637740728889,26.05,3338.8506
3212.508272355555,26.1,3295.3267
3182.492082826666,25.689,3250.4136
3196.781621048889,25.638,3243.1414
2975.4145571111108,25.759,3045.3809
2816.545250311111,25.86,2944.664
2875.141736622222,25.718,2957.7983
2773.512975306667,25.903,2848.7031
2834.360850906666,25.799,2863.4075
2851.806840533333,26.036,2871.7847
2982.4206979466667,25.694,2965.1746
2908.651587857777,25.697,2885.0957
2970.9717811911114,25.838,2959.374
2876.216363973333,25.882,2887.673
2444.970771911111,25.886,2028.3645
2591.541888373334,25.832,2560.0928
2678.12886056,25.855,2712.5269
2960.005675706666,25.885,2963.1687
2887.267837208889,25.751,2849.1855
2973.341649208888,25.852,2951.757
2935.662584986668,25.947,2943.3584
2898.21394336,25.777,2913.985
2910.4581535466664,25.807,2940.7468
3049.5315822400003,25.846,3076.6724
2972.706763822222,26.012,2988.037
2960.746021333333,26.036,2987.7488
3057.4601424,26.047,3101.8665
3046.57085648,26.066,3071.3115
2968.864307919999,26.154,3003.5676
3039.522085333333,25.446,3052.454
3203.040898862223,25.392,3199.5115
3459.409856293333,25.507,3479.2524
3666.038591146667,25.712,3648.3223
3626.01498208,25.834,3547.71
3700.677883626666,26.05,3675.3096
3713.694737635555,26.118,3700.5698
3617.421486879999,26.245,3611.2197
3624.121991324444,26.166,3655.8564
3623.269652924445,26.217,3661.647
3639.907777777778,26.425,3685.533
3580.4768785244446,26.689,3631.812
3544.329551306667,26.721,3604.0488
2881.381278266665,25.997,3026.6357
2880.110190506666,26.305,3088.588
2933.6834707555554,25.83,3085.5264
3025.146676320001,25.418,3052.9094
3055.04228064,25.38,3028.0022
3017.8011977422216,25.15,2982.296
3127.6351690933334,25.282,3094.5305
3146.490397333333,25.107,3104.6392
3040.365757937778,25.237,3011.2974
3104.697269377777,25.066,3095.1794
2777.86755504,25.004,2823.5396
2825.68762736,24.996,2867.3784
2995.473741724444,25.074,3012.5454
3208.572742408888,25.226,3246.6702
3124.286179128889,25.333,3088.4485
3024.0727488000007,25.229,3014.8708
3202.7840515288885,25.222,3255.5461
3190.1052357422222,25.34,3206.9858
3102.4788687999994,25.396,3114.5476
3054.933749759999,25.305,3088.3357
2882.311009137778,25.5,2957.9702
2860.3887727999995,25.418,2934.7195
2812.79949104,25.628,2883.507
2774.4679105777773,25.624,2830.9775
2757.6177706666663,25.405,2797.1318
2795.2863840000005,25.418,2819.4795
2798.703958577777,25.436,2814.4832
2741.9734269511114,25.415,2757.0137
2758.3721210666654,25.454,2778.3506
2798.453086008889,25.505,2817.7493
2788.92899592,25.458,2802.9104
2311.140085484444,25.511,2212.4365
1044.7305543999996,25.505,1575.1956
1473.3077579733333,25.458,1737.8896
1948.6286156,25.522,2161.7102
2048.578782506667,25.495,2194.6138
2190.112426133333,25.441,2237.5103
2224.977563777777,25.516,2219.296
2243.99563608,25.389,2212.0127
2149.6661237333333,25.544,2131.6885
2185.9019987999995,25.639,2162.4148
2159.8775038666668,25.776,2147.683
2103.8280709333326,25.81,2096.7932
2114.2149526399994,25.767,2103.0874
2131.10858688,25.796,2117.535
2095.7421826844443,25.654,2081.547
1986.0386139733328,25.755,1989.5138
1759.401194133333,25.486,1809.5244
1507.925983324444,25.453,1584.1848
1932.800987164444,25.616,1941.249
1826.92095912,25.466,1875.4219
1911.870647893333,25.707,1936.1392
1903.9565152,25.694,1927.1604
1865.3057512000005,25.474,1894.1731
1864.73570208,25.512,1923.1233
1798.898462666667,25.624,1903.5132
1827.3422632711115,25.298,1906.7307
1758.1771208177774,25.208,1827.5066
1737.8269333866665,25.358,1799.23
1740.63596464,25.339,1794.3641
1680.424624444444,25.293,1730.7177
1673.1834311822224,25.27,1716.5106
1685.4097392,25.191,1729.4281
1589.0745469866663,25.194,1630.8115
1459.5867131733337,25.012,1491.8452
1254.3490655733335,25.075,1305.1752
1407.5764387555555,25.0,1388.8075
1396.9183719111106,25.023,1396.888
1259.1721082933334,25.177,1291.8713
1413.148449813333,25.126,1395.909
1456.809952168889,25.129,1463.3201
1425.822625288889,25.193,1448.4393
1416.768586488889,25.197,1426.5386
1217.2050402844443,25.158,1266.2134
1107.2987371377774,25.206,1176.2775
1094.2371870933334,24.948,1150.8247
1470.257685555555,25.282,1409.3165
1541.220193422222,25.143,1547.7439
1478.7431959999997,25.011,1504.1012
1414.2011960888892,25.079,1436.7247
1463.7049200000004,25.026,1475.8397
1419.59736672,25.138,1439.913
1413.9509593066666,25.086,1424.116
1390.8025815999997,25.072,1402.5544
1392.951595262222,25.024,1399.5958
1384.2016942133328,24.865,1389.1748
1373.4697212444448,24.94,1385.1215
1343.9426798933332,24.823,1360.2542
1379.2535144711112,24.63,1384.205
827.959721528889,24.766,1069.989
1049.5103403377775,24.905,1116.6624
1040.7702695288883,24.858,1127.9263
1147.5883239466666,24.784,1178.3021
1108.37599264,24.8,1169.0498
1094.9110615733334,24.807,1160.3771
1125.9735253955555,24.773,1174.9333
1189.80180936,24.759,1217.342
1141.0527933333328,24.878,1202.0032
1172.368805617778,24.898,1212.1079
1217.3637168000007,24.878,1232.3772
1156.6289180711103,24.854,1201.5288
797.9244432622223,25.015,1037.5723
876.3463624444441,25.085,1036.2836
973.177871155556,25.18,1077.473
1375.90939072,25.142,1309.0903
1362.7395112444449,25.265,1367.8688
1311.7288506666664,25.188,1334.014
1305.890391431111,25.112,1321.5298
1274.925298453333,25.087,1297.0431
1349.513861866667,25.152,1351.2115
1368.696054462222,25.065,1376.4006
1315.4454487555554,25.204,1344.3252
1264.2172816,25.252,1307.9796
1382.32738464,25.142,1384.357
1340.4810101333333,25.22,1369.1503
1355.6841411911107,25.218,1376.0128
1354.5468748799997,25.17,1376.572
1381.25080568,25.232,1400.6091
1339.0561423466668,25.082,1365.707
1348.0651439288883,25.127,1368.3809
1315.7322595733333,25.157,1344.2686
1346.6304878222222,25.187,1363.6433
1366.9809803377775,25.174,1383.6833
1270.61838176,25.143,1314.1025
1315.249273635556,25.066,1338.0323
1336.7617466311108,25.127,1359.0005
1195.579571928889,25.218,1259.1873
957.3614982400004,25.111,1110.8281
964.3568237155558,25.052,1089.9491
1095.9995271822222,25.159,1150.9052
1232.250821128889,25.145,1238.4288
1276.5972706666662,25.085,1285.5497
1296.2269045333333,25.109,1308.121
1342.27778168,25.102,1347.5227
1211.5474495466667,25.04,1259.8971
1136.20613568,25.128,1203.0137
1217.3268761066668,25.055,1235.1378
1493.8002335288893,25.118,1478.841
1485.1198917333338,25.098,1518.4453
1500.455182577778,25.068,1536.1213
1531.7735435466664,25.082,1567.6925
1559.3792853333332,25.105,1599.4792
1539.809618026667,25.084,1584.9414
1552.2628832533333,25.005,1594.6051
1527.100140088888,25.037,1573.8649
1487.479153991111,25.064,1535.5591
1530.557454826666,25.055,1571.751
1565.4511737600003,25.081,1609.8422
1650.8560869511114,25.055,1699.8873
1746.8002354311104,25.086,1815.9304
1779.945778577778,25.04,1861.181
1882.7546833777767,25.047,1957.7284
1908.6094314222223,25.064,1980.2477
1965.492353893333,25.033,2023.2506
1936.8989256711109,25.052,1999.9783
1969.9889865333328,25.085,2025.832
2015.3493853866664,25.117,2066.437
2019.0985075733329,25.104,2074.5737
1981.2375932266664,25.17,2045.8169
1978.5518976,25.196,2040.482
1950.6141226311104,25.137,2012.7604
1932.5270131822224,25.165,1999.8447
1969.6733114666667,25.196,2032.176
2026.0296838044449,25.263,2080.5369
2048.1782997866662,25.094,2096.2563
2054.657000853334,25.2,2101.9077
2169.7706063999995,25.248,2198.79
1753.1066511200002,25.272,1863.8687
1722.7475990755556,25.244,1806.9221
1732.7135306222217,25.342,1822.9177
1909.6755676444443,25.334,1991.3824
1897.9669087466668,25.423,1987.4695
1852.676715413333,25.397,1934.7056
1952.023021226667,25.333,2010.9275
2052.8565112355554,25.451,2094.301
2230.405618062222,25.368,2235.3208
2359.487149262222,25.378,2324.7073
2354.76727632,25.324,2332.3374
2297.9372312711107,25.289,2311.405
2359.9765536177774,25.436,2382.174
2052.657492542222,25.554,2109.1433
1956.6272170933328,25.512,2012.8285
2278.8883873600003,25.539,2340.7068
2379.405439591111,25.628,2426.3105
2371.009732266667,25.477,2414.0876
2371.17075048,25.594,2429.5942
2382.317986462222,25.518,2488.818
2346.378658133333,25.597,2478.4155
2390.9151030844446,25.571,2451.4407
2376.564883333333,25.56,2451.48
2368.093404444444,25.494,2451.372
2312.66146592,25.366,2520.0847
4488.193557119998,25.563,4408.984
4464.549447466666,25.542,4213.42
4305.292658968889,25.412,3876.796
3520.1469163733336,25.46,3184.143
2793.2537623822222,25.518,2897.4941
2856.7058271555547,25.472,3045.6655
2995.381418746667,25.521,3137.9224
2994.557322782221,25.537,3054.0186
2960.6060784,25.499,3000.2117
2837.0828771999995,25.356,2916.6096
2672.9769589333328,25.408,2781.0469
2813.4052781244445,25.441,2877.5125
2944.529752577778,25.428,2961.303
2966.558087271111,25.503,2948.9536
3058.4356382666665,25.388,3013.6587
3065.988025813333,25.578,3028.2056
3065.0023468799995,25.478,3037.2852
3040.785330560001,25.519,3035.1711
3082.830719102222,25.63,3114.08
2832.3973868088888,25.827,2888.5
2646.362849884445,25.805,2734.45
2571.232871039999,25.801,2605.193
3153.506437111112,25.874,3383.9792
3090.146773333334,25.948,3070.4846
3155.6960642666672,25.891,3120.7363
3110.1945766666668,25.966,3113.9893
3126.6303827911106,26.014,3153.431
3128.9783173333326,25.963,3158.1953
3140.364441422222,25.989,3167.3132
3160.861714488889,26.133,3200.4712
3139.13417792,26.202,3184.0833
3167.2604694577785,26.291,3226.7021
3118.01390728,26.126,3161.4727
3195.37780176,25.99,3232.8809
3199.49155808,25.944,3218.293
3196.198700159999,25.887,3205.9243
3175.69437056,25.889,3191.8643
3118.444426844444,25.808,3138.9006
3133.189614506667,25.929,3169.4248
3274.586214666668,25.905,3325.0593
2866.424968675555,26.006,2949.5117
2915.1971000888884,26.183,3003.3572
3026.722549262223,26.155,3104.9539
3254.249665208889,26.165,3324.9766
3761.7335799555553,26.271,3841.0425
4473.418394328888,26.255,4260.1787
4543.076302888888,26.261,4287.293
4435.048719066666,26.32,4273.6304
4431.639656577779,26.362,4359.089
4450.731250737778,26.367,4393.4937
4290.138488142223,26.402,4296.333
4400.416933760001,26.376,4384.3584
4424.5488338488885,26.294,4390.4937
4514.253316088889,26.416,4431.9287
4430.215382657778,26.376,4405.8613
4432.822505066666,26.486,4416.0845
4437.110669546666,26.63,4422.1626
4398.018844266666,26.569,4405.2827
4294.212790755555,26.546,4341.8794
4254.601340293334,26.658,4315.746
4055.6980049777785,26.996,4148.27
4014.847809199999,26.836,4116.675
4031.683102444445,26.623,4103.1426
4024.933429333333,26.431,4057.079
4110.5938228,26.821,4149.834
3967.425980373334,26.578,3981.2417
4040.501283022223,26.438,4072.7188
4059.8844389333335,26.254,4067.3623
3882.2854554577775,26.485,3895.856
4027.720019413333,26.142,4071.7678
4069.580732888889,25.976,4070.082
4104.51083256,26.165,4103.34
4120.242114862222,26.16,4121.994
3679.784314017778,26.277,3675.7854
3554.716118613333,26.261,3669.3687
3740.2948128000007,26.284,3901.0195
3865.2469957688886,26.181,3941.6772
3923.204329004445,26.205,3941.8389
3794.527165111113,26.205,3790.645
3874.52518896,26.201,3911.5886
3895.714833706665,26.14,3916.6182
3885.992401466667,25.959,3886.9478
3712.3143306666657,26.113,3720.3218
3676.1079568,26.007,3731.1353
4016.87444208,25.96,4070.9038
4465.013136231111,26.018,4316.829
4461.44333848889,26.125,4314.6543
4442.6510868977775,25.981,4336.465
4411.975251235555,25.884,4341.859
4409.767128044444,26.023,4359.131
4385.492934008889,25.927,4349.425
4380.121634746667,25.913,4348.1143
4421.290289777778,25.907,4369.012
4385.81967712,25.962,4353.7656
4417.102103333334,26.022,4373.127
4344.184527013334,26.138,4339.925
4237.182661546668,26.118,4266.452
4253.326689333334,26.043,4276.379
4263.523642000001,26.163,4277.6816
4239.746869519999,26.252,4258.6533
4268.733609813332,26.27,4278.8047
4242.935862488887,26.316,4255.99
4101.513547902223,26.535,4145.561
4045.860454595556,26.603,4115.115
4043.125650853333,26.533,4105.102
3989.9959412622215,26.485,4034.2742
4054.36760624,26.628,4102.242
4104.294067733335,26.489,4124.0503
3749.6240074933335,26.724,3748.1316
3912.953138844444,26.417,3998.0474
3818.963011982221,25.799,3813.4634
4055.089670088889,25.803,4061.4604
3876.354249386667,25.556,3824.8013
3857.6663413333326,25.45,3856.604
3741.6912728,25.606,3773.582
3334.793936933332,25.694,3375.9187
2991.081924222222,25.64,3139.5906
2868.2032290488887,25.709,3075.6514
2879.2684695111107,25.867,3050.2356
3401.99541384,25.981,3645.6113
3487.711954488889,26.002,3529.9053
3540.1648004711105,25.811,3498.7456
3414.7878130311105,26.086,3391.9727
3458.8115985066675,25.875,3481.1472
3468.7575377066664,26.086,3505.0857
3419.038226222223,26.066,3447.611
3372.0572036622216,25.91,3405.8574
3319.880739733333,25.839,3363.9922
3333.493446951112,25.888,3390.8457
3333.887883875556,25.697,3371.714
3219.77928704,25.729,3252.6484
3564.623142080001,25.606,3656.0464
3516.302735928889,25.624,3502.1748
3565.1752704,25.587,3550.7275
3345.21090672,25.646,3344.3389
3271.232603022222,25.607,3326.1714
3073.541152782223,25.59,3157.1628
2904.8232147466656,25.516,3025.4817
2967.5870206577783,25.464,3054.669
2996.6799245155566,25.402,3033.66
2971.265849991112,25.423,2979.4727
2929.460404542222,25.41,2939.5142
2927.1421342222216,25.444,2938.043
2951.7615872,25.518,2958.3853
2884.3345480888884,25.522,2893.8865
2680.2809402044454,25.57,2685.019
2591.517728479999,25.62,2533.332
1072.003387342222,25.62,1666.4402
2059.475977333333,25.657,2222.2761
2496.8974205866666,25.695,2453.7588
2418.4655221155563,25.665,2343.2837
2342.238787982222,25.684,2360.8748
2396.018831644444,25.718,2337.9036
2464.3813178844443,25.691,2406.056
2422.7219799377776,25.707,2372.747
2396.300963724444,25.754,2365.2537
2361.836322773333,25.695,2353.4397
2150.9663097955554,25.729,2236.9524
1693.6632631999996,25.771,1873.01
1719.1498313777772,25.818,1847.594
1205.8883310577776,25.68,1431.6721
1228.2221589155552,25.744,1349.6082
1346.8440911822224,25.792,1409.1853
1329.4035732799998,25.739,1388.5881
1273.221963093333,25.72,1331.1652
1364.3230706844445,25.733,1381.0118
1423.004073537778,25.667,1426.6674
1416.2883067199998,25.756,1426.1495
1401.5434625688888,25.792,1413.8492
1077.0504796533337,25.779,1188.348
1006.649937333334,25.768,1142.0848
1100.8895860088885,25.748,1158.8602
1186.2863981599994,25.774,1204.0417
1512.97834824,25.775,1458.1351
1575.682830364444,25.77,1567.8845
1853.121854577778,25.817,1867.6599
2153.8189110666663,25.749,2143.3755
2358.9427947733325,25.756,2278.7112
2415.6591784,25.7,2316.7031
2340.95348352,25.638,2294.1172
2375.4712080000004,25.736,2363.93
2350.589592,25.654,2399.7751
2363.90367744,25.738,2446.824
2348.8304716,25.627,2469.9683
2135.3266028977782,25.662,2230.3547
1941.4056773333327,25.697,2016.0145
1938.1601226400005,25.743,2012.8625
2019.8131946666665,25.628,2087.6343
2017.186510755556,25.682,2083.027
1634.4476999999997,25.681,1759.8812
1640.2486874133335,25.655,1726.3447
1698.175429528889,25.581,1785.6157
1784.8585463999998,25.545,1888.1921
1736.5964067199995,25.551,1848.4863
1802.563400177777,25.581,1902.081
1917.9341232088889,25.581,2004.3538
1842.8326068799995,25.56,1931.2124
1890.3087314222216,25.533,1958.1816
1978.641292,25.573,2023.0778
1958.1389640800005,25.477,1992.1588
1982.0070907199995,25.512,2002.8044
1627.9557661866663,25.492,1694.3555
1599.6758133955552,25.588,1635.7646
1818.3772707022213,25.524,1853.1135
1908.7532740800004,25.539,1959.4155
1723.3496552799998,25.477,1783.1245
1680.395366613333,25.546,1725.5496
1507.190114986667,25.463,1559.5466
1524.611927253333,25.554,1557.8044
1486.1338491999995,25.512,1514.8096
1510.49965008,25.539,1529.282
1475.4286724266667,25.511,1500.5436
1508.89344336,25.491,1537.1772
1487.3444091377776,25.497,1519.7937
1492.9124878666662,25.47,1519.0771
1500.0548314399998,25.558,1526.375
1430.429530817778,25.551,1462.0841
1501.4509735466668,25.585,1515.1626
1383.5589092355551,25.639,1414.9089
1324.6218007999998,25.624,1349.698
1286.8395516622224,25.685,1307.4529
1289.6289061333337,25.676,1298.8976
1314.4587043555557,25.657,1316.0415
1138.252916942222,25.701,1205.4016
1053.3186605511112,25.643,1149.7426
1107.585970648889,25.726,1165.9551
1158.2525530311104,25.729,1190.7834
1135.264054711111,25.733,1183.1255
1196.4177704799995,25.583,1217.2775
1250.4354644444445,25.551,1259.4829
1241.1377772888882,25.579,1265.9783
886.9347314666663,25.559,1082.6522
905.2743006222222,25.628,1060.7252
1288.1549139288888,25.724,1247.5344
1259.456515697778,25.702,1277.1313
1277.6770926044449,25.621,1292.4308
1373.3527644444448,25.784,1373.1029
1369.9110125066666,25.755,1382.7284
1431.9025623555556,25.679,1450.4512
1412.9791605511111,25.673,1446.1132
1393.9867595911114,25.707,1417.3405
1316.432125617778,25.697,1350.4546
1423.8831860088883,25.662,1431.3167
1422.71835264,25.749,1461.2976
1463.38385472,25.609,1496.8319
1588.5414608266672,25.625,1621.862
1678.451193866667,25.587,1734.825
1784.080830257778,25.519,1853.6133
1819.223712355556,25.528,1892.582
1897.0938525511112,25.516,1961.6877
1940.6382059733328,25.515,2001.1975
1932.9900836266663,25.559,1993.8057
1999.0097833333327,25.604,2047.9155
2046.1728924,25.691,2092.4397
2075.6233214577774,25.604,2121.8462
2069.204796551111,25.701,2116.3115
2110.8754121422226,25.645,2145.553
2058.364470862222,25.62,2103.945
2123.1890977422217,25.604,2160.0723
2277.026713173333,25.666,2300.2861
2344.083491555556,25.624,2355.7817
2214.019648995556,25.591,2256.0122
2165.6846523555555,25.593,2211.2188
2237.310796906667,25.684,2301.39
2226.23078896,25.65,2300.9712
2229.6344891822214,25.755,2303.9065
1900.423779395556,25.63,1991.2699
1897.6196073688889,25.602,1976.134
2004.3046112,25.714,2072.9023
2069.691805644444,25.723,2130.9412
2133.031084657777,25.649,2177.3318
2353.208427555556,25.749,2349.008
2344.397996355555,25.673,2348.1755
2386.395685760001,25.745,2387.316
2344.577392995556,25.692,2390.6265
2427.06028656,25.673,2453.243
2340.1287517688893,25.785,2456.7446
2244.9538329599995,25.692,2365.9634
2357.7318459111107,25.726,2443.165
2394.95903,25.825,2461.1467
2399.2916192,25.75,2460.761
1957.27179648,25.818,2042.5076
4496.77367984,25.783,4408.6245
4579.16501896,25.79,4328.2344
4385.718139893333,25.812,4000.758
3649.208388853333,25.915,3250.746
3198.797367537777,25.997,3132.5664
2916.897485911111,25.945,3032.4182
2981.5334774488883,25.836,3124.3506
3085.4594012000007,25.814,3162.5132
3184.0228056,25.874,3212.3633
3114.2744511466663,26.028,3116.182
3081.883735822222,26.29,3127.5254
3215.732535182221,26.301,3275.7407
3248.0988484088884,26.29,3260.3237
3301.0693586488887,26.053,3284.774
3514.3400811200004,26.165,3551.813
3490.6295632,26.177,3462.3604
3363.1916057422222,26.126,3338.6912
2855.5644096,26.12,2970.6963
2685.6969250222232,26.15,2904.2163
3254.2998516,26.247,3515.3853
3195.317881777777,26.198,3213.2612
3457.0060377333334,26.184,3493.2017
3642.363981199999,26.188,3637.4785
3568.8031948800003,26.114,3494.8167
3476.7257413777784,26.196,3441.7114
3350.48380344,26.181,3364.5322
3223.0598344533328,26.003,3266.1772
2732.220026311111,25.768,2920.5466
2940.5692336533325,25.685,3064.8652
3258.667066719999,25.942,3395.8838
3191.26077568,26.082,3182.146
3384.3420180266658,26.143,3423.8386
3757.272847137777,26.098,3800.4595
3736.135410257777,26.217,3649.1992
3639.877003839999,26.341,3566.777
3512.557224684445,26.273,3498.2852
3468.029312782221,26.247,3507.4316
3263.7769749866666,26.256,3323.8354
3226.1178774933323,26.319,3327.108
3293.5349932088884,26.432,3403.8794
3410.6653466666658,26.373,3486.0674
3554.063541822222,26.194,3577.3252
3650.345755306666,26.162,3628.1177
3346.349880106666,26.214,3304.7332
3389.8425124,26.211,3438.271
3372.2789965599995,26.16,3424.433
3339.0676576444444,26.242,3380.2766
2977.7742059644443,26.18,3066.5466
2834.8449023111107,26.342,2998.6047
3123.9937847999995,26.496,3281.3394
3339.767570266666,26.299,3429.953
3420.398286853334,26.397,3416.1802
3341.708684017777,26.286,3303.4236
3302.383746275556,26.465,3319.7732
3345.901736675555,26.545,3403.145
3251.75422816,26.459,3287.5474
2710.205571795555,26.599,2908.5159
3389.131456044444,26.489,3660.9775
3553.743484951111,26.607,3641.151
3620.0832042666666,26.491,3559.977
3519.533407857778,26.402,3448.979
3473.035521448889,26.376,3456.651
3376.451592257777,26.372,3394.7644
3226.9398262222226,26.375,3278.0984
3170.47256384,26.225,3240.7944
3039.809416657777,25.971,3112.6165
3094.3041194666657,25.875,3145.2388
2874.232374213334,25.815,2965.3425
2889.01176976,25.937,2955.1587
2889.01176976,25.937,2936.5017
2938.124731733333,25.905,2946.9417
2944.7932977955547,25.884,2938.6912
2906.832510213334,25.854,2902.7559
2918.718703804443,25.907,2920.2578
2977.884074791112,25.967,2975.129
2977.884074791112,25.967,2967.1052
2881.6249860088883,25.896,2883.5085
2813.6764038755555,25.893,2837.7656
2816.4542268533337,25.917,2846.1458
2650.0043448,25.822,2645.5403
2653.508116213333,25.701,2639.4517
2744.6692416,25.822,2769.6492
2704.261156266667,25.9,2706.8184
2765.372506053333,25.786,2769.453
2933.3846323911107,25.71,2927.9338
2568.3014601688883,25.889,2482.333
2392.5118975999994,25.926,2300.0222
2986.120325422223,25.838,3147.4211
2888.518522737778,25.866,2874.4663
2969.6015514666674,25.934,2931.755
2999.833026977778,26.116,3009.101
3148.4284287999994,25.95,3181.901
3153.756013653334,25.908,3150.6655
3239.4400604800003,25.894,3241.6147
3161.484832,25.881,3156.3352
3149.7271430044448,25.888,3171.1768
3159.7411276799994,25.916,3198.9844
3188.0635931733327,25.944,3224.0642
3164.10072384,26.019,3195.1711
3054.8416724799995,26.018,3096.3066
3147.1541888888883,26.082,3204.3855
3123.073535999999,26.103,3159.257
3140.720086044444,26.179,3169.2102
3101.2627358311115,26.144,3127.1387
3103.407626195556,26.132,3130.1562
3059.355834666668,26.183,3090.4622
3170.328629191111,26.263,3218.9329
3233.39435808,26.289,3268.8767
3104.1023453955563,26.358,3116.8142
3066.128506719999,26.42,3115.7795
3039.08266592,26.364,3101.279
3000.716817022222,26.587,3069.1174
2877.818004906668,26.628,2967.685
2620.2408117688888,26.463,2749.7488
2869.174110222222,26.448,2945.3118
2901.964241635556,26.455,2933.8499
2799.1093319644447,26.469,2812.4883
2886.45395808,26.438,2902.0142
2868.9337560799995,26.375,2882.7007
2797.8538442666663,26.429,2815.6565
2917.2282591644444,26.569,2947.1038
2890.6414470222226,26.534,2910.8623
2295.0414815111103,26.527,1939.9587
1041.96491384,26.447,1597.7695
1377.4060930844437,26.502,1670.4414
2020.149622462222,26.551,2213.1614
2205.6022189600003,26.538,2297.6287
2438.412981777778,26.571,2392.6753
2335.938305137778,26.584,2322.4133
2401.780549333333,26.628,2351.361
2340.039431893334,26.668,2343.5442
2374.9799614933327,26.669,2342.4985
2339.6466880711114,26.754,2340.354
2320.4542122666667,26.738,2328.5293
2379.4094522666664,26.758,2410.6619
2336.679328471111,26.803,2390.0874
2373.3565699022224,26.796,2416.6948
2325.57483808,26.881,2384.5732
2374.137197155556,26.89,2416.9636
2381.744820124444,26.884,2428.356
2372.9955199288884,26.934,2424.248
2347.7550407822223,26.929,2414.9404
2363.814266737778,26.908,2430.4565
2379.4503592,26.945,2442.7852
2095.4346529066665,26.918,2206.3538
1887.721346346667,26.955,2038.3899
1876.7963376,26.918,2048.5212
1894.80687784,26.953,2031.7814
2045.634489386667,27.016,2112.5476
1998.684292,26.976,2046.7769
1876.5460856800005,26.988,1927.9756
1821.54433136,27.011,1877.4441
1752.737051795556,27.034,1816.626
1866.904731377777,27.001,1911.2644
1821.2803611199995,26.974,1875.6359
1824.5651051911111,27.079,1872.9102
1828.222492444444,27.081,1872.4597
1718.75275,26.931,1768.1423
1662.5855567999993,27.116,1709.2214
1639.89428176,27.019,1677.4897
1705.8345151199997,27.033,1738.0676
1333.3521321955552,27.035,1420.8812
1264.7934719999998,27.038,1319.506
1351.0882722666663,26.996,1360.5215
1693.069170631111,27.016,1680.5039
1705.2988089599996,27.064,1735.8562
1680.6629699199998,26.918,1707.7651
1723.4885280888889,26.981,1762.8201
1719.7305514666662,27.006,1770.4773
1701.59132032,27.023,1751.721
1572.2914394844445,27.016,1616.8789
1593.3873674133335,27.032,1619.1853
1646.2428910933334,27.081,1681.3594
1612.9223692088888,27.096,1658.1724
1622.7977826666668,27.11,1666.8889
1660.32275712,27.152,1707.997
1612.2313820533334,27.297,1660.2012
1608.2548753066671,27.193,1649.013
1467.2460456266667,27.132,1511.343
1064.8638384355552,27.08,1194.8906
1211.6640383822228,27.102,1238.9274
1326.165082106667,27.04,1325.324
1339.1933732888888,27.013,1353.5011
1235.2942701866666,26.786,1280.6542
1182.4404046755556,26.873,1246.6556
1267.100338915555,27.004,1293.2512
1185.1437253333334,27.013,1242.9397
1239.7230692799994,26.983,1260.2098
1263.5009677777778,26.946,1279.8357
1307.3720352,26.85,1313.7593
1050.1227065333337,26.852,1162.9938
926.394717982222,26.859,1084.7029
961.7135977066664,26.859,1087.038
1174.6873961599997,26.859,1191.6354
1440.1584559999997,26.948,1399.6283
1438.8365053066666,27.057,1447.4725
1466.667504213333,26.882,1483.0159
1460.8894679999996,26.881,1484.7063
1466.1224184533337,26.958,1490.0706
1486.039468648889,26.93,1509.4065
1471.9836449066663,26.979,1503.2446
1459.0681907199994,26.994,1499.333
1440.184056311111,26.959,1491.9082
1429.080921333333,26.908,1473.9456
1435.5483389333328,26.83,1474.2825
1426.7641915733334,26.94,1468.9817
1390.3840639644443,26.947,1425.9479
1430.7170239999998,26.803,1455.7151
1375.8131773333332,26.788,1411.7023
1369.478937244444,26.769,1401.4403
1403.08486912,26.711,1425.5024
1452.3384028266662,26.672,1478.8938
1026.3125866933333,26.667,1181.4587
1096.5190114666664,26.658,1184.4904
1134.3335553066663,26.698,1207.2427
1207.6350559466664,26.54,1247.5725
1271.2097355555552,26.556,1291.8557
1239.6718290666663,26.577,1274.105
1235.50107552,26.463,1266.6859
1247.2012712355552,26.458,1273.4866
1009.0966796444447,26.487,1142.4897
940.1673325333328,26.562,1091.0729
954.3533982222218,26.563,1087.3965
1412.0062858488889,26.458,1343.0023
1410.5778525333333,26.397,1413.2808
1399.6325195733332,26.309,1416.402
1414.8482429333335,26.282,1435.8398
1409.159664,26.255,1433.2255
1388.6491162666666,26.296,1411.8824
1409.3970150399998,26.226,1429.8792
1422.440860871111,26.358,1454.9921
1393.707422177778,26.404,1421.7087
1363.912100977778,26.554,1393.08
1373.1186820000005,26.552,1393.476
1385.43826784,26.637,1407.3081
1404.631011466667,26.657,1434.613
1401.0088300266666,26.525,1430.5958
1437.2202831999998,26.596,1478.0166
1408.4023139911112,26.354,1438.333
1395.0700026666668,26.379,1424.8186
1414.5393204799998,26.214,1438.2863
1372.040831466667,26.277,1407.3402
1388.6073406577775,26.462,1419.828
1403.26240032,26.508,1437.9531
1429.1599056000002,26.517,1464.1532
1422.5294716000003,26.605,1460.0193
1447.9037838399995,26.648,1481.2404
1472.309298097778,26.548,1509.1831
1457.1050771200005,26.348,1497.5149
1498.4548603200003,26.392,1537.1
1490.488820186667,26.412,1536.243
1599.5264256533333,26.41,1638.8967
1656.8140042133332,26.474,1710.7568
1897.2312278844447,26.481,1960.8754
1950.6838623733329,26.55,2015.4485
1991.97596016,26.606,2042.8805
2071.291862933333,26.653,2106.1174
2101.6723908266667,26.671,2131.517
2121.6056070044447,26.642,2148.9033
2162.551432782222,26.683,2191.2014
2097.098852453333,26.69,2134.5388
2115.4499484444445,26.722,2155.0547
2132.50594816,26.749,2178.4893
1984.1453880000004,26.779,2044.8372
2118.5254173955555,26.818,2166.7576
2203.385618613333,26.793,2259.586
2183.22596224,26.784,2236.618
2196.7402541066667,26.792,2248.9058
2203.662387262222,26.757,2262.1287
1745.8221463466662,26.804,1865.012
1887.2639991466665,26.804,1960.2003
1863.2652299911108,26.798,1960.8452
1950.36790784,26.801,2033.2506
1986.4944869866672,26.801,2064.0105
1903.5721227733327,26.838,1987.0349
2034.45942784,26.862,2088.0283
2263.257123848889,26.818,2286.5742
2256.9479437688888,26.841,2281.656
2338.8429792,26.862,2349.6758
2313.502094666667,26.865,2352.558
2305.3350469688894,26.935,2370.7334
2231.05894592,26.784,2311.213
2257.814288106667,26.725,2353.21
2291.961760008888,26.756,2411.2087
2191.682791253333,26.721,2285.4917
2383.2568419200006,26.762,2446.1074
2384.184021493333,26.688,2450.5698
2351.86957728,26.751,2442.267
1893.1109774577765,26.751,1973.3447
4395.356111484445,26.779,4363.38
4497.4763848,26.805,4257.8716
4399.977602844444,26.748,4052.985
3826.252349200001,26.721,3370.4294
3128.864784,26.678,3006.4507
2766.482173866666,26.666,2923.906
2918.6032829066658,26.748,3096.1763
3128.691123413333,26.796,3222.2646
3094.036905084444,26.79,3082.2334
3183.51298504,26.782,3170.308
3403.70830696,26.739,3432.7307
3454.999151502222,26.672,3397.7737
3252.0689844800004,26.742,3171.4111
3097.246260693334,26.767,3101.599
3084.82778208,26.723,3123.0303
3227.066492159999,26.678,3284.9468
2697.404301866666,26.733,2880.8662
2919.098054186667,26.727,2997.7144
3077.0533571022224,26.822,3162.5896
3150.4236903822216,26.79,3156.441
3188.6569335111108,26.822,3183.5327
3186.921096177777,26.773,3184.6338
3229.2423823644444,26.865,3256.8481
3286.4470594666664,26.857,3327.3418
2946.4369088000003,27.028,3014.3928
2892.68945328,27.012,3004.8147
3108.1025171466663,26.945,3224.018
3325.827604088889,27.039,3418.3992
3333.6751957688884,27.205,3334.3303
3228.166900311111,27.006,3208.2983
3294.390096,26.98,3321.3118
3315.355388399999,26.972,3337.141
3223.597199946666,26.984,3232.816
3290.204883546666,27.186,3344.703
3403.245488035556,27.057,3454.7441
3374.89213216,26.999,3365.1184
3042.0238360000003,27.131,3081.6592
3112.4555900888886,26.791,3185.8474
3215.427022222222,26.975,3288.5066
3187.268077333333,27.0,3207.5513
3446.212318933334,26.978,3518.0583
3497.9926016000004,27.221,3509.8257
3489.142190364444,27.083,3454.6611
3573.046290702223,27.128,3567.771
3057.002958222222,26.902,3080.4778
2899.1865711999994,26.788,3031.9346
3118.919881155555,26.926,3259.438
3258.4394201600003,27.162,3354.8745
3239.9154519111107,26.984,3234.8525
3216.6896526222213,26.943,3210.731
3156.297315840001,27.124,3185.457
3390.1128579733336,27.202,3487.949
3748.823026915556,27.091,3809.83
3812.4541448177774,26.985,3724.4001
3572.4499740444444,27.341,3467.6519
3255.42910304,27.136,3253.2979
2684.3312703999995,26.959,2921.361
2812.2524886044444,27.11,3039.1555
3614.636892657777,27.103,3911.129
3911.182376328889,27.296,3916.183
4012.299777688889,27.352,3872.8015
3878.6443634399993,27.338,3717.7932
3663.70588288,27.174,3553.2844
3216.903705457778,27.286,3242.272
3145.8627606133323,26.914,3261.446
3227.8012519466665,27.065,3352.23
3101.864490444444,27.131,3177.0415
3044.042511066667,26.814,3102.0518
2918.6607692,27.005,3016.4233
3098.365713333333,26.921,3169.5732
3038.146853155555,27.043,3070.6982
2814.251941022222,27.057,2902.9062
3013.7597394488885,27.117,3078.6338
3064.9953089777778,27.136,3094.862
3027.4033952711115,27.124,3020.2888
3046.217347448889,26.457,3013.9045
2886.942825626667,25.99,2886.7114
3085.6670542488887,25.468,3034.301
2778.433215368889,25.382,2777.9775
2784.721541413334,25.033,2765.8862
2442.0318259200003,25.154,1874.48
1231.4591118577782,25.289,1765.6621
1507.0035360533332,25.183,1823.9534
1845.0296247644444,25.168,2101.8423
2140.631012977777,25.141,2265.048
2357.753212302222,25.012,2331.0405
2333.93125472,24.868,2311.7021
2445.605231111111,24.973,2338.563
2375.4903281777783,24.71,2326.6367
2447.886523333333,24.879,2387.2454
2520.177087075555,25.16,2525.7798
2492.9841746133334,25.213,2501.6128
3093.358344880001,25.438,3362.668
4629.484327911111,25.465,4412.068
4507.048718986666,25.687,4122.199
4198.919524799999,25.911,3769.7515
3536.7790187200003,26.093,3302.0503
3020.2012202133337,26.239,3084.0835
3002.2640702488884,25.757,3165.3188
3087.6821568,25.944,3218.6912
3086.417206826666,26.35,3163.8582
3189.262162826667,26.333,3256.041
3151.569034444444,26.353,3178.4436
3119.3790181066656,26.41,3149.6882
3201.523361093333,26.563,3259.589
3147.409334968889,26.504,3171.4321
3122.7663555555546,26.036,3118.9265
3087.3950257599995,26.415,3109.3914
3079.128227093333,26.269,3107.5754
3112.916669333333,25.943,3126.0623
2925.5531216888885,25.923,2957.8171
2953.1474891822218,26.103,2999.412
2976.0599737333337,26.36,3039.999
2947.6766788266664,26.267,2991.9612
2991.0539892,25.956,3014.453
3053.0433953066668,25.742,3048.7756
3030.9484113066665,25.817,3020.0032
2778.045294675555,25.582,2811.29
2642.404912533333,25.666,2650.7559
2693.825493653333,26.007,2750.0017
2655.6951967288887,25.95,2670.4597
2701.275376319999,25.909,2706.2925
2676.581600346666,25.867,2658.6248
2633.694229973333,26.012,2594.8083
2546.135843297777,26.033,2468.6318
2553.224016915556,26.201,2495.412
2693.8137129688894,26.229,2719.1145
2759.048374506667,26.131,2767.4707
2216.6129494488887,26.152,2029.6481
1262.7769895822223,26.18,1715.3289
1973.320559902222,26.315,2154.4385
2077.307224568889,26.35,2228.1128
2242.8755336800004,26.362,2305.2046
2370.666128,26.487,2357.8213
2315.4831011200004,26.617,2328.27
2356.4328382666663,26.634,2351.67
2319.89540935111,26.443,2349.78
2365.676597671112,26.42,2388.8672
2393.34220704,26.415,2412.75
2385.967649955556,26.459,2418.6514
2399.7908479733333,26.319,2437.668
2362.610018088889,26.317,2419.095
2352.528440906666,26.342,2413.665
2361.8988744000003,26.312,2420.7886
2377.440216017777,26.293,2429.62
2377.8400373333325,26.335,2432.6497
2340.15999032,26.335,2417.5427
2333.302948444444,26.422,2419.0352
2347.870287013333,26.442,2427.572
2199.5506512533334,26.33,2322.1907
1709.4117955822226,26.342,1859.0862
1398.1220464888888,26.261,1604.6365
1747.8335657600005,26.181,1872.3246
1745.3194917777776,26.254,1857.7573
1692.4201768355556,26.122,1778.5557
1793.7459008,26.112,1847.319
1733.999951786667,26.228,1789.9517
1671.3378938666667,26.199,1721.8683
1636.56836992,26.184,1680.3772
1667.4392011200005,26.259,1705.3315
1683.4522102755554,26.146,1717.6381
1358.9390009599997,26.082,1438.4495
1234.8146844266666,26.078,1298.7577
1502.6835962133337,26.054,1481.8079
1664.9011710222223,26.064,1671.5841
1638.0132964266666,26.094,1662.7086
1697.2362422044444,26.067,1715.6274
1653.6077716444445,26.093,1676.3383
1634.0770480177778,26.043,1651.1736
1566.1980111644443,26.046,1585.8608
1571.7544535999996,26.162,1585.1494
1561.4240521066663,26.09,1576.6538
1549.5462658044448,26.123,1577.8123
1543.3763952,26.181,1590.7828
1497.8707377244446,26.2,1549.6016
1562.690085013333,26.251,1597.1202
1539.2627064177773,26.064,1579.1318
1535.2898176000003,25.993,1574.4156
1387.6674849422216,25.975,1427.9873
1213.7384402666669,25.915,1272.7906
1053.5520140533336,25.929,1160.6571
1170.6133450666664,25.889,1202.9634
1247.996994346667,25.875,1257.9347
1186.0756034399997,25.983,1234.4672
1216.55241808,25.958,1253.8613
1326.4719388355554,25.976,1332.309
1331.02917848,25.927,1344.0328
962.0899414933328,25.887,1122.7358
952.8385573066666,25.841,1085.6361
1012.9371932533334,25.816,1105.2294
1141.867654088889,25.824,1174.3147
1415.3459101866663,25.831,1373.1625
1446.8943432533338,25.877,1455.6846
1472.60721888,25.919,1499.1584
1435.440019982222,25.936,1470.2002
1453.588058986666,25.91,1482.1536
1418.5162604000004,25.884,1452.1483
1451.8408264000002,25.926,1480.7242
1391.40604096,25.964,1420.7313
1407.5345501955555,25.968,1426.4568
1422.0202181244445,25.945,1450.3904
1403.7182384000002,25.911,1430.4508
1382.90589112,25.916,1414.925
1365.6802504800005,25.965,1400.4484
1406.826089386667,26.006,1429.6511
1417.4541252088884,26.028,1444.2092
1411.580776888889,26.036,1442.3314
1424.9322980533332,26.07,1454.9105
1399.2639880444442,26.156,1430.8511
1433.1652742666668,26.149,1462.9392
1226.5228886311113,26.169,1305.3123
777.002095573333,26.16,1061.597
1183.531552,26.199,1196.9487
1191.3112717066665,26.188,1233.1229
1181.699624711111,26.184,1229.0155
1176.406889351111,26.169,1223.799
1237.1158572088889,26.195,1259.6212
1268.735815111111,26.264,1289.3915
1266.1716898133327,26.26,1292.13
1148.0446301333336,26.28,1218.7017
996.8612423822224,26.292,1129.3953
1154.8985675999995,26.257,1192.3541
1446.5556110222226,26.28,1411.0588
1439.1292734222222,26.24,1464.6067
1429.5108342222218,26.227,1466.6421
1403.1808461244443,26.28,1439.0504
1410.666407368889,26.215,1440.4167
1425.3820984888894,26.159,1457.8264
1397.9547181511111,26.12,1424.8263
1385.129907813333,26.065,1407.809
1274.4653475555554,26.091,1318.1309
1367.4757015466662,26.141,1375.7434
1345.1160486400004,26.195,1369.9869
1306.7902065599997,26.157,1344.8636
1368.9618400711106,26.157,1394.5369
1380.5606755555557,26.089,1403.8218
1298.9315922488886,26.052,1341.4382
1331.509245155555,25.994,1355.3702
1387.5513246222222,26.004,1404.366
1416.4356485333333,26.05,1437.6053
1356.0831112977785,26.108,1392.2795
1451.2968189155551,26.144,1479.2482
1469.046603946667,26.186,1517.2222
1473.2050399999996,26.222,1528.0161
1509.7652675733332,26.222,1555.5869
1341.707747697778,26.241,1391.3827
1465.5562609066665,26.2,1488.279
1464.763983386666,26.192,1503.8794
1463.4420652977774,26.174,1505.2766
1505.8774134755554,26.124,1543.5983
1639.2872382400003,26.134,1679.1831
1694.364945777778,26.066,1752.0941
1792.531937191111,26.042,1858.0658
1974.1125696,26.01,2031.5166
2036.2033091555552,26.018,2080.5051
2055.1493792,26.099,2092.2363
2045.9436307555552,26.075,2082.137
2041.770294471111,26.119,2078.5376
2158.430986728889,25.993,2182.7314
1706.2519276977778,26.133,1818.3914
1613.0434597866663,26.121,1697.224
1738.7740808533335,26.046,1811.7378
1871.55034304,26.141,1956.6438
1837.98718936,25.973,1929.7272
1974.6826117333333,25.889,2036.4497
2080.288123164444,25.927,2122.8757
2050.753596764445,25.939,2094.4888
2009.0019218666664,25.982,2057.5684
2012.586675733333,26.038,2065.6758
1965.3358874933328,26.026,2028.1
1704.8091018488888,26.013,1810.0776
1887.1434651733337,26.114,1961.0012
2178.6556144444444,26.149,2220.4268
2169.867348444445,26.162,2207.1406
2229.244834631111,26.014,2243.2703
2301.5570488888884,26.114,2307.1575
2453.190827448889,26.12,2413.9097
2405.1146146133333,26.16,2419.2378
2365.313437724444,26.169,2426.6577
2376.881194186667,26.225,2444.8105
2393.4545223644445,26.352,2449.7832
2383.819506133333,26.339,2451.424
2389.2862281244447,26.367,2455.6006
2392.6440294399995,26.534,2460.76
4607.67333328,26.558,4429.0713
4496.7436756,26.457,4272.135
4083.9442599111103,26.456,3600.5469
3357.497884622223,26.554,3083.34
2743.7028505244443,26.483,2881.6506
2854.7462115466665,26.407,3036.0461
2957.7243066311103,26.49,3084.7515
3087.974502222222,26.444,3109.711
2964.8364468444447,26.534,2989.7483
2894.745496533334,26.381,2949.8955
2959.783873493333,26.325,2989.6948
3038.896052053333,26.208,3043.6685
2627.6812100355546,26.354,2714.9565
2863.293626186666,26.374,2931.54
2858.383739199999,26.261,2904.3484
2942.19322144,26.365,2931.1433
2995.87568,26.352,2970.2966
2836.1697024,26.311,2846.9036
3041.8354288888886,26.381,3076.6934
3065.7108787200004,26.437,3091.8997
2876.299303857777,26.66,2902.0928
2873.5197470222224,26.358,2928.705
2730.6189221866657,26.46,2804.9536
3249.5838574222216,26.752,3497.9092
3199.949338453334,26.432,3193.9373
3371.0635808888883,26.37,3355.0256
3245.060214328888,26.596,3222.2405
3286.793318666668,26.61,3307.16
3169.8106610133327,26.735,3207.6716
3200.0705943822213,26.886,3266.5283
3120.448971377777,26.794,3176.9446
3307.1152287288887,26.888,3392.6177
3205.5251490933333,27.149,3248.681
3264.8732808,26.951,3305.6816
3232.246357919999,26.859,3255.5376
3223.3773085866665,26.835,3243.7168
3288.9959945866663,26.992,3332.1287
3288.9959945866663,26.992,3315.1907
3309.225875111111,27.212,3349.0278
3335.143113066666,27.284,3383.3203
3119.99809616,26.935,3142.337
3096.360225599999,27.007,3156.2175
3228.4628264,27.123,3316.5
3041.9904001422224,27.07,3089.0405
3180.683761155556,27.061,3235.9165
3159.1386464533343,27.302,3211.0547
3040.964305671111,27.178,3080.4766
3055.3810943822227,27.267,3115.2737
3088.1198609866665,26.893,3121.4478
3002.601784755556,26.855,3022.8499
3171.54452112,27.142,3226.4275
2963.276281093333,27.197,3005.918
2877.8389229866657,27.233,2953.1536
3029.307941973332,27.285,3112.1023
3355.51960064,27.408,3519.231
3199.5152440444435,27.332,3163.9536
3297.544371057778,27.371,3310.9136
3308.874345635555,27.269,3324.6267
3274.84619552,27.493,3293.0876
3386.1356490666667,27.722,3457.043
3351.222190471111,27.375,3353.7666
3490.3897097688887,27.422,3505.729
3359.420329999999,27.41,3332.9814
3453.869305031111,27.269,3456.7764
3193.158424213333,26.97,3177.7627
3171.736591573333,27.205,3213.8752
3263.327026666668,27.197,3332.6543
3343.6351898133325,27.356,3390.7266
3293.8276984444446,27.316,3290.7947
3230.445290737777,27.316,3235.1912
3002.262860391111,27.132,3056.2239
3091.736519466667,27.023,3145.633
2860.73050464,27.157,2968.0105
3046.6516922133337,26.736,3073.3918
2682.55613656,26.934,2817.6326
2748.4384085333327,27.453,2845.1301
2929.027106613333,27.661,3026.225
2917.210442,27.182,2920.1187
2942.735209777777,27.226,2925.2336
2802.807565599999,27.311,2831.2456
2742.3254652888886,27.197,2785.8945
2946.5888233866663,27.248,2992.9255
2774.075013048888,27.275,2803.0605
2548.5458974577773,27.415,2513.2136
3102.3467253155554,27.531,3423.4033
3159.6108240177778,27.587,3244.4028
3103.399930382223,27.245,3042.7393
3208.3462265244443,26.946,3185.8765
3010.6838617777776,26.678,2998.405
2795.3006659111115,26.93,2879.254
2998.3565056,26.926,3078.6704
2994.447299084444,26.822,3025.8777
3055.8444815555554,26.934,3052.9058
3137.3974393066665,27.053,3152.8508
3442.1492834844435,27.028,3525.2004
3534.88385744,27.135,3514.3647
3723.629942986666,27.069,3682.2827
3714.271258737777,27.026,3613.5718
3547.5052847466663,26.968,3444.0144
3402.0054432,26.976,3376.309
3435.1074035199995,27.061,3484.7576
3417.599231395556,26.978,3449.7285
3320.171070666667,26.887,3328.186
3297.960876533333,26.907,3327.81
3219.3626953955554,27.183,3273.161
3143.220423075555,26.995,3196.7644
3231.84266832,26.815,3272.761
3179.966739351111,26.742,3183.1216
3219.6585434666663,25.907,3168.1777
2876.201150506667,24.763,2918.272
2946.66993975111,24.092,2931.6548
2877.5235728,24.51,2874.6113
2546.886151911111,24.757,2323.8403
2805.0354948266668,25.072,2817.5044
2876.1431821333326,25.192,2858.7095
2921.2109898666663,25.039,2862.664
2554.104310133333,24.865,2388.182
1473.2327724088896,24.892,1933.385
1759.6591278933338,24.94,2045.9329
2082.65241,25.06,2248.4236
2251.436062293333,24.97,2327.8955
2430.55187672,24.928,2312.5874
2521.50610944,24.843,2420.4346
2446.564384,24.717,2361.4414
2466.51716168,24.611,2414.4224
2451.87925312,24.548,2424.1162
2501.50723024,24.495,2487.544
2491.795842755556,24.541,2490.493
2486.393996622223,24.911,2499.2195
2467.1453934311103,25.146,2486.7327
2435.99885672,25.588,2465.0728
2449.999728,25.709,2491.436
2431.901578453333,25.604,2474.228
2456.2399392,25.724,2502.8584
2394.0496070399995,25.769,2449.7085
2412.9914012444447,25.774,2466.4697
2360.3010866133336,25.737,2428.8896
2229.4152906666664,25.856,2400.5835
2174.164516408889,25.893,2297.5947
1807.62244784,25.906,1954.309
1896.979420266667,25.751,2022.1096
2032.3852588444445,25.864,2122.007
2009.791565413333,25.793,2076.5503
1999.6270297155552,25.879,2044.6346
1973.089814755556,25.868,2007.2511
1984.7888355466664,25.92,2012.2495
1918.373674204444,25.888,1961.7986
1918.8866818488884,25.982,1960.0276
2056.4846103822224,25.953,2074.4607
1946.5343308266663,25.949,1983.5977
1627.4191832,25.92,1706.6399
1755.3980996266664,26.021,1793.1057
2024.7827547733336,26.125,2050.081
2116.348012248888,26.168,2131.2283
2092.4296736,26.182,2100.9646
1920.23078144,26.194,1947.166
1893.0099828622217,26.112,1917.5542
1891.4275005333327,26.178,1928.2488
1908.6043253333328,26.15,1949.2971
1881.2244974133328,26.184,1932.1489
1900.1653402666664,26.22,1952.3169
1828.4507352,26.231,1895.931
1791.4306591999998,26.148,1868.2051
1791.961857795555,26.123,1863.511
1738.540224311111,26.369,1812.3113
1678.63663048,26.248,1744.4573
1694.5035612444449,26.294,1755.7212
1663.8767417066665,26.257,1725.3464
1626.596955004445,26.274,1682.3998
1284.0891967644443,26.251,1374.8092
1242.3985597155558,26.409,1294.7422
1300.104609333333,26.406,1316.5807
1309.4600960177784,26.424,1332.1348
1245.1820104533335,26.484,1292.6306
1269.1127597511106,26.457,1293.5507
1368.064672888889,26.312,1359.111
1116.728529351111,26.278,1199.7843
946.0562657777778,26.399,1096.9783
965.9729421866666,26.471,1090.7385
1293.35287632,26.526,1257.7152
1439.6522626844446,26.437,1412.4493
1430.9284486844444,26.457,1436.6447
1422.511187493333,26.5,1434.289
1392.6958168888889,26.495,1405.9136
1302.4669270933334,26.588,1331.1064
1392.1377871644445,26.557,1388.858
1390.3678188,26.51,1397.5808
1388.588234453333,26.519,1399.8427
1382.0973730933335,26.602,1397.0952
1396.1210954311114,26.526,1405.6228
1352.958619235556,26.613,1374.9907
1367.7252652799998,26.664,1385.0881
1371.9156036177778,26.688,1397.9559
1188.094474133334,26.553,1261.2218
954.1729559111108,26.628,1120.7402
861.3036534044445,26.677,1062.0289
1112.0367963733336,26.634,1160.3827
1179.026269866666,26.524,1217.1469
1156.6882313777774,26.243,1212.7097
1065.0218488888888,26.351,1173.2008
1136.1631164444443,26.373,1202.544
1180.076970213333,26.427,1229.6102
1121.35258016,26.213,1191.9645
1213.3323193066672,26.227,1236.701
891.3000415555555,26.169,1084.2722
731.5395621333328,26.284,1003.4971
853.5292773333332,26.304,1029.6917
1280.0630823555557,26.343,1239.4244
1244.297740657778,26.294,1267.8541
1314.1288288888888,26.308,1322.4182
1324.228345502222,26.318,1340.0276
1300.5010677333337,26.322,1324.6648
1234.83201136,26.364,1275.941
1242.0111141155553,26.381,1272.987
1302.41356992,26.392,1314.5698
1230.2948909866664,26.438,1274.4143
1254.1847636266666,26.468,1289.031
1305.6424788799998,26.42,1331.2129
1264.0017708799996,26.44,1308.9407
1200.2761699555558,26.452,1257.8525
1259.3450923377775,26.452,1286.8728
1257.969832213333,26.474,1293.5603
1250.3541047111114,26.608,1292.3094
1214.0412959644443,26.582,1264.5721
1256.4007619555557,26.571,1287.1982
1267.814088631111,26.576,1300.8848
1193.9986196800005,26.599,1255.4572
1246.9412112,26.588,1287.3998
1188.8761191111116,26.518,1255.75
1195.142770186667,26.551,1250.0225
1263.73853424,26.545,1285.1371
1204.7628989955551,26.48,1254.5948
1169.2150277777775,26.473,1226.8188
1218.9319300266668,26.073,1246.1451
1254.4405128888889,26.164,1279.4387
1286.196214737778,26.332,1310.8253
760.5740807466665,26.366,1047.9841
874.3871567200003,26.299,1047.1761
1075.0376174933333,26.261,1137.1075
1139.73232032,26.142,1188.7887
1131.7014776888886,26.326,1196.5487
1170.2478573955557,26.155,1215.7454
1222.2749976266666,26.284,1254.1333
826.0115652177781,26.287,1064.8068
875.4954516533331,26.312,1052.3201
1069.350624533333,26.314,1134.5126
1349.9304209066668,26.374,1319.8694
1337.680311644444,26.367,1354.3945
1326.5354837333336,26.46,1353.1654
1327.8478708444443,26.37,1352.1556
1329.9713983111103,26.383,1353.9036
1443.9912598222222,26.392,1467.7173
1451.2474860622224,26.435,1490.6056
1577.0273223733336,26.477,1608.0137
1648.50890464,26.5,1697.4761
1692.3466608,26.481,1750.4851
1805.9420217600004,26.363,1865.9492
1941.6289013333333,26.348,1997.1467
1961.030379777778,26.38,2017.1692
1996.520870666667,26.396,2053.2258
2007.197817813333,26.429,2059.6814
2022.138520355555,26.521,2070.6736
1924.9332342933333,26.56,1991.606
1894.852418097778,26.506,1964.2007
1871.5788346666664,26.445,1946.8987
1904.56630448,26.306,1978.2595
1926.7151067733328,26.388,2011.3807
1927.883134213333,26.521,2013.3505
1952.8281216088888,26.653,2029.2461
1962.61068576,26.774,2032.064
1976.10304648,26.492,2038.731
1975.8437363466664,26.407,2038.7238
2005.570635955556,26.478,2066.3167
2005.8917024,26.502,2069.0098
1728.297467057777,26.59,1836.7655
1659.5210592444448,26.485,1749.3008
1770.1721492088889,26.555,1851.8877
1791.2896088799998,26.844,1884.959
1863.39302544,26.634,1943.7091
2036.3402059022224,26.664,2088.2078
2202.276965031111,26.878,2224.3665
2321.391161528889,26.592,2308.9036
2246.518126666667,26.724,2257.3347
1982.34761736,26.862,2019.179
1958.2223254933333,26.664,1995.6016
2306.9486502400005,26.904,2350.727
2305.9887206666667,27.009,2366.4443
2340.581171039999,27.057,2392.106
2375.77120848,26.963,2441.143
2370.67906032,26.724,2483.3613
2345.327639893333,26.791,2497.103
3108.7935054666664,26.771,3531.7136
4455.95984384,26.628,4353.691
4281.929980399999,26.713,3942.7705
3656.214331733332,26.71,3146.4314
2963.6280935288887,26.909,2916.19
2664.1561176000005,27.093,2855.294
2812.7626014400007,27.211,3006.399
3088.99136032,27.126,3188.0151
3053.1390288,27.207,3040.8362
2975.668960275556,27.145,2981.2346
2858.279533066666,27.106,2932.7783
2974.6582388,26.993,3004.9888
2859.560069128888,27.149,2919.1882
2986.051326266666,27.257,3004.428
2886.135799253334,27.262,2929.479
2589.884998044444,27.15,2681.621
2676.26518935111,27.068,2751.56
2632.2639754666657,27.173,2685.189
2872.177538488889,27.223,2893.7717
2917.834613333333,27.061,2897.8267
2962.76277856,27.141,2933.909
3086.253341546665,27.223,3121.0022
3013.5317924622227,27.358,3036.3276
2822.1919162311115,27.519,2896.6768
2595.234798168889,27.444,2689.3215
2657.423637511112,27.134,2743.6318
3008.215502719999,27.088,3090.2007
2914.8894585244443,26.891,2887.8325
2928.566878577777,27.339,2923.333
3066.8287512088887,27.276,3115.8804
3020.6409633422227,27.374,3036.4214
3097.984844515555,27.124,3102.0217
3167.534495839999,27.192,3168.4468
3079.1173849511115,27.322,3075.7249
3265.79828752,27.254,3314.3596
3202.7408145422223,26.946,3169.5857
3227.786846604444,27.005,3202.3848
2994.7923915111105,26.919,3020.2192
2896.554811475555,26.822,2975.49
2964.4212991111112,26.639,3022.4512
2954.025889013333,26.54,2983.6194
3090.190604186667,26.632,3083.0771
3062.325917902221,26.792,3047.657
2954.531678266667,26.64,2962.2688
2613.2157941244445,26.906,2713.6045
2547.8887874844445,27.075,2623.2085
2926.39282936,26.833,3003.564
2938.890674177778,26.928,2927.5999
2926.814380373333,26.92,2893.4226
2919.719896631111,26.638,2901.7944
2887.4645910577774,26.636,2885.4678
2944.173496622223,26.681,2952.25
2758.138815306666,26.61,2783.1338
2681.809558826667,26.698,2713.5332
2675.6511288888887,26.692,2714.9644
3043.3284981866664,26.813,3153.8792
2936.749769706666,26.759,2923.04
3064.694206933333,26.572,3043.3972
3024.105437084444,26.725,3024.1582
2993.6238295911103,26.837,3015.5647
2962.3416758577773,26.664,2998.1763
3014.5209647288884,26.719,3048.9734
2814.32481312,26.756,2882.9558
3035.5159423111104,26.725,3087.1394
3030.755042497777,26.743,3049.1226
2991.195341111111,26.806,2998.051
2870.42691504,26.755,2916.6907
2670.599097004444,26.633,2751.5332
2648.1058695111105,26.633,2716.7334
2571.98326,26.755,2593.8647
2558.246460266667,26.854,2552.4263
2571.56197448,26.891,2560.3528
2541.4886654577767,26.834,2505.72
2317.1896713066667,26.92,2258.2441
1194.7653993599995,27.035,1682.8892
1281.0143694222222,27.109,1577.2971
1654.3056988888889,27.228,1915.3783
1892.544045555556,27.249,2089.6099
1908.2119331733336,27.305,2052.181
2005.488115271112,27.164,2068.5527
2201.49376552,27.182,2185.159
2270.97231936,27.334,2233.6143
1885.079580551111,27.469,1941.0503
1740.9927981599997,27.322,1811.4683
1898.37226816,27.319,1924.0432
2293.9897948800003,27.159,2260.989
2323.6063692,27.207,2284.0261
2298.61598128,27.236,2262.601
2260.1005641511106,27.15,2244.198
2337.4773828,27.084,2363.9966
2331.0961632000003,27.072,2407.8838
2255.726779235555,27.029,2338.9607
2346.0565355377776,27.009,2485.213
2373.1760158044435,26.978,2439.312
4604.388250355556,27.072,4399.6616
4489.467654968888,27.023,4208.58
4382.086345964443,26.923,4044.7158
4066.61440848,27.067,3697.1238
3410.868057813333,27.069,3142.9663
3057.6879776000005,27.12,3067.2942
3108.592621333333,26.978,3206.0562
3079.704533937778,27.012,3133.6377
3136.966993102222,27.127,3154.5522
3208.827925751112,27.168,3228.1511
3105.435286115556,27.252,3095.495
3147.681544817777,27.137,3141.913
3136.6970189866674,27.176,3126.913
3175.7550520888885,26.835,3132.4062
3458.1770973866664,26.812,3488.8916
2844.2683040533334,26.809,2933.9385
2631.7583306044444,26.792,2817.637
2718.483899626666,26.872,2877.943
2793.768451484444,26.771,2861.6484
2832.9199126222225,26.882,2844.7942
2912.7488172177777,26.917,2902.8828
2880.6964696533328,27.062,2883.9263
2860.8322794133333,26.938,2876.1787
2842.614216542222,27.085,2879.7773
2499.7456971111105,26.893,2251.1404
2433.130644906666,26.922,2171.9128
2474.321793511111,27.001,2381.5752
2845.708534355556,26.88,2880.2725
2713.490406693333,26.875,2686.296
2776.8845438488893,26.894,2756.5344
2715.5155816888887,26.948,2721.5708
2745.9857217333324,26.993,2764.257
2745.9857217333324,26.993,2770.3926
2752.3900672,27.045,2780.039
2882.794712373334,27.096,2924.3652
2810.517128693334,27.174,2842.085
2707.4520926933324,27.193,2747.7832
2573.125894400001,27.26,2602.02
2655.9961520533334,27.053,2716.0637
2620.841998133333,27.134,2663.5225
2492.074616577778,27.167,2476.5217
2545.772579715556,27.076,2550.3801
2560.0993417333325,27.046,2561.612
2420.789674044445,27.09,2386.6853
2281.455235128889,27.039,2271.0117
1016.5563424799996,27.088,1511.5759
1253.4472021866666,27.039,1491.1824
1659.772594382223,27.04,1889.0088
1861.21926384,27.082,2053.0305
1868.361497955556,27.096,2007.2076
1924.750512,27.04,1993.571
2121.6360921599994,26.981,2114.439
2143.444536657778,26.894,2118.6404
2275.206849528889,27.064,2226.5554
1854.178075555555,27.176,1900.1388
1767.6500917955557,27.205,1812.4226
1996.9527770844445,27.01,1990.2856
2220.7773952,27.051,2198.6365
2224.8553728,26.969,2200.1477
2152.0334753866664,26.991,2126.6973
2038.1500087466663,27.089,2023.4398
1877.499603822222,27.003,1892.757
1935.1082278666663,27.054,1944.7849
1879.7129099555552,27.138,1912.1421
1805.9532900888887,27.132,1843.3313
1765.6314842666666,27.194,1804.213
1795.139112,27.102,1839.4249
1784.156596,27.097,1853.4565
1743.184623786667,26.967,1849.7384
1737.7955003733337,26.999,1830.5626
1745.2040569066662,26.991,1820.484
1724.2841661955554,26.931,1789.5789
1700.1983652977774,26.875,1759.1062
1725.2128956444442,26.9,1777.8862
1679.0555801244443,26.884,1724.7454
1187.9094322666665,26.852,1308.37
1293.5160382755555,26.853,1316.8656
1374.68283248,26.869,1388.7474
1266.4054636799997,26.888,1314.699
1314.1558882488891,26.896,1329.1503
1339.9364250844449,26.913,1344.9814
1182.396795066667,26.888,1237.3324
929.59962192,26.901,1095.7659
970.6887512177778,26.924,1092.0388
986.1860535466666,26.95,1100.9111
1375.971199431111,26.931,1314.0134
1313.1351641955555,26.969,1322.8152
1314.1949972799998,27.036,1326.3591
1468.4705253333332,27.036,1454.2943
211.46049343999965,27.055,903.3082
850.4474272266667,27.098,983.8439
1120.2475969066668,27.118,1136.7494
1228.5349356800002,27.183,1231.7275
1271.7934948444445,27.269,1277.5685
877.1312853333324,27.276,1077.5317
1755.793926897778,27.379,1689.0876
1503.1169896266665,27.471,1542.2026
967.3960563199996,27.52,1145.892
1185.2094989777777,27.484,1217.193
1235.2084599466664,27.441,1258.6409
1291.1313398933332,27.442,1305.2859
1298.7287076,27.361,1321.2526
1279.9008938755553,27.433,1310.3436
1242.7670551466667,27.441,1283.1555
1229.8352102400004,27.484,1275.6417
1264.8844453866664,27.441,1300.4977
1308.0136114844445,27.484,1334.4336
1374.8420632711116,27.433,1388.7372
1008.2003694933336,27.484,1157.6447
923.2532063999998,27.433,1090.523
1177.72781184,27.441,1198.801
1405.5136626844446,27.441,1381.4229
1387.264000284444,27.441,1424.4448
1452.742057493333,27.441,1491.5977
1428.351031253333,27.441,1469.7828
1436.559870862222,27.432,1473.5464
1415.528010666667,27.397,1451.2247
1435.7912012888887,27.397,1473.7274
1440.7573775199996,27.361,1459.3824
1398.407830266667,27.361,1426.2823
1399.282007822222,27.361,1432.0194
1416.724645013333,27.361,1441.6301
1427.1274144,27.361,1453.1934
1426.9404512,27.361,1453.7867
1446.210041173333,27.361,1481.0101
1284.0955825777776,27.397,1340.1604
1290.9392938933331,27.398,1324.9066
1337.4338767733332,27.361,1356.5934
1273.4302903555556,27.397,1313.888
978.1483313777778,27.397,1138.1637
1049.9379942044443,27.433,1147.0503
1145.015334897778,27.441,1205.032
1168.2633517866666,27.484,1226.831
1164.9364687999998,27.484,1221.029
1157.9238536533337,27.52,1212.0713
1276.8361960355558,27.484,1282.3817
879.6403952888887,27.484,1086.6211
821.3238880000002,27.433,1035.535
1330.100743635555,27.484,1268.2909
1429.56313408,27.441,1410.6199
1423.4428874399998,27.441,1436.067
1417.7175213777775,27.484,1439.7681
1376.3541665777782,27.52,1400.0618
1390.7471424000005,27.433,1404.7716
1404.134457422222,27.484,1419.8485
1372.7770631111111,27.484,1393.4385
1375.0176533422225,27.52,1391.7872
1391.371191466667,27.52,1405.7338
1442.6201765599997,27.52,1470.2897
1458.703169991111,27.52,1492.7424
1468.5914354222218,27.484,1504.0752
1454.3981070933337,27.441,1498.7095
1457.6180475022225,27.397,1508.709
1430.265014613333,27.441,1481.1523
1421.8392972266663,27.433,1455.889
1450.9661982044445,27.404,1490.4426
1605.7735047466665,27.397,1640.6301
1701.7737561600002,27.318,1758.5216
1842.9433176000005,27.318,1913.8716
1922.3161989688888,27.361,2001.6378
1992.2793014311108,27.361,2056.641
2053.406755484444,27.397,2097.064
2085.608844782222,27.397,2122.588
2033.1954036,27.433,2076.623
2024.229816,27.484,2070.1892
1971.8045650222225,27.484,2028.802
2097.2545258666664,27.521,2146.3115
2070.105386035556,27.52,2125.629
2111.112364942222,27.484,2161.9224
2147.7538719022223,27.52,2201.8823
2141.9810384266666,27.52,2197.4478
2156.25128064,27.52,2213.422
2200.874841173333,27.484,2267.3003
2241.464987395556,27.441,2319.5803
2255.29063424,27.441,2344.654
1863.2688211377776,27.484,1960.3613
1908.916964693333,27.485,1985.8728
2057.317178844444,27.484,2133.1113
2038.591179484444,27.52,2119.3113
2056.1644312444446,27.55,2122.2969
2097.7919635555554,27.563,2154.3433
2194.800593582222,27.599,2249.6296
2054.993250488889,27.532,2102.637
2084.4563114400003,27.612,2124.1494
2386.2371897333333,27.581,2425.6047
2344.3035529244444,27.629,2423.0898
2318.826388799999,27.61,2410.7751
2321.16095552,27.561,2448.1382
2278.0720116622224,27.48,2430.7522
2285.6074565422223,27.59,2459.2578
2312.537746026667,27.539,2434.8772
4363.680617733333,27.605,4291.175
4355.9907197777775,27.635,4073.3096
4231.580847697777,27.47,3795.8438
3640.7194211733326,27.418,3185.8474
3137.2160724266664,27.445,3034.5503
3143.2917848888887,27.48,3185.819
3168.777053546666,27.569,3212.246
3237.9443618666664,27.492,3226.7026
3273.2386264000006,27.528,3244.9058
3271.758857386667,27.467,3228.4365
3231.7218374133327,27.533,3191.983
3274.250293404444,27.465,3243.7407
3241.752444533333,27.193,3175.9824
3091.447620799999,27.376,3065.6592
3196.014370933334,27.35,3202.1826
3156.545519502221,27.365,3142.0945
3125.6614637066664,27.116,3093.3074
3105.781333386667,27.261,3101.934
3145.038875413333,27.052,3147.1348
3106.3147339466664,27.302,3119.3086
3137.106717120001,27.247,3161.5386
3288.2672782666664,27.086,3326.2705
3344.1986621511105,27.072,3342.3955
3355.4499528888887,27.108,3345.0562
3353.541842986666,27.514,3385.3438
3271.1995747199994,27.113,3274.6343
3322.896920995555,27.316,3358.2751
3342.2602673777765,27.036,3352.1953
3345.4183559911107,27.175,3348.6948
3232.365992942222,27.314,3249.5625
3252.853816542222,27.351,3306.4077
3180.737141617777,27.316,3225.778
3299.571984399999,27.251,3350.2188
3283.485099395555,27.419,3307.6162
3292.125915288888,27.362,3306.418
3238.873749226666,27.248,3243.5522
3192.1531139111107,27.205,3206.4617
3288.3646200000003,27.162,3323.7358
3307.129910044445,26.841,3291.3135
3256.535364853333,26.7,3216.3513
3109.866872888889,26.492,3098.9077
3186.907788906667,26.523,3206.7275
2845.0628906666666,26.732,2950.5825
2905.395167733333,26.701,2991.646
3008.6079996799995,26.755,3068.1782
2999.445794471112,26.914,3018.893
3188.2333086222225,27.233,3268.4133
3063.232910666666,27.468,3090.1128
3132.4223946666666,27.468,3188.8027
3092.3752056,27.308,3130.1914
2993.222599297778,27.198,3029.406
3132.838753422221,27.21,3188.3115
3123.8674518933326,27.227,3150.5464
3178.8648814666662,27.229,3200.878
2979.82748832,27.238,3020.8472
3148.68333384,27.16,3212.1277
2948.9103518222223,27.194,3011.5747
3136.201911182223,27.154,3190.5127
2975.6090577600003,27.085,3019.665
3050.265132168888,27.116,3079.581
2965.949853688888,27.092,3010.8616
3084.9427686400004,27.068,3112.7854
3128.5246777244447,27.025,3137.3533
3175.6772986399988,27.018,3168.712
3050.813218702222,27.067,3051.086
3285.060289973332,27.123,3360.4666
3277.25999104,26.878,3264.759
3208.19845736,26.798,3168.6772
3231.831441911112,26.755,3229.9846
2969.075106133333,26.798,3018.52
3131.890838586666,26.517,3175.5388
3094.7590725688888,26.517,3110.1711
3087.0634292444447,25.998,3061.6484
2909.8951982222216,25.637,2928.4548
2929.8625792,25.558,2943.1597
2942.8863430222214,25.48,2942.3066
2921.750798364444,25.515,2909.8906
2924.19685016,25.682,2917.1592
2858.346209155556,25.638,2860.0771
2961.9535304266674,25.48,2945.6575
2904.19981544,25.48,2885.8882
2909.2647703288894,25.566,2894.4775
2935.139534008888,25.761,2932.6304
2940.331008115556,25.719,2934.2551
2922.496625031112,25.702,2917.3474
2885.241808675556,25.827,2895.0864
2940.3639071644434,25.918,2959.796
2898.3712551466674,25.884,2914.5098
2898.3712551466674,25.884,2915.882
2993.51352992,25.681,3004.3833
2951.9983327288896,26.12,2971.4272
2919.373508177777,26.12,2951.8438
2879.861297493333,25.889,2915.7417
2993.4935806577773,25.92,3023.1013
3200.44385472,25.706,3230.558
3220.991403839999,25.674,3190.2075
3232.166144,25.97,3228.2017
3235.094488888889,25.914,3253.4465
3197.041358533333,25.92,3220.9824
3187.7161043200013,25.796,3216.3271
2987.9816200000005,25.682,3039.6418
2794.425503235555,25.516,2907.913
2943.248353662222,25.515,3012.454
2955.331034444444,25.523,2985.4019
2990.282070826667,25.321,2980.6855
2923.7966853333337,25.565,2931.8953
2914.257148888889,25.515,2930.9097
2814.131447804444,25.444,2842.6091
3051.9501251999995,25.284,3058.7886
2934.954688933332,25.284,2919.9763
2884.399772115555,25.444,2886.5833
2958.217276515555,25.363,2966.532
2757.768977271111,25.32,2784.8042
2842.6428490666667,25.431,2866.7688
2786.9470707199994,25.431,2816.3477
2855.747376426667,25.455,2867.207
2806.859685546666,25.462,2821.71
2806.859685546666,25.462,2822.2305
2733.86067264,25.498,2759.6785
2663.74863424,25.522,2677.5354
2650.6460352,25.476,2661.8445
2552.177103342223,25.632,2499.1597
2689.559821582222,25.602,2721.6472
2796.53429,25.479,2808.7166
2562.760892604444,25.522,2498.3967
2333.163920764444,25.725,2317.163
1039.1015135111102,25.674,1547.5339
1577.0135108977772,25.601,1821.8057
1920.8732753066668,25.565,2123.301
1962.9335396266663,25.515,2114.976
2034.71836768,25.522,2107.5742
2137.582050275555,25.389,2135.9792
2139.4728495466666,25.478,2121.5205
2132.910587946667,25.418,2107.8467
2137.8258406933337,25.71,2113.8184
1765.5228066666666,25.91,1844.1212
1549.1490819555556,25.793,1639.9843
1418.987155911111,25.779,1506.5098
1520.6522478933332,25.761,1554.821
1806.952284444444,25.816,1833.6838
1943.2235905333328,25.688,1964.5042
1883.9545979644445,25.92,1909.436
1948.209293333333,25.918,1949.7412
1919.6210270933327,25.882,1926.4388
1921.1988644533333,25.955,1931.0133
1913.740293866667,25.839,1923.4166
1974.1731905777776,25.882,1980.4243
1930.5539424177773,25.955,1961.885
1894.158567573333,25.882,1946.5325
1900.7237845333327,25.918,1986.4371
1910.8321404444443,25.875,1981.9219
1840.2915573777773,25.76,1910.2711
1584.7698928088885,25.673,1662.5476
1663.9905964266666,25.515,1706.894
1576.2804977777776,25.725,1629.5082
1476.7820246933334,25.761,1517.1655
1491.6376424444445,25.796,1512.5798
1557.5326953600002,25.761,1579.6018
1573.22983848,25.848,1620.9862
1464.249380453333,25.884,1519.1506
1445.2315445333331,25.796,1486.8015
1524.3279448711105,25.884,1550.5696
1421.5577322311103,25.918,1458.1533
1402.573160995556,25.882,1423.5664
1372.46464616,25.848,1392.2748
1091.3655972266663,25.796,1190.0817
909.7844641066672,25.724,1077.5863
1326.7246128,25.724,1269.7257
1470.3350920000005,25.682,1442.0045
1439.358946115556,25.601,1444.4104
1487.4396269244444,25.601,1495.5718
1499.436722204445,25.601,1516.3092
1439.8072083199995,25.602,1461.0814
1365.53546928,25.646,1385.5414
1346.2367681955554,25.602,1359.9369
1310.7366508444445,25.602,1332.5936
1314.352332355556,25.522,1326.5857
1291.3614900088887,25.515,1311.4468
1298.791812337778,25.523,1315.8834
1298.315452088889,25.522,1314.7535
1301.1162763377783,25.565,1315.8998
1296.3841860444445,25.601,1313.3229
1299.174815582222,25.601,1317.0009
1296.0712835200002,25.601,1314.7502
1294.4531715200003,25.523,1310.5177
1284.4566593333334,25.516,1305.8477
1238.235763982222,25.522,1273.2964
1241.5357354933335,25.602,1273.4763
1246.7556208800002,25.558,1281.571
1258.9672650488887,25.565,1290.816
1222.5243412800005,25.601,1260.2631
1218.2444560000004,25.601,1250.1744
1185.4479597333332,25.515,1227.8687
1197.4594719999998,25.602,1231.867
1196.021767377778,25.601,1231.4677
1221.725660480001,25.515,1247.3792
1224.0757166400003,25.523,1254.3243
1224.953875431111,25.566,1257.1354
1247.778400177778,25.566,1272.5544
1206.8926690488888,25.566,1249.2937
1206.4695006222223,25.565,1244.9904
1200.9859663822226,25.566,1240.6779
1217.993813991111,25.523,1249.5919
1201.4228438133332,25.522,1241.475
1190.658566826667,25.522,1233.4586
1162.315246133334,25.565,1216.2113
1240.3346401600002,25.522,1258.5734
1428.0866464711107,25.479,1411.349
850.2301139466666,25.565,1088.9745
951.7297581688892,25.522,1083.3922
1021.824695537778,25.479,1115.6987
1089.2035173333336,25.444,1155.6295
1093.7345593066666,25.399,1165.1779
1091.66678544,25.443,1167.1881
1088.7545157066668,25.443,1165.6443
1083.6923519911113,25.444,1163.283
1163.021714577778,25.443,1203.6985
1164.22600864,25.487,1213.5225
1140.1761483200005,25.565,1202.116
1162.0157056088892,25.601,1211.5674
1161.232208,25.565,1212.0626
1156.561481600001,25.486,1208.425
1147.4289161600002,25.523,1204.7699
1140.258694622222,25.486,1199.1455
1169.3414375377783,25.443,1213.7852
1167.908545564444,25.479,1216.7561
1167.438894844444,25.48,1217.1066
1116.863195022222,25.443,1189.1423
1114.15485328,25.284,1180.0033
1090.7889538577786,25.321,1166.0154
1006.8939291999995,25.285,1122.425
878.8912779022218,25.205,1071.0923
1171.4690650133334,25.234,1187.8977
1226.3984409600005,25.285,1249.345
1287.8935264266663,25.242,1300.1985
1344.7659584177777,24.802,1344.6232
1395.8979145155558,25.241,1410.5697
1388.0722900799997,25.161,1409.7294
1391.1383980622224,24.6,1399.5039
1415.9379393599995,24.759,1443.3539
1391.8206483911104,24.766,1412.2526
1371.6549054666666,24.557,1386.6473
1376.615675182222,24.557,1388.5033
1393.2995953066668,24.485,1401.7966
1398.825259146667,24.557,1411.9543
1420.5625211555562,24.6,1434.9172
1431.910951013333,24.68,1464.1647
1438.6920222044446,24.636,1472.9719
1451.9848495466674,24.514,1485.0123
1478.1142073600004,24.521,1513.2668
1447.5991442133338,24.485,1490.7549
1425.3713297066663,24.6,1460.4099
1476.6941464,24.6,1513.3264
1654.620006897777,24.557,1697.223
1754.2698088533332,24.643,1830.0657
1671.2498129599996,24.68,1745.7827
1735.1753664622224,24.68,1797.1895
1413.3185902844448,24.643,1502.0493
1585.8030845688884,24.68,1614.3835
1691.9829919911108,24.716,1746.3047
1777.992395075556,24.716,1850.3411
1742.389452622222,24.766,1819.4961
1615.7309812622225,24.802,1687.8148
1690.5549534222223,24.924,1749.716
1758.728203466667,24.881,1829.0786
1763.7710816533329,24.961,1842.5803
1757.1954568888896,24.925,1833.794
1804.8213860444448,24.917,1878.3616
1816.441444693333,24.961,1893.247
1823.5032669333327,25.004,1900.51
1922.9685172533327,25.004,1989.9578
1848.900287004444,24.96,1928.4072
1773.4341027733328,24.96,1853.2905
1888.4589019644443,25.004,1958.231
1904.21566464,25.004,1981.2063
1881.8030143733329,25.04,1959.5201
1872.43944528,25.04,1943.1389
2012.7038246666664,25.04,2059.2327
1975.235764764444,25.047,2033.9236
1992.6495936,25.118,2044.9146
1959.0322315377773,25.118,2025.1095
1840.331065813333,25.162,1920.9595
2348.29317248,25.161,2323.3303
2307.089808853333,25.321,2306.0745
2427.39257592,25.242,2370.578
2417.313289200001,25.284,2395.027
2411.602109564444,25.321,2427.1323
2398.7420899200006,25.284,2476.3708
2397.126206666667,25.364,2438.9038
2392.308529706667,25.242,2442.9067
2390.406158186667,25.206,2447.1885
2414.3211968,25.285,2460.284
2406.2774160266663,25.194,2459.5671
2396.392273635556,25.282,2457.9778
2408.60225032,25.429,2466.6968
2423.882637608889,25.67,2479.9055
2426.0738297777784,25.48,2479.2424
2438.574972302222,25.393,2489.4902
2429.1344019911107,25.267,2484.595
2319.0906944000008,25.363,2444.8367
4513.296794844444,25.437,4408.4404
4584.844215964444,25.467,4316.798
4223.12891168,25.336,3754.7847
3386.856380791111,25.569,3131.3345
2740.399852622223,25.688,2902.3726
2815.6680708177773,25.537,3035.9888
2924.0046853866666,25.58,3089.8633
2933.6907275733333,25.405,3017.9304
2895.3661687111107,25.424,2962.4333
3049.86090576,25.412,3066.186
3317.418023573334,25.467,3361.4534
3349.935318666666,25.467,3302.4106
3287.547875173333,25.467,3229.8662
3316.460836266668,25.485,3316.048
3200.950853831111,25.564,3208.267
3083.230039706666,25.675,3124.455
3122.16463704,25.718,3202.531
3113.636796711111,25.696,3179.4824
3140.89154816,25.783,3201.3118
3502.650891733333,25.862,3617.538
3896.852454008889,25.892,3905.6343
3795.9061037155534,26.027,3672.0823
3781.3744402311113,26.02,3699.267
3775.588856088889,26.074,3746.4253
3876.943846035556,26.11,3878.323
4048.222902773333,26.185,4043.4495
3421.421368906666,26.123,3365.1274
3358.408694435556,26.159,3467.4966
3699.415886684445,26.129,3855.8867
3641.70802752,26.202,3664.6772
3728.8685852444432,26.373,3759.5845
3735.876908248888,26.457,3754.6333
3746.1367700266655,26.565,3759.4019
3864.3672184,26.733,3899.8904
3879.83670448,26.844,3890.7173
3852.26299656,26.951,3858.481
3871.3295016,27.125,3900.4148
4030.284782826666,27.061,4055.005
4015.948034533334,27.122,4005.6406
3984.35548416,27.064,3973.109
3997.3846638133336,27.298,4021.3127
3895.557847964444,27.394,3920.9329
4041.334693377778,27.275,4091.308
4062.036320622221,27.31,4081.3906
4051.800539555554,27.245,4059.7954
3980.870856213333,27.467,4008.9966
3853.4504935111104,27.247,3872.0537
3942.02468912,27.192,4001.7424
3939.540002222221,27.267,3979.6558
3863.663137066665,27.365,3893.2705
3915.821809448888,26.73,3927.227
4004.911081919999,25.84,3949.2822
3783.356876622224,25.682,3669.9675
3635.45725248,25.715,3611.968
3612.37983136,25.627,3667.4333
3693.623327519999,25.601,3771.9756
3705.34187488,25.48,3748.0474
3400.8796396799994,25.48,3393.0586
2994.163497191112,25.48,3090.937
3226.087286373333,25.443,3387.3408
3230.62147584,25.443,3303.384
3315.9769048000003,25.443,3346.8145
3346.54005368,25.523,3372.5532
3313.653555173334,25.516,3325.8071
3239.7190171199995,25.637,3267.0938
3335.888740613334,25.797,3410.6167
3242.305808328889,25.742,3276.6729
3243.56909664,25.714,3286.365
3318.800172551111,25.763,3378.6792
3268.281090346666,25.759,3299.216
3343.976770275555,25.617,3379.8066
3370.2377103111107,25.794,3404.026
3312.5623717511103,25.933,3344.44
3264.695947555556,25.823,3307.2654
3204.424539493333,25.877,3260.5132
3175.6031736000004,25.835,3235.84
3168.05575008,25.885,3227.7588
3187.1507712,25.825,3236.096
3282.121113422222,25.902,3332.8735
3211.29208,26.074,3241.7192
3261.884069235555,25.962,3302.1504
3512.468499839999,26.092,3587.191
3906.81306288,26.086,3917.289
3794.831393688888,26.19,3683.0356
3776.256199200001,26.269,3712.8882
3647.6326416711113,26.403,3632.4326
3650.5761825599984,26.42,3684.0576
3724.748492017778,26.446,3771.8203
3394.8292387466654,26.543,3413.7202
3351.633546773334,26.554,3450.4536
3328.55829152,26.659,3449.129
3535.4867438933343,26.633,3643.0835
3528.8790060800006,26.633,3550.0032
3617.5404197422217,26.683,3633.5645
3515.510727395555,26.633,3501.329
3461.5329785333333,26.474,3461.922
3525.425846079999,26.115,3530.0698
3391.377582044444,26.128,3376.5017
3385.398978426667,26.099,3407.2874
3129.636042133334,26.273,3186.7505
3130.49352272,26.494,3237.8162
3146.3006639200003,26.734,3264.9487
3087.201544,26.633,3164.474
3092.2168830755554,26.56,3150.3289
3078.23313728,26.524,3122.454
3089.751504995556,26.371,3113.2935
3085.2337668,26.25,3093.2869
3117.4462476000003,26.456,3137.3013
3095.05165088,26.353,3108.4167
3038.5338446222227,26.383,3057.8826
2988.413290035555,26.474,3029.3455
3054.3269717333337,26.439,3100.9082
2592.54550208,26.402,2690.926
2546.5363248533326,26.279,2535.4438
2507.8861652,26.279,2390.5618
2591.10649328,26.156,2521.4084
2508.2001634666667,26.193,2364.975
2490.8792083911108,26.2,2355.3748
2559.25301536,26.158,2462.9001
2588.3592427911112,26.158,2499.5747
2611.562873386666,26.12,2533.0662
2404.5903258311105,26.12,2318.4463
2679.4535756444448,26.156,2691.5625
2634.1061172622226,26.12,2606.3784
2556.104902542223,26.193,2486.4197
2520.4372868444443,26.156,2462.9827
2158.017887253333,26.279,2143.253
1197.8989368266668,26.244,1619.5884
1584.7864942933334,26.229,1823.8403
1874.7107197866667,26.279,2062.9482
1986.3202045866667,26.2,2086.852
2113.34012416,26.193,2125.664
2214.710895822222,26.279,2179.4526
2233.615907555555,26.2,2184.6511
2161.51642216,26.243,2123.0974
2285.3633156266665,26.156,2266.2551
2240.4397010488883,26.156,2245.1675
2185.5854620444447,25.999,2190.9346
2311.138395875556,26.077,2335.3691
2199.9320464,26.2,2237.113
2109.1983373333333,26.279,2126.2434
2105.5409628888888,26.315,2118.8433
2033.6766976,26.279,2047.793
1653.2208593599996,26.315,1743.4537
1793.545346204445,26.243,1831.6072
1940.0380210311105,26.279,1964.6833
2037.335782613333,26.279,2055.517
1985.074975644444,26.279,2010.3225
1847.1639221777773,26.244,1892.6356
1875.0025109333333,26.243,1934.2361
1876.251936533333,26.28,1970.3756
1902.1387242666665,26.23,1980.5071
1872.9126592,26.225,1943.4302
1841.39913152,26.262,1905.1989
1821.7213618488888,26.223,1877.6237
1832.127095911111,26.219,1883.0374
1895.902023866667,26.285,1943.8658
1853.856834444444,26.244,1908.2871
1854.1124614400003,26.297,1901.4199
1819.559826915555,26.262,1871.8792
1782.1187600000003,26.213,1835.5254
1750.334713244444,26.208,1801.0209
1722.87583352,26.25,1778.4226
1689.66733352,26.213,1745.2981
1640.3563682488889,26.176,1692.7899
1675.4679850133332,26.12,1730.2258
1692.278065706667,26.07,1762.471
1652.6244425600005,26.034,1714.5845
1629.6040535999996,26.065,1679.4441
1666.3960382222224,26.085,1712.5457
1670.7618012800003,26.065,1724.1558
1674.5002513333334,26.06,1732.5068
1735.000769662222,26.054,1793.8158
1839.465181431112,26.126,1902.6592
1856.07586848,26.233,1921.6519
1911.5472176266665,26.227,1967.689
1909.3444450577776,26.227,1965.697
1903.888748026666,26.214,1959.3036
1890.2460319111112,26.291,1948.019
1888.698147555556,26.291,1945.3119
1761.8256454844443,26.244,1834.2891
1594.0085309866668,26.2,1666.1172
1515.023435235555,26.158,1572.7139
960.9446777777778,26.156,1150.7948
974.0300185866666,26.158,1107.1824
988.24540848,26.12,1108.2833
1052.9259423466667,26.156,1140.0105
1112.3101531999996,26.165,1175.1241
1096.4892412800002,26.193,1172.1742
1095.7154935644448,26.243,1170.4905
1111.531145688889,26.243,1177.9808
1143.210511217778,26.244,1195.4598
1205.9683039377774,26.193,1232.0808
1171.7431356444445,26.314,1220.5828
1171.3763356444442,26.358,1216.2213
1161.0736106666666,26.351,1206.4259
1155.1638164,26.315,1198.3148
1137.92368192,26.315,1186.8102
1128.3091832000005,26.279,1177.5131
1135.557127911111,26.358,1180.6306
1076.8417005866663,26.438,1150.6829
1133.3371728000002,26.474,1173.3975
1110.67643648,26.474,1166.5334
1134.9718431999995,26.481,1182.0496
1208.8724854399998,26.402,1230.0092
1216.8910315377775,26.402,1250.3136
1223.4259752711107,26.402,1268.9543
1230.7658668444442,26.358,1273.6838
1239.2753706666665,26.358,1279.9146
915.5650434666662,26.402,1110.292
1329.3811880000003,26.351,1296.8905
1401.1430928,26.351,1405.3353
1419.9588009599995,26.315,1452.337
1397.5447428799998,26.315,1434.8271
1477.883922168888,26.358,1513.3855
1435.176006657778,26.351,1484.4801
1474.7171502933334,26.358,1515.9778
1485.5892606577777,26.315,1530.5352
1486.604858826667,26.315,1534.9631
1479.408772648889,26.358,1530.72
1487.7390719644443,26.438,1539.0627
1470.2207843111112,26.402,1523.9153
1463.571255751111,26.402,1516.7278
1484.8987777066668,26.402,1536.1245
1481.7256433066664,26.358,1534.5105
1488.9984861688888,26.315,1541.7573
1452.9538058933333,26.315,1510.6064
1461.8415003111118,26.358,1512.5825
1476.3072038399998,26.402,1526.2059
1443.9659797333327,26.402,1497.2865
1475.8044083733328,26.315,1521.5563
1456.363751031111,26.358,1511.1953
1472.8702063288886,26.36,1529.2473
1511.756488533333,26.315,1555.0254
1517.7655295644445,26.351,1564.8289
1498.210229173333,26.315,1547.2155
1501.0997957333338,26.279,1547.2742
1478.6739849155558,26.243,1524.4257
1523.02578624,26.229,1563.865
1495.4890377866664,26.351,1544.8303
1536.5024793599998,26.633,1582.2637
1708.64176128,26.596,1757.7585
1741.7561462222225,26.56,1808.1968
1728.9368541866668,26.596,1795.4448
1561.3051809599997,26.596,1632.9113
1280.4584112444445,26.56,1362.2048
1572.7063659733335,26.524,1585.7444
1659.1324934488885,26.474,1711.3082
1694.7358725688882,26.438,1759.4895
1720.518385466667,26.438,1788.4436
1818.077144462222,26.402,1883.5046
1835.5618693333329,26.438,1905.2332
1827.2160142044447,26.438,1897.8364
1878.80218864,26.279,1941.6204
1865.680238862222,25.565,1926.3844
1865.7660153333327,25.76,1933.3876
1906.546430613333,25.393,1966.8828
2059.858052515556,25.242,2098.8252
1948.919988711111,24.925,2010.7682
1973.8805924711107,24.521,2022.8176
1993.466660977778,25.559,2057.483
1908.7346779022223,25.602,1986.3176
1963.7206807822213,25.48,2025.4625
2114.922874311111,24.16,2138.1265
2027.7704956444445,25.004,2077.2317
1986.330437724444,24.881,2036.3137
2076.551120515556,24.924,2114.9858
2085.07101584,24.961,2131.61
2211.4168688,25.004,2240.783
2281.0066364,24.961,2294.12
2124.673391786667,24.96,2162.0813
1878.8050426933328,25.004,1951.8748
2019.0819282133327,24.961,2064.4805
2333.5030465777777,24.961,2340.1453
2336.957719191111,24.881,2343.295
2345.981314755555,24.766,2346.4316
2379.335407573333,24.961,2387.5276
2376.300142231112,24.917,2414.3223
2358.089548106666,25.04,2429.4766
2352.613424391111,25.04,2458.7156
2371.679893333333,25.083,2442.3015
2377.6051968355555,25.076,2448.126
2367.850076311111,25.004,2448.5747
2363.848540995556,24.925,2448.8596
2406.4498539466663,24.925,2467.3804
2401.349595431111,24.881,2465.9385
2378.8664508622223,25.004,2456.3423
2403.209779128889,25.04,2469.8298
2403.9989510755554,25.076,2470.5906
2405.099261413333,25.206,2469.7417
2397.5181516799994,25.284,2464.4253
2417.0633551733326,25.162,2472.0603
2449.856899573333,25.161,2501.0818
2418.1461336355555,25.198,2477.0933
2437.1293284977783,25.399,2496.3684
2428.322523377778,25.32,2481.3135
2454.710604444444,25.522,2500.745
2376.679189857777,25.479,2445.5864
4619.1721884,25.682,4423.5405
4507.34291471111,25.796,4263.8447
4013.31184992,25.32,3503.4438
3251.5030016,25.328,3069.0908
2686.4021242222216,25.76,2879.3079
2941.43896536,25.637,3163.2102
2942.488045964444,25.76,3087.2046
3151.870969066667,25.92,3220.9248
3103.6906537333334,25.846,3112.9585
3057.1179354666674,26.229,3088.0842
3078.413618017778,26.279,3147.138
3123.64505232,26.002,3155.914
3099.470945777777,26.175,3114.5923
3170.989506142222,26.314,3201.816
3098.2417279466667,26.163,3105.1677
3102.359559822222,26.362,3136.6748
3034.414710897778,26.595,3096.0786
3050.302819413333,26.621,3130.443
3068.2583058844443,26.643,3145.9258
2998.889162079999,26.841,3077.1895
3076.257130951111,26.59,3140.3984
2789.800686222221,26.984,2914.0327
2778.7714690133325,27.123,2918.7837
2778.398248266667,27.021,2903.4531
2824.3983789244435,26.632,2884.149
2784.2179669333327,26.698,2820.5112
2865.973114159999,26.799,2889.6611
2976.1221003377773,26.917,2998.096
2928.6859220622214,26.926,2935.456
2928.93176656,26.929,2948.516
3020.7534859377784,26.923,3055.7415
3010.02359616,26.928,3029.9468
3008.98913632,26.951,3032.4985
3100.7255787733334,26.968,3143.4111
3110.64727424,27.287,3160.584
3063.484828906666,26.932,3086.2173
3059.23700544,27.059,3097.3408
2967.7634875555555,27.293,3038.4556
3002.5330592444434,27.137,3067.0015
3200.912550595556,27.19,3275.1445
2999.92983656,27.118,3018.644
3156.544931457778,27.182,3190.5938
3125.9070089422216,27.086,3138.794
3137.615747022223,27.012,3132.409
3168.668718293333,27.18,3186.6335
3078.256437813333,27.363,3108.8528
3086.572231644445,27.277,3129.4185
3036.413380808888,27.078,3070.9697
2945.83045216,26.98,2994.5588
2891.285653786667,26.951,2957.4092
2964.131364088889,26.846,3000.6157
2899.6269990222227,26.988,2937.917
2805.9482026844444,26.924,2857.9993
2749.2706614311105,27.014,2810.3923
2894.296533333333,26.861,2925.7751
2900.8991080000005,26.939,2907.6943
2767.4952964266663,26.807,2771.057
2970.0879282666665,26.912,2989.632
2955.813604675555,26.998,2962.0461
2931.2617139288886,26.855,2923.8381
2953.4503693333336,27.039,2973.0479
2948.337445155554,27.03,2977.5662
3049.860898773333,27.304,3103.9167
2916.339651813333,27.234,2959.3608
3027.21282928,27.272,3078.263
3027.240503466666,27.422,3079.0684
3109.7402791466666,27.285,3143.4368
2909.623051253333,27.025,2948.9946
3111.6942739822225,27.177,3158.9734
2987.796006391111,27.115,3019.7358
2963.22076504,27.306,3004.7903
3092.900253599999,27.05,3130.5479
3353.0923488000003,26.586,3371.4177
3332.1702770844454,26.651,3246.1187
3414.256807733333,26.665,3363.272
3350.7262966666663,26.664,3303.3499
3327.340883484445,26.663,3309.5022
3298.958146346666,26.794,3312.5488
3435.2348286755564,26.898,3493.216
3391.151586666666,26.856,3393.8616
3359.19990416,26.784,3355.7908
3346.231442133334,26.895,3370.3723
3337.144257422222,27.001,3374.6953
3364.445710080001,27.114,3410.9521
3324.0620326666653,26.903,3336.2883
3357.0283515111114,26.985,3380.7146
2869.8971126133333,26.78,2989.7234
2885.343865244444,26.728,3016.6492
3103.2807308622223,26.879,3210.7605
3071.42591616,26.99,3092.739
2981.9049946133327,27.005,3003.7388
3097.6823090399994,26.798,3121.6807
2920.1017692,26.721,2954.6438
2955.032558222223,26.68,2981.785
2856.0474758844434,26.68,2909.2324
2966.8099042044446,26.748,2995.639
2948.8075127466664,26.741,2965.5144
2974.6236315111105,26.719,2977.5906
2898.3874712,26.693,2916.075
2858.843584133333,26.727,2891.6316
2892.26579928,26.686,2926.395
2841.4744781155546,26.722,2873.4229
2683.024075546667,26.636,2707.0544
2599.489778311111,26.664,2582.9404
2713.1077481244447,26.77,2755.9065
2518.515019626668,26.603,2422.6606
2513.263445048888,26.761,2430.2937
2550.5868518400007,26.614,2493.988
2398.9538557866667,26.587,2310.5532
2368.504496417777,26.587,2318.3582
2548.1697772444445,26.547,2505.9043
2529.8104299999995,26.397,2462.262
2458.1868553777776,26.484,2387.7114
2195.538131733334,26.479,2136.903
2273.986114675556,26.363,2307.179
1202.3119751644442,26.244,1622.9902
1399.074260453333,26.363,1629.4434
1884.020323866667,26.35,2030.1982
2207.0276352,26.438,2239.6467
2313.8255703466666,26.694,2288.056
2296.058654008889,26.877,2245.036
2346.22064768,26.975,2302.1372
2335.850035591111,27.021,2328.6204
2281.4877277866663,27.102,2306.868
2300.541234133333,27.21,2364.757
2319.6180177244446,27.186,2393.3828
2329.652211333333,27.2,2456.6257
2304.0305920533333,27.19,2420.4727
2185.526513208889,27.274,2274.5557
2046.1505339022224,27.261,2098.1836
2023.6910252266664,27.313,2071.0085
2079.45603096,27.332,2130.5193
2042.8778534755552,27.35,2082.1216
1857.9948892266664,27.359,1907.4662
1890.490378933333,27.385,1924.7495
1963.3430793955552,27.368,1998.4048
1964.6228504177784,27.399,2014.5454
1885.0682144088887,27.413,1956.597
1859.5066315555555,27.37,1961.3519
1740.2638512799997,27.375,1841.9299
1783.0382402666671,27.413,1850.7755
1811.6158623200004,27.34,1865.8169
1816.8959448266664,27.326,1865.3766
1755.5099922577772,27.323,1804.6575
1723.3210763199995,27.297,1765.2439
1718.6551614044442,27.297,1757.9456
1678.925360302222,27.298,1719.0796
1714.236463866667,27.272,1747.2761
1753.7828195555555,27.252,1789.0071
1657.309051466667,27.302,1695.6144
1720.71029872,27.291,1750.829
1703.8819967999998,27.261,1745.799
1674.68423472,27.226,1718.1794
1709.8273986133331,27.285,1752.9456
1656.312413946667,27.268,1699.2749
1690.7797703822223,27.205,1732.7832
1634.26979152,27.172,1683.6776
1631.9368818044445,27.168,1672.7241
1649.2905589333336,27.126,1687.9893
1621.6521626311107,27.174,1663.5925
1599.9877878577777,27.139,1640.5641
1541.9737520000003,27.09,1580.6919
1500.249599911111,27.125,1535.2112
1481.1907988355556,27.114,1507.5061
1443.0887198933333,27.073,1467.9064
1454.41254504,27.08,1472.0726
1458.7818980800005,27.105,1478.0085
1466.7462043555558,26.991,1484.4175
1470.4236340266666,27.06,1491.101
1461.0749919466666,27.053,1482.8994
1459.6560069333332,27.084,1478.977
1411.7368566933333,27.087,1435.8323
1487.8047815644445,27.015,1497.8264
1465.8679687111105,27.057,1487.1157
1454.9442140711114,27.015,1475.1245
1460.1121850311113,27.015,1479.2853
1421.360598773334,27.046,1443.7117
1400.0859786933331,26.984,1419.6643
1353.780287333333,26.986,1377.7448
1372.4231244000002,27.053,1387.6572
1414.357145475555,26.998,1422.0214
1407.152298017778,26.956,1421.6273
1355.4062558400003,26.939,1380.165
1047.804786711111,26.97,1173.1122
1137.2110489066667,26.952,1190.9697
1207.0043485866668,26.952,1235.3865
1210.3284928000005,26.934,1246.5818
1248.4120302933331,26.885,1272.4175
1272.1783856533336,26.872,1292.8927
1344.3158261155554,26.788,1349.2064
1264.8804606577778,26.842,1301.3854
1332.465988808889,26.818,1341.8682
1294.7725972622225,26.806,1320.8274
1327.7636978133328,26.617,1340.0762
1292.840700088889,26.629,1319.8969
1353.9389172711112,26.641,1361.7887
1330.4775334044443,26.45,1348.7631
1285.7890690666668,26.488,1315.4805
1292.384556924445,26.596,1315.6155
1285.2474976,26.475,1308.4539
1323.9295548800003,26.298,1335.7769
1439.7950515200002,26.231,1439.9507
1397.1875262577778,26.218,1420.7726
1475.1573184444442,26.238,1502.0145
1423.179400444445,26.165,1464.6569
1421.8021561066666,26.071,1454.1554
1483.0906109066666,26.071,1525.988
1334.3208498311108,26.048,1386.0754
1262.588934133333,26.028,1309.5134
1522.59960656,26.11,1534.4159
1494.972879155556,26.014,1540.9238
1505.519285093333,25.994,1550.4014
1550.4112908266663,25.928,1591.9705
1503.0592320177773,25.978,1557.6033
1593.4879148622222,25.978,1634.8782
1552.2497925688883,25.978,1608.1919
1549.2140661066665,25.922,1600.2246
1568.1460731555555,25.912,1619.0088
1554.2125172444444,25.936,1607.6903
1538.358448933333,25.936,1592.7415
1526.4594744000003,25.942,1581.2981
1519.2609475466666,25.936,1572.9241
1542.742783715556,25.929,1594.0718
1504.9555915111105,25.941,1560.7498
1570.1159696444447,25.959,1614.4875
1526.2134331111113,25.948,1581.4626
1515.5422674311112,25.982,1565.2888
1551.900224017777,25.989,1599.0288
1543.701829475556,25.994,1595.4503
1527.6209355377778,25.99,1579.1394
1573.1717804444447,26.002,1625.8215
1637.597331253333,26.002,1695.61
1758.3304397244444,25.952,1819.9601
1723.0551288533331,26.045,1796.2487
1579.8870383999997,26.027,1650.817
1380.256359644445,26.05,1444.9929
1615.68747296,26.044,1643.3044
1659.5243860622215,26.061,1716.5798
1693.8075029333334,26.062,1758.1858
1667.2765794666666,26.061,1732.9678
1605.2179529600005,26.094,1668.3163
1658.732181902222,26.123,1714.4484
1699.4612067555554,26.093,1762.709
1682.4776448000002,26.172,1752.0007
1729.949827697778,26.116,1796.645
1874.1701544,26.123,1941.0365
1803.87622512,26.159,1883.3228
1726.3741075911112,26.159,1800.2992
1755.6891606666666,26.202,1825.6216
1838.0438128,26.21,1909.4869
1807.9395412,26.25,1887.2981
1930.3154152888883,26.257,1994.4121
1905.4923603644445,26.246,1976.0638
1934.9892263022216,26.33,1995.8462
1980.685765333333,26.415,2032.8027
2014.49901024,26.409,2057.6157
1739.7421533866666,26.267,1825.9905
1804.019479733333,26.329,1874.742
2015.144246373333,26.403,2075.7866
2349.799235813333,26.464,2337.9458
2338.4138464888883,26.439,2330.9197
2328.1131359999995,26.565,2330.8643
2342.3219898666666,26.575,2369.0095
2329.247483048889,26.554,2394.868
2338.85412992,26.448,2431.6318
2294.2351270222216,26.688,2423.998
2333.9278009777777,26.698,2476.498
2357.2391054222217,26.649,2442.5977
2311.571196586667,26.637,2488.4358
4381.6655728,26.616,4384.547
4429.450857342222,26.628,4223.95
4091.292747413333,26.483,3586.93
3324.293774577778,26.628,3031.7805
2637.575658666666,26.459,2756.0193
2931.6045671288884,26.641,3105.502
2916.2666655999983,26.648,3033.3455
3013.159333262221,26.721,3039.859
3022.322769288889,26.685,3022.8223
3038.2912023466665,26.584,3019.2878
3026.398020924444,26.563,3019.6157
3055.9638359466667,26.682,3062.5168
3046.10512528,26.741,3052.916
3086.6959084533323,26.91,3089.529
3089.9330302400003,26.818,3083.0671
3148.1921572,26.878,3156.7236
2950.817085351111,26.894,2976.4985
3103.8042173422227,27.001,3173.918
3069.201943715555,26.729,3101.3638
3291.48453928889,26.857,3346.8237
3275.927463697777,26.609,3256.7993
3294.935777955556,26.5,3267.478
3263.6799581333325,26.665,3271.204
3296.795437653333,26.482,3316.9094
3286.000925866667,26.712,3311.8713
3156.2470723911106,26.862,3192.15
3084.1088820266664,26.549,3131.125
3239.559179653333,26.908,3329.1794
3285.877479617778,26.647,3315.6067
3236.4084689599995,26.759,3233.0994
3306.17372416,26.602,3322.8044
3268.7250301333324,26.769,3282.7847
3014.07453536,26.912,3071.9548
3052.0665812888888,26.778,3132.54
2953.854297644444,26.748,3036.5942
2915.312077333333,26.741,2988.236
3160.384711466668,26.712,3230.2495
3104.8102682311105,26.795,3100.7832
3138.292260133333,26.826,3138.4954
3211.20485496,26.706,3231.7388
3093.129078577777,26.911,3108.3848
3165.527140337777,26.927,3215.8132
3285.06857616,26.879,3344.8403
3155.2300536,26.871,3158.864
3157.9023604444446,26.869,3191.201
3217.7216182222232,26.904,3274.436
3212.593640106667,26.937,3248.0762
3148.4286151111114,27.051,3186.509
3315.2300091733337,26.824,3371.1624
3258.1391821333336,27.018,3271.0488
3361.4392216533333,26.946,3388.665
3393.308091200001,26.887,3398.891
3237.861548906667,26.772,3218.9868
3252.5617226399995,26.887,3286.6318
3426.9857458666675,26.624,3474.9521
3356.0692370488887,26.827,3343.2173
3414.998561173334,25.762,3352.5403
3578.21393096,25.3,3503.1016
3450.2039413333337,25.096,3333.1526
3207.3817614399995,24.572,3143.8943
3298.765172284444,24.446,3297.767
3224.6451836444435,24.696,3224.1191
3332.45330928,24.746,3353.249
3259.445078631112,24.762,3251.9941
3306.2199199999995,24.855,3322.7976
3074.8619029333327,24.376,3069.8435
3115.481764613333,24.587,3132.8179
2898.60270944,24.363,2938.9773
2599.1927704533327,24.377,2647.9692
2840.983375999999,24.891,2882.2324
2783.7573313422217,24.686,2796.399
2691.815294577778,25.335,2679.6208
2703.9455266133336,25.12,2700.8604
2772.180534133333,24.792,2763.2324
2799.5175733777783,24.945,2782.921
2861.267672177777,24.661,2831.7292
2838.0178853333337,25.095,2829.4731
2791.291817884445,24.894,2799.2363
2832.660773662222,24.845,2845.5916
2660.4080212888884,25.415,2673.3413
2659.0039434933324,25.66,2707.026
2766.898235688889,25.557,2826.1223
2929.171095991112,25.227,2939.5754
2961.8793984000004,25.504,2956.9353
2904.5859393955548,25.594,2915.2295
2818.919717884445,25.728,2862.271
2702.7809517511105,25.698,2767.6768
2797.8703910222225,25.902,2871.1775
2850.1793664,26.07,2911.5596
2836.0193260444444,26.143,2880.591
3096.5054667555546,26.347,3189.6792
3295.9971294755555,26.418,3386.6394
3262.875529635556,26.519,3256.3647
3280.3585311288884,26.622,3298.975
3243.0896622577784,26.706,3281.641
3349.836282666666,26.692,3409.4287
3216.1143180888885,26.77,3250.1455
3284.593857777778,26.825,3351.7046
3027.594186,26.874,3107.2075
3167.6491388888885,26.825,3268.791
3129.6109599999995,26.47,3179.7964
3278.301572622222,25.984,3268.3562
3250.5443331199995,25.922,3207.9614
3009.352562924445,25.686,3021.1504
2925.434024640001,25.772,2991.5073
2998.9413944,25.81,3045.455
2930.84648352,25.888,2966.6768
2948.9393651199985,26.021,2970.4944
3041.80010896,26.07,3052.52
2932.068381653333,26.066,2938.8147
2894.5248762311103,25.863,2906.154
2987.9001601244445,25.728,2988.2603
2944.570801573333,25.786,2937.58
3014.219856862221,25.834,3006.3013
2909.4566044000007,25.832,2913.4868
2811.702742737778,25.905,2839.6592
2910.668781751112,25.934,2942.9805
2830.986500506667,25.985,2856.6985
2875.2277250222223,26.072,2895.6875
2865.140415279999,26.043,2886.1057
2769.6743644,26.053,2796.6553
2808.934995697777,26.137,2843.003
2548.2318351466665,26.166,2494.3926
2492.1916630400005,26.206,2418.5942
2639.6405400533336,26.249,2677.333
2629.69349696,26.283,2629.165
2583.4375646400003,26.298,2539.965
2688.716987377777,26.305,2707.3777
2640.3877920000004,26.271,2632.1414
2638.489959484444,26.25,2629.6533
2574.163030133333,26.333,2543.8704
2961.731529093334,26.347,3037.8467
2733.6944924444447,26.354,2743.662
2567.4589392000003,26.354,2524.962
2627.640320568888,26.332,2668.8872
2606.0530809244447,26.382,2638.131
2607.108174720001,26.416,2628.2341
2277.541750444445,26.326,2245.4587
1067.412257706667,26.242,1552.1797
1414.6876648800005,26.195,1651.5121
1702.909802133333,26.278,1960.5151
1800.4988215466667,26.249,2012.5757
1821.558614435556,26.153,1961.728
1934.40885904,26.199,1995.7869
1963.768929537778,26.242,1997.0302
1942.8324827555552,26.227,1976.022
2043.630474675556,26.109,2042.5808
2067.529459093333,26.102,2056.2402
2064.6658130666665,26.128,2050.8386
2023.40363568,26.107,2015.3514
1949.6695648888888,26.116,1954.081
1894.904368622222,26.173,1912.5652
1824.5075420444448,26.235,1856.8884
1844.862550275556,26.238,1868.5801
1833.9568689777773,26.279,1853.8994
1795.6930848000002,26.309,1825.728
1844.4788425422216,26.384,1870.871
1755.5436924444443,26.449,1791.134
1648.4475151288889,26.454,1681.7358
1618.6520134399996,26.48,1648.7717
1597.1209023466668,26.57,1649.3058
1587.5279574933336,26.569,1667.274
1607.2475167466664,26.559,1670.1614
1404.8901119999998,26.551,1470.9253
1156.228804479999,26.556,1252.4236
1253.6859691911109,26.518,1278.6691
1691.2781782222223,26.518,1683.3165
1634.0483002133335,26.485,1678.4983
1650.399832,26.474,1688.2479
1645.4607454044442,26.521,1681.2864
1477.46621848,26.402,1515.877
1506.0720433777778,26.485,1522.1528
1463.1278353066666,26.487,1485.5029
1446.228937777778,26.588,1467.5605
1395.6582217777775,26.601,1420.5286
1390.9491898133333,26.592,1408.6333
1468.5347362933337,26.605,1474.7866
1445.2853698133338,26.624,1464.1143
1391.6874382755557,26.555,1413.569
1307.7520726044445,26.478,1336.5197
1347.3875676799998,26.5,1358.2994
1280.8872609955556,26.56,1313.4727
1359.7884480444447,26.494,1364.9043
1343.6969728,26.49,1362.4504
1283.9379004977775,26.453,1315.1437
1314.4028168444445,26.453,1331.1882
1341.3102576000003,26.424,1361.3484
1339.2852700799997,26.362,1367.4181
1349.2895828799994,26.387,1371.0314
1319.1486301155553,26.326,1337.5028
1312.310059822222,26.28,1329.02
1333.4135775999996,26.232,1343.1678
1313.6085201777776,26.282,1333.1743
1281.1604373333328,26.275,1309.8529
1355.6048169066669,26.173,1360.0076
1182.082630284444,26.154,1246.4043
890.0795046577774,26.134,1085.0747
1009.7263692800004,26.154,1110.2972
1061.5182684444446,26.088,1140.2499
1125.1891404800003,26.11,1177.4688
1126.3639147111107,26.091,1185.8309
1137.5988333599996,26.104,1194.8704
1137.787425617778,26.079,1197.2148
1151.0239427555557,26.101,1204.3806
1208.8091792533337,26.05,1238.846
1225.8192707466667,26.052,1255.0187
1205.8683002844443,26.027,1246.1504
1196.410482222222,26.032,1239.7303
1218.09787224,26.052,1250.9749
1207.35272824,26.032,1245.6405
1209.129651831111,26.015,1245.7812
1172.8401634133334,25.966,1223.5646
1153.3746905955556,25.964,1209.6923
1154.93230272,25.957,1207.9661
1165.3626508088887,25.998,1214.0454
920.0869888000002,25.997,1095.5067
1234.6742128355554,25.961,1227.7317
1255.6723087999997,26.021,1275.0574
1238.9247448,26.023,1278.4158
1195.6742296177774,25.979,1253.6917
1242.3341333333328,26.015,1275.9978
1269.5562651999996,25.987,1297.3053
1247.668080711111,25.98,1285.6632
1249.9893401599998,25.976,1285.107
1276.2926461777777,25.951,1302.5728
1222.3693420799998,25.964,1269.768
1246.5380106666662,25.994,1279.2695
1220.1131471288886,26.032,1263.1179
1189.458230711111,25.993,1240.426
1191.5820457955556,25.978,1238.3008
1144.136547306667,25.971,1210.8716
1150.8379670044442,25.982,1209.4742
1201.33216736,26.024,1239.1371
1189.3987031466663,26.007,1237.5579
1185.9678026666668,26.061,1236.8622
1188.1141066666664,26.043,1237.3121
1240.857621271111,26.036,1269.9828
1562.287527253333,26.031,1564.2751
1247.3027013333328,26.032,1327.2026
1168.9707750755558,25.971,1235.8743
1253.0302216177777,25.996,1274.6
1252.6164223111111,26.037,1284.149
1267.29383232,25.976,1295.163
1293.2234646222223,25.978,1315.1082
1306.509548666667,25.989,1328.8021
1275.548641866667,25.997,1308.9019
1304.000705368889,25.984,1325.5807
1297.0534539822222,26.01,1324.0591
1304.2194951644444,26.027,1330.2485
1564.7830528000002,25.987,1575.2938
983.8494863111111,26.037,1165.4767
1121.7148993777778,26.03,1184.43
1229.5697599911111,26.008,1251.3341
1153.597353333333,26.025,1222.1547
1434.0580468355552,25.995,1412.746
1586.3531355199998,25.984,1614.746
1636.4527312711114,25.984,1687.5597
1668.8039626133336,26.002,1726.2225
1845.1400676622225,26.025,1905.0593
1802.184309466667,26.05,1871.2987
1882.6971924266663,25.972,1933.1731
1903.1012598666664,26.007,1965.7971
1936.528546168889,26.009,1996.2139
1927.7202645333327,25.987,1988.8069
2020.4495961600005,26.073,2067.88
1968.9801281688888,26.104,2028.1836
1980.874681306667,26.152,2035.2334
1965.3720609600005,26.189,2024.8594
1979.4306456,26.166,2037.7993
2026.8184167555555,26.257,2080.2683
2070.03246736,26.286,2118.3616
2129.7579664,26.257,2167.809
2180.418309688889,26.257,2211.541
2165.726292888889,26.245,2209.9253
2256.31914144,26.336,2297.8325
2237.384020666667,26.366,2292.4614
2346.8607171733333,26.343,2392.9937
2368.291098,26.329,2430.5007
2342.4107904,26.381,2435.4788
2201.5635658133333,26.405,2300.174
2272.972704497778,26.418,2392.4258
2370.370468568889,26.343,2444.0435
2297.601052666668,26.394,2448.425
2379.9065920266667,26.475,2449.805
2367.9320124444444,26.462,2450.7402
2407.6373462400006,26.434,2463.3696
3314.180566426666,26.461,3784.6514
4486.783629155556,26.388,4352.583
4479.510757182221,26.478,4176.081
3711.829114817778,26.284,3192.0
3183.6054943288887,26.317,3044.5088
2896.9365850666663,26.55,3004.242
3178.8941788888887,26.474,3346.428
3177.2572320000004,26.661,3238.5977
3179.816783359999,26.527,3176.9226
3223.682549066666,26.467,3231.9233
3296.6505213777777,26.419,3301.139
3271.8204099200007,26.309,3239.605
3202.3601192266665,26.709,3197.41
3206.543002791112,26.661,3225.2825
3175.9340411733338,26.365,3170.1777
3191.438232355555,26.38,3190.6477
3251.457597582221,26.519,3279.8196
3274.4070415999995,26.567,3298.3035
3367.0979325866665,26.823,3415.875
3310.8993494577767,26.802,3329.7803
3406.8683984177774,26.3,3412.8005
3440.350365866667,26.736,3462.7737
3443.4689344000003,26.591,3455.0542
3417.852181333332,26.219,3408.1904
3417.852181333332,26.219,3422.5725
3474.648745111111,26.694,3527.1628
3442.961760622223,26.585,3469.8748
3461.4681597333324,26.878,3511.3408
3478.22782464,26.652,3511.41
3486.8323611022224,26.496,3494.5818
3467.0632920000007,26.61,3479.0676
3312.2714585955564,26.728,3339.7468
3415.5663862044453,26.779,3498.0686
3342.559501653333,26.49,3369.2705
3408.987591822221,26.462,3434.4229
3408.987591822221,26.462,3424.1929
3654.565187288889,26.446,3698.9546
3199.364647608888,26.949,3208.2637
3090.364496497777,26.918,3195.585
3222.625312693333,26.547,3342.061
3194.392772586666,26.689,3249.2314
3333.466871999999,26.408,3365.2554
3208.785215093333,26.214,3188.7383
3222.232536266668,26.261,3230.4578
3211.2490770666664,26.61,3263.067
3237.11975704,26.464,3281.342
3289.01378264,26.375,3318.066
3238.346144106667,26.168,3234.5938
3339.479492533333,26.487,3386.2012
3337.791607022222,26.573,3376.8743
3371.653268364444,26.626,3410.8823
3373.90965312,26.515,3399.6748
3357.7122506933338,26.658,3389.971
3435.0988891022216,26.071,3442.4492
3325.9494632,26.43,3328.8232
3299.172695235556,26.352,3333.0042
3303.9356596088887,26.342,3351.4707
3335.4600981333333,26.336,3376.4438
3292.4768136355565,26.247,3311.1096
3270.1225509422225,25.595,3255.5308
3286.281477795555,26.256,3317.927
3396.537580053333,25.807,3422.9375
3437.338284613332,26.122,3452.1135
3212.3697430577777,26.09,3214.149
3242.956594204445,26.093,3300.2812
3294.7331413333336,26.106,3360.08
3336.712369635555,25.776,3352.456
3319.3224957511115,25.684,3311.6455
3262.9535835111105,25.306,3246.51
2942.821141119999,25.211,3000.157
2866.878561706667,25.063,2957.3826
2962.4614156799994,25.009,3007.356
2818.1511822222224,24.951,2849.2725
2921.696277911111,25.046,2920.457
2983.1401394666664,24.911,2959.378
2934.801621546668,25.059,2907.2668
2975.1607548,25.139,2956.8333
2869.484318222222,25.342,2876.5125
2789.3597623466667,25.313,2813.6423
2889.449457644444,25.232,2903.4968
3231.178955946667,25.328,3325.405
3247.044350808889,25.44,3232.9807
3158.8718186666656,25.571,3138.116
3097.781802666666,25.482,3126.3396
3109.0689466488893,25.496,3163.0994
3054.2162470400003,25.446,3102.0168
3107.542583555556,25.525,3154.7812
3092.341592746667,25.408,3122.6682
3126.853674328888,25.446,3154.459
3066.8948520622225,25.493,3095.8398
2974.849772444444,25.585,3024.877
3078.773877333333,25.61,3132.3687
3077.1101365777768,25.646,3107.1252
3079.957765671111,25.675,3097.9434
3197.862246453333,25.735,3236.8542
3131.2536371199994,25.76,3141.1296
3237.944843946668,25.827,3280.1658
3187.310275635556,25.9,3216.7524
3227.163243519999,25.942,3268.6736
3192.8830342666674,25.99,3235.2944
3186.249395715556,26.016,3234.135
3132.0556924800003,26.023,3183.315
3151.4712444,26.02,3208.2915
3086.306464666666,26.034,3137.3328
3129.4096392,26.093,3184.4326
3102.234554382222,26.111,3147.5483
3108.329403324444,26.201,3152.582
3026.227902577778,26.204,3073.7988
3112.7270092800004,26.272,3167.9072
2506.422142968889,26.308,2455.1108
2782.5005464533338,26.363,2896.347
2855.2166342933338,26.384,2928.3518
3041.75253208889,26.43,3047.6462
2889.178434364444,26.479,2887.2268
2905.5851515022227,26.564,2926.5635
2980.418978355556,26.589,3020.725
3018.5210316800003,26.665,3048.161
3042.0758936533325,26.719,3068.3438
3051.332785662222,26.751,3081.2642
3053.858047626666,26.819,3093.3582
3054.9759445688887,26.848,3103.2036
3037.0966407111105,26.909,3091.0322
3078.474438115556,26.904,3135.3882
2831.554727271111,26.966,2926.725
2656.607096462222,27.007,2790.8289
2752.4750623288887,27.021,2869.9104
2741.8675533333344,27.041,2823.0981
2738.8329505599995,27.111,2789.2878
2659.150278062222,27.123,2699.0564
2651.2103482666657,27.135,2687.325
2635.857392799999,27.137,2663.7085
2706.8256355555554,27.125,2734.9336
2733.5663383466663,27.103,2750.7473
2550.3234405333324,27.06,2514.5012
2446.686621555556,27.082,2383.589
2380.603648266667,27.085,2320.3943
2418.0222367466663,27.012,2373.1252
1456.1827952,27.031,1888.1649
1766.5619860000002,27.016,2026.9098
2035.076878,27.031,2190.649
2251.981697671112,27.028,2313.1128
2158.382595911111,26.96,2214.0605
2164.4013856711103,26.959,2182.9602
2156.2432087111115,26.958,2165.687
2173.016192533333,26.917,2175.9558
2195.698457102223,26.813,2193.854
2293.1745894488886,26.847,2301.8894
2215.972600488889,26.778,2229.7566
2255.18524736,26.772,2273.4993
2279.8901903555548,26.78,2321.1392
2237.301114551111,26.813,2278.4307
2242.95173376,26.794,2291.7598
2178.731779591111,26.757,2213.8962
2011.1861564800004,26.688,2029.6919
1940.94538176,26.778,1964.3423
1918.290020515556,26.646,1945.5632
2005.8125178488883,26.688,2027.5913
1994.9387167111108,26.62,2022.7035
1832.4075255733333,26.532,1886.4829
1761.19588016,26.414,1826.4324
1721.0318600533335,26.398,1814.9694
1734.3538846755555,26.417,1808.5167
1724.6341725777777,26.39,1785.0657
1689.8945038222218,26.401,1741.1469
1668.808520248889,26.461,1717.56
1655.5226586133338,26.407,1698.206
1681.791554133333,26.453,1721.6133
1603.338578053333,26.443,1644.7637
1670.2395560977775,26.429,1697.8013
1705.5661921866667,26.456,1738.5574
1652.9775580088883,26.454,1689.376
1394.471259306667,26.478,1451.637
1629.4093678044444,26.493,1625.3032
1546.2694108444446,26.519,1571.2798
1559.037241422223,26.552,1574.491
1580.112679786666,26.506,1599.544
1592.293523235555,26.524,1621.7333
1510.151036373333,26.544,1544.7766
1509.3561388533328,26.545,1532.5535
1487.469449511111,26.531,1507.5693
1530.7093309866668,26.538,1549.468
1448.3728406933333,26.507,1480.2683
1436.1728665866667,26.495,1460.1298
1426.4020877777778,26.563,1449.5471
1439.6522626844446,26.552,1457.4185
1445.7442459288886,26.529,1464.5491
1490.1448537777776,26.534,1511.8074
1478.0798119999993,26.56,1508.1865
1472.6531073066662,26.523,1501.3713
1452.7681783111111,26.494,1480.1035
1448.925732888889,26.475,1474.3586
1413.4645545599997,26.487,1437.857
1445.857680284444,26.508,1462.2046
1419.6817423644443,26.484,1444.3805
1391.100460462222,26.489,1420.6962
1372.8302782222222,26.474,1395.1705
1428.6476606666663,26.444,1440.5781
1272.004028728889,26.475,1320.4102
1021.62012128,26.458,1152.4266
1158.7516129600003,26.458,1196.9434
1190.2291534844449,26.501,1227.0881
1292.660863288888,26.526,1298.2391
1268.5625457777778,26.489,1294.7374
1290.997347271111,26.487,1309.6112
1300.792071715556,26.495,1321.6311
1304.0219250399998,26.466,1325.4652
1351.0992064,26.512,1363.9108
1277.3633353777773,26.527,1313.1097
1267.394060711111,26.472,1295.6742
1320.5235409066668,26.479,1331.3262
1275.0514986133333,26.484,1304.7008
1307.3168684799996,26.526,1324.4183
1340.7487403644448,26.508,1353.7394
1357.0434705511109,26.501,1372.5708
1285.5911298133335,26.532,1321.2637
1277.8585677777785,26.507,1305.3191
1292.07003,26.526,1314.3971
1274.4741041777777,26.484,1303.3209
1249.99904464,26.508,1285.1434
1293.0417297777774,26.527,1312.2296
1260.6808649866668,26.46,1298.3685
1288.0774003555553,26.492,1319.7427
1328.563713066666,26.503,1350.2239
1316.562021724444,26.529,1345.9329
1306.156881528889,26.511,1334.8164
1325.94569728,26.505,1348.8551
1304.3067609600005,26.506,1334.2162
1279.7336971199995,26.517,1313.3093
1319.2102699822217,26.518,1338.548
1309.066096924444,26.536,1335.3479
1313.4604331199994,26.553,1340.03
1332.3668025955556,26.529,1354.5853
1355.7284040533332,26.564,1375.8535
1583.8324113955557,26.536,1601.9216
1401.1124981866662,25.415,1434.4384
1418.1585186133334,25.114,1430.6288
1381.6338496799997,24.636,1392.3557
1319.7999528,24.83,1345.6035
1258.004856373333,24.345,1278.5487
1239.7062803199997,24.878,1269.7091
1200.93239728,24.682,1235.9661
1209.705126097777,24.906,1240.8385
1244.2786693866665,24.638,1255.5381
1296.4135183999997,24.906,1302.7772
1330.3429690399998,24.955,1336.0192
1330.3316611199996,24.748,1336.3281
1320.5728213599996,24.906,1334.7723
1329.018754666667,25.646,1354.6721
1347.6127456177778,25.43,1360.1472
1349.6921685866664,25.563,1368.706
1397.5057992000004,25.607,1410.124
1407.7964884800003,25.56,1424.2427
1468.343717333333,25.774,1502.477
1582.0789723199996,26.111,1621.1628
1488.6154747733333,26.054,1544.0598
1440.9100559822225,26.301,1492.6333
1327.5894387022215,26.289,1367.9785
1516.2216765155554,26.298,1535.0615
1610.87072872,26.431,1652.7468
1709.5575176533334,26.416,1768.2783
1720.5545379733328,26.379,1788.6182
1597.7094288711112,26.298,1670.3616
1722.0946415111114,26.403,1782.2493
1684.824915608889,26.397,1760.7605
1837.0005777066667,26.373,1908.7043
1806.511015893333,26.456,1890.4451
1848.7980394666668,26.395,1921.2771
1904.1327655111108,25.838,1964.9924
1661.2717840000005,25.428,1748.1942
1609.383436231111,25.339,1680.1348
1506.4914168799994,25.244,1577.9631
1845.3179086044445,25.181,1912.2467
1933.7529065244444,25.124,2018.0953
1919.5108264,25.221,1998.5342
2043.484431217778,25.249,2091.142
2079.613523235555,25.327,2116.0986
2159.262030933334,25.316,2176.3997
2160.6223873333333,25.352,2182.8855
2231.7201361066664,25.424,2249.901
2316.9079828800004,25.436,2328.7358
2467.198270853333,25.536,2441.8467
2565.8653725244453,25.515,2498.474
2446.2520753422223,25.559,2443.1777
2478.6128038933334,25.515,2472.1497
4568.077996399999,25.479,4433.401
4625.633223680001,25.523,4366.401
4099.459727573333,25.479,3541.7136
3360.430836053333,25.523,3060.4172
2952.246839146666,25.516,2985.3062
3218.802048,25.602,3375.662
2890.0395503466666,25.638,2990.3054
3175.336248,25.725,3248.0637
3191.18422976,25.796,3223.6155
3245.1240643111105,25.955,3267.8088
3374.259955271112,26.12,3431.581
3614.373532586665,25.998,3691.193
3788.563573511111,26.315,3826.597
3951.4222227288888,26.366,3949.9043
3853.211537866666,26.335,3784.5027
3827.880208764445,26.378,3803.4756
3843.2773607199993,26.43,3855.6167
3656.993326435555,26.278,3638.8398
3857.724610133333,26.28,3913.2393
3602.23672144,26.364,3598.642
3498.521818311111,26.271,3543.0493
3558.975713448888,26.162,3635.5962
3546.836056400001,26.352,3604.271
3546.836056400001,26.352,3597.3506
3583.8047186844447,25.994,3605.3105
3611.420187075556,26.17,3627.4983
3659.69583664,26.128,3670.8286
3556.7626250666667,26.012,3538.5454
3583.2142848,26.124,3612.9434
3540.4824201600004,26.374,3587.8752
3499.5526963200005,26.263,3544.0903
3549.5187093333334,26.466,3622.0862
3609.506555377777,26.34,3660.4307
3706.25683128,26.486,3744.8604
3750.049794755556,26.506,3762.2163
3768.1721892,26.334,3755.3335
3763.307753973333,26.381,3754.0347
3797.378226986666,26.493,3809.5781
3826.054434400001,26.388,3830.9224
3404.802516773333,26.312,3385.7017
3502.291590755555,26.304,3603.0908
3493.9646834666664,26.359,3580.9976
3518.9533678044454,26.288,3570.5264
3529.8735347911106,26.277,3566.7498
3497.7801510400004,25.989,3504.8135
3561.937488373334,25.316,3540.5938
3444.0353131911115,26.12,3455.0322
3614.05382272,25.422,3648.1633
3711.301468942223,24.945,3679.5396
3415.2410078222224,25.078,3353.0476
3407.3458043377773,25.528,3471.6948
3428.950224195556,25.557,3524.2139
3550.9981883999994,25.542,3634.2734
3612.089400284444,25.612,3659.8257
3658.458414133334,25.432,3673.6562
3707.7012163199993,25.317,3705.8696
3602.1956608,25.645,3610.9844
3719.4077291466665,25.591,3768.042
3714.772173626666,25.992,3759.2993
3696.883891902221,25.613,3708.9946
3800.123400106666,25.691,3819.8694
3642.839738266666,25.094,3599.7102
3545.9421648,25.083,3543.417
3545.2833454222223,25.386,3604.713
3572.302404,25.526,3644.3594
3571.7681685333328,25.303,3610.901
3553.3465363200007,25.526,3594.7358
3466.8491157333337,25.264,3493.5742
3536.512712604444,25.062,3573.6167
3514.718865582223,25.085,3533.0037
3477.5515712,25.171,3503.7588
3545.2025329777766,25.664,3623.037
3509.3107046666664,25.389,3547.3687
3431.0356719999995,25.196,3450.2065
3376.205313422221,25.571,3435.307
3352.20670496,25.622,3428.7761
3359.077899493333,25.691,3434.524
3385.979986133334,25.606,3442.6501
3339.6478176355563,25.58,3374.6968
3216.153778782223,25.569,3257.4443
3249.7019088,25.834,3329.768
3223.6360178666664,25.89,3294.4622
3652.14169544,25.811,3758.816
3864.38748672,25.673,3828.4902
3817.176515493333,25.732,3702.2793
3705.4948782222223,26.006,3648.017
3329.648828675556,25.443,3318.0032
3253.526340266668,25.648,3347.9678
3221.7276448,25.634,3335.992
3119.783930373333,25.678,3215.412
3223.2041254222227,25.306,3290.1462
3427.4452705777767,25.43,3490.0674
3424.964880479999,25.545,3423.5679
3390.086876888889,25.597,3389.3833
3537.6238744,25.617,3577.6047
3427.0925417244434,25.672,3427.0767
3758.585632488888,25.801,3819.4326
4112.12241464,25.74,4065.2756
4115.932666666667,26.117,4011.3613
4207.979447537777,26.094,4121.516
4124.461913644444,26.026,4050.349
4100.011625333332,25.945,4062.3523
4051.229932666667,25.964,4039.396
4116.37477944,26.367,4141.628
4118.061670515556,26.354,4135.2188
4204.939707235556,26.369,4210.12
4168.618416675557,26.453,4172.0522
4113.112931840001,26.483,4131.565
4150.525399999999,26.292,4167.1875
4080.408303253334,26.327,4093.6343
3864.937397937778,26.377,3882.2993
3996.182450613333,26.294,4065.025
4187.329478542223,26.28,4196.238
4129.525401333333,26.267,4109.7
4129.187388728889,26.386,4131.4663
4149.3281368533335,26.263,4151.596
4255.114975573333,26.353,4245.505
4275.70384384,26.339,4254.498
4298.901454257776,26.403,4279.5664
4387.599917048889,26.513,4348.1533
4299.710673279999,26.531,4297.193
4350.486664533333,26.542,4343.109
4318.9830684,26.514,4321.839
3812.665919999999,25.999,3778.6987
3787.8317667555534,25.987,3890.0781
3750.787692720001,25.93,3854.8901
3747.907893520001,25.978,3836.4663
3522.4295919555548,25.878,3564.3706
3672.919265422224,25.963,3789.753
3637.352376497777,26.04,3703.2158
3388.6451199999988,25.943,3405.3826
3302.7442443022223,25.837,3365.1416
3108.752986293333,25.959,3197.0898
3412.541557777778,26.242,3583.5466
3264.7080205155544,26.208,3302.646
3455.823238151112,26.381,3544.3154
3465.164469706667,26.441,3512.387
3319.771784995556,26.614,3341.8882
3344.4533540977777,26.601,3417.0383
3192.9306006577785,26.602,3256.353
3154.0376333777785,26.604,3234.8325
3289.197600675556,26.56,3389.2197
3182.635459706666,26.599,3225.324
3029.8523127644444,26.582,3094.8228
3131.049037244444,26.593,3218.2314
3118.166841919999,26.642,3178.317
3162.0191652799995,26.626,3201.742
3422.0305887733334,26.66,3513.4136
3284.7691579022226,26.544,3257.53
3097.562596000001,26.501,3107.5122
3278.6855411911115,26.457,3359.8328
3278.6855411911115,26.457,3314.1157
3018.459730666668,26.352,3052.816
3081.85156455111,26.307,3143.9946
3298.477806026666,26.291,3385.8552
3356.917874844444,26.345,3369.6787
3146.20012928,26.202,3127.8103
2758.372253813333,26.238,2899.2874
3005.428761262223,26.193,3110.9355
2910.440209457778,26.164,2976.4688
2835.00566784,26.121,2878.0525
2746.1389218666664,26.134,2797.1416
2652.70232648,26.028,2666.477
2478.052242666666,26.079,2301.2778
2544.928397084445,26.126,2469.0298
2544.9285158577777,26.078,2460.0276
2445.452502577778,26.084,2338.544
2512.654631573333,26.085,2413.847
2483.1380469333326,26.125,2385.1514
2446.81060112,26.126,2353.388
1265.6827256177774,26.099,1732.2501
1478.2660974933333,26.13,1753.2983
1813.8275650133328,26.136,2029.2578
2138.399697546667,26.126,2215.351
2297.8711839822217,26.139,2295.513
2357.3684053333327,26.154,2309.5708
2208.28758272,26.169,2169.1455
2303.622110764445,26.162,2259.9326
2291.079894791111,26.185,2276.999
2272.7221020800007,26.095,2277.3796
2281.364336266666,26.068,2309.5718
2219.56996296,26.002,2243.6821
2178.846664844445,26.072,2200.5862
2169.527820897777,26.044,2193.6794
2159.718859955555,25.987,2183.9326
2100.981195235556,26.018,2118.4402
1915.6416104,26.018,1951.4548
1778.3861612799994,25.988,1832.7532
1664.8514376000005,25.919,1727.8853
1587.02211584,25.9,1644.6145
1535.3584057066664,25.832,1579.2737
1443.4529453066666,25.798,1491.6567
1468.1120522755557,25.745,1504.8059
1546.561479128889,25.752,1603.92
1041.8473526933333,25.756,1209.978
1085.043884231111,25.8,1174.1262
1160.8251578133338,25.727,1202.1874
1257.1576298844448,25.713,1262.6431
1242.3418186666663,25.722,1263.1428
1243.5059370666663,25.756,1263.795
1198.7737280444444,25.694,1230.4
1204.3869289955558,25.669,1226.6151
1210.3534352,25.669,1228.4028
1237.8511759288883,25.635,1243.4608
1257.2418401777777,25.563,1257.7894
1287.430977653333,25.502,1279.9062
1325.6924410933332,25.559,1313.0106
1236.31266768,25.548,1254.2107
1262.3755264,25.515,1262.0964
1275.8106837866662,25.578,1279.1804
1247.3197604444442,25.639,1266.5394
1246.579793262222,25.596,1264.7969
1259.89615752,25.591,1275.5764
1242.2837245333335,25.601,1267.6896
1243.9144102044445,25.552,1267.7947
1235.1848729599997,25.606,1262.4077
1218.1205637688886,25.607,1251.7441
1259.5347291022215,25.57,1286.257
1254.5534989333332,25.603,1287.344
1246.4604738044443,25.51,1278.2277
1260.8920847288891,25.493,1285.3237
1223.459864097778,25.483,1262.5844
1262.1863973333332,25.329,1281.222
1234.3823110666665,25.434,1270.8562
1250.382326186667,25.447,1278.2188
1259.0497997066673,25.501,1286.0371
1256.97281392,25.531,1285.6063
1243.25119272,25.526,1275.3375
1313.3234176,25.501,1321.8008
1285.0770695111114,25.555,1311.4313
1290.0609406399994,25.561,1314.2959
1318.30123944,25.54,1334.6558
1298.2211961333337,25.445,1321.7072
1303.8632834577782,25.589,1327.9508
1313.0712268799998,25.463,1332.0283
1114.0922667199995,25.344,1202.5862
1173.463441617778,25.374,1216.0817
1324.7993739200003,25.289,1315.5775
1340.8905359288888,25.32,1353.3171
1320.2375044444443,25.241,1342.0596
1326.0375486577784,25.2,1343.1953
1350.7486841688892,25.126,1362.497
1335.164506133333,25.038,1352.8024
1266.5703280533337,25.058,1300.063
1340.9698148000004,25.047,1346.4117
1326.7140978666669,25.101,1345.4188
1310.328635333333,25.066,1331.4595
1322.3753522488882,25.101,1338.6688
1335.1059438933332,25.173,1351.2397
1377.7455437777774,25.152,1387.6248
1397.0224546133325,25.209,1412.3265
1373.0979234488884,25.173,1393.7335
1333.1478048000004,25.179,1358.5753
1373.9605508799998,25.144,1384.5132
1355.5449062399994,25.186,1375.2539
1391.8399502222223,25.152,1403.2803
1455.4649710933336,25.148,1482.1831
1610.4403046399998,25.157,1642.0792
1474.820031288889,25.188,1542.0
1502.1722723555554,25.185,1547.7423
1375.0155724799995,25.228,1418.0906
1712.8667499911107,25.191,1740.464
1820.2510399733333,25.234,1896.633
1808.8694339288888,25.197,1884.5347
1800.6774123911107,25.266,1869.9357
1785.721294933334,25.247,1854.0662
1789.684608524445,25.204,1860.4238
1840.90302928,25.277,1912.28
1821.75231744,25.169,1898.7551
1896.8905382222224,25.24,1967.2471
1896.3639904177776,25.187,1969.3201
1912.1178035555552,25.258,1981.5356
1870.764771555556,25.256,1945.5293
1843.054106337778,25.133,1917.8456
1927.0908636800004,25.236,1995.2351
1842.3351003200005,25.242,1929.3999
1862.132688995556,25.315,1941.5032
1847.4246634133333,25.319,1931.6482
1877.3509392,25.275,1955.8225
1912.5113741333328,25.335,1986.7145
1925.5085304,25.39,1995.3481
1706.5089764799998,25.387,1805.258
1638.4299532799994,25.453,1722.3787
2131.78116184,25.286,2170.9077
2380.5600864,25.401,2335.4126
2423.81397847111,25.436,2350.6077
2418.382744088889,25.448,2362.354
2445.6673286044443,25.285,2410.6028
2395.83350216,25.322,2432.1401
2411.51265112,25.432,2461.0396
2406.3626754844445,25.372,2442.1487
2417.662010035555,25.501,2452.557
2394.3997298666663,25.475,2450.4568
2423.982310559999,25.428,2464.8005
2377.276570817778,25.382,2451.6365
2391.01652736,25.417,2457.1304
2406.8752092,25.513,2466.222
2370.1031424000003,25.495,2453.467
2384.481208675555,25.558,2458.5776
2370.4563708,25.472,2454.93
2408.9961644088885,25.408,2469.9722
2385.1628791111107,25.509,2460.3542
2402.7552592,25.433,2467.1416
2390.541866035556,25.391,2461.9873
2423.287396897778,25.462,2483.293
2412.866815004445,25.429,2471.5288
2389.8680032,25.478,2449.5947
2385.3191720088894,25.604,2444.373
2428.6042187911107,25.578,2469.7266
3645.474821315556,25.548,4011.3677
4445.124161955554,25.562,4305.511
4124.266409244445,25.72,3682.847
3440.815521831112,25.611,3137.4155
2944.745856,25.486,2983.0366
2878.8792143644446,25.749,3034.497
2962.965934524444,25.73,3102.1665
2969.0352716533343,25.598,3045.1367
3058.3824743911114,25.675,3085.2798
3081.899376639999,25.722,3092.471
2950.4050513422226,25.743,2979.4966
3011.0017294933327,25.778,3047.9438
3007.0776681600005,25.861,3038.1436
3025.0314172799995,25.644,3026.9705
3349.8650770488894,25.728,3437.026
2893.385296168889,25.805,2926.7017
2927.6391109600004,25.971,2973.8816
2740.3141308799995,25.807,2849.4534
2974.293347324445,25.794,3017.4248
2955.186332426666,25.782,2962.9878
3063.2503598666663,25.839,3069.8735
2878.8281546400003,25.95,2901.3127
2840.59800544,26.02,2894.6313
2862.541243697778,25.95,2924.675
2996.1583768355563,26.097,3032.3555
3065.74477104,26.088,3074.4512
2958.924653226667,26.187,2965.4307
2879.792183057777,26.38,2928.7905
3003.4889808000003,25.879,3039.9146
2958.8713635911104,25.993,2975.8806
2926.7789789333324,25.902,2944.7776
2992.12005672,25.755,3006.233
3027.669431235555,25.834,3036.1453
2974.4931264000006,25.756,2981.3235
2884.671072533333,25.57,2907.556
2990.7147690666657,25.63,3015.531
2864.21073448,25.784,2901.1184
2973.74777832,25.646,2990.732
2950.5165422400005,25.711,2963.729
2889.1238848,25.825,2910.5745
3009.614317226668,25.894,3036.995
3054.8182671466666,25.931,3068.0762
3145.4640699733327,26.229,3177.05
3315.2384956444453,26.084,3365.0615
3329.7570102222226,26.339,3341.099
3248.3030628533324,26.396,3259.4531
3256.4256706933324,26.263,3293.1616
3151.278300613333,26.123,3186.932
3207.88085048,26.111,3257.6812
3186.483051973333,26.125,3227.6216
3140.33208384,25.88,3164.8672
3148.77611328,25.633,3166.48
2836.4161046666663,25.574,2931.285
2781.154495253333,25.904,2898.597
2884.5953696711103,25.686,2955.3547
2842.348808213334,25.723,2876.5996
2841.920320604444,25.836,2861.816
2697.1962435911114,25.832,2716.1953
2994.3453834133325,25.81,3011.1943
2885.19810824,25.702,2870.2166
2801.7577071466667,25.814,2798.4062
2846.250260693333,25.926,2866.8418
2722.682911911111,25.772,2742.5127
2677.248048000001,25.844,2684.3755
2613.513052337778,25.925,2585.665
2616.2889784355552,25.892,2586.3208
2669.9188250666666,25.888,2675.4092
2584.758107519999,25.951,2517.3335
2563.737286257778,25.986,2498.1348
2696.6510483733337,26.042,2725.5398
2614.4454183466664,26.11,2591.5437
2541.32368464,26.132,2484.7166
2700.1980532799994,26.187,2741.6675
2578.8374315199994,26.223,2557.8315
2667.0428568888897,26.468,2706.1736
2782.352189244444,26.586,2827.1392
2898.643614044444,26.409,2913.441
3046.449040453333,26.584,3078.3533
3038.5168961333325,26.199,3019.2795
3032.655653377777,26.107,3018.8342
2998.6987765777776,25.978,3006.9841
3019.8328947911104,25.993,3039.5999
2978.8328489866662,26.111,3012.0781
2937.7693002044443,26.158,2984.5332
2959.64315504,26.112,3003.2375
2887.2031104,26.014,2933.6116
2312.969274,25.89,1954.7192
2770.342798595555,26.113,2866.235
2667.81529344,26.195,2726.7175
2849.090077528888,25.898,2839.7966
2880.5369221333326,25.901,2861.8245
2758.584613546667,25.406,2730.1536
2774.1934032799995,25.545,2771.0557
2695.0885292799994,25.336,2693.775
2574.623335022222,25.39,2532.7773
2546.0999120355546,25.503,2505.544
2648.9095411199987,25.787,2672.3723
2780.3839812,25.872,2803.2769
2872.0171502399994,25.874,2861.9128
2770.044630951111,25.944,2773.7178
2908.7181312,26.008,2927.2947
2778.2034308888888,26.017,2804.255
2722.9102114666666,26.077,2762.755
2817.9578564977774,26.092,2864.793
2794.7126994844443,26.107,2829.1572
2819.037453697778,26.078,2842.9143
2741.8941527377774,26.089,2775.5767
2541.199659662223,26.06,2517.496
2706.3547342222223,26.07,2761.8987
2543.488669822222,26.111,2540.1113
2547.2919957333343,26.054,2528.123
2606.973722142221,26.023,2620.9912
2593.93942592,25.934,2582.2551
2559.53775928889,25.955,2532.2444
2631.1958084533344,25.816,2636.4673
2692.309449866667,25.837,2708.3755
2590.75191296,25.816,2569.6274
2707.6205680088883,25.802,2730.9885
2510.2507291733327,25.774,2476.8286
2617.3033096888885,25.784,2630.5093
2240.316111573333,25.788,2268.6616
2092.223622826666,25.808,2230.6548
1197.8133222133335,25.854,1595.696
1447.7075353600003,25.868,1663.0022
1749.2510905600004,25.929,1946.685
1829.062313066667,26.024,1965.1863
1827.047329288889,25.935,1915.8782
2043.8254306222216,25.898,2049.2346
1938.590460551111,25.875,1959.8384
1856.1655120711107,25.885,1889.3896
1954.070738702222,25.836,1964.1783
2055.729237599999,25.886,2046.2214
1962.2490489066668,25.86,1976.7051
1914.2210708533328,25.859,1930.6516
1970.7237952266664,25.81,1972.3907
1934.732516373333,25.82,1948.7407
1832.82434312,25.83,1865.0957
1832.19519728,25.823,1857.4095
1585.9128288000002,25.83,1639.0924
1455.104887608889,25.854,1497.6611
1988.3014416,25.846,1999.6511
1910.8063654666669,25.862,1961.6423
1946.0748666666664,25.897,1975.5469
1876.937153866667,25.874,1923.9844
1930.688715217778,25.916,1976.4744
1876.4976017066665,25.922,1962.7784
1881.5356032,25.96,1958.9235
1906.8567504000005,25.982,1973.9038
1847.6296184444443,25.97,1920.9575
1842.977400888889,25.946,1910.9878
1876.6490516800004,25.984,1936.6016
1836.171129955556,25.952,1906.9298
1838.2939517688887,25.986,1908.0654
1793.6615368,26.013,1863.4064
1740.7363141333328,25.982,1806.7926
1731.7530537599998,25.928,1797.7358
1683.6819039288891,25.93,1751.4873
1687.4979315999997,25.956,1749.2874
1657.4430207999994,25.963,1720.8254
1606.2576947199998,25.965,1667.8992
1615.7607654222218,25.984,1673.2373
1646.8280756622228,26.02,1714.9755
1610.5555159377775,25.99,1676.0865
1543.967746666667,26.005,1585.85
1425.1983584711109,26.02,1467.7576
1425.1983584711109,26.02,1447.829
1395.8500640000002,26.04,1420.111
1432.7731999999996,26.005,1443.5851
1413.2661471999998,25.986,1431.512
1338.8201746666664,26.054,1367.1005
1353.740955893333,26.012,1365.3768
1371.2624562488888,25.986,1380.3148
1396.2565482666666,25.963,1402.9205
1435.18253104,25.976,1440.2286
1382.8248632533334,26.019,1402.5337
1373.835565235556,26.068,1388.4678
1402.831384702222,26.074,1411.1768
1465.9542773333333,26.101,1476.6509
1037.77826912,26.093,1173.2047
1082.0756303377773,26.063,1156.2325
1129.4142852266666,26.06,1178.9407
1222.3662260266665,26.048,1237.1388
1202.49552072,26.195,1239.4391
1177.643492088889,26.166,1221.7651
1245.1766237333334,26.197,1259.6815
1236.3824842755555,26.107,1261.3755
1278.2179514311113,26.118,1293.0918
1260.1366071466666,26.052,1287.5703
1233.3073041066664,26.068,1268.9602
1251.512317048889,26.074,1277.7965
1283.2274333511111,25.996,1299.5115
1278.990788551111,26.05,1303.5596
1320.6822220800002,26.02,1335.5275
1333.514912213333,25.963,1350.3267
1305.2470475200005,26.01,1331.9905
1278.0982977777776,25.987,1306.6575
1297.06786864,26.002,1316.09
1312.665974595555,26.023,1331.3243
1276.8107622399996,25.964,1305.8685
1249.9554897599996,26.041,1283.5193
1277.8209038222217,26.001,1299.0742
1069.855026933333,25.915,1184.818
1303.1486790399997,25.951,1300.1581
1398.1141632,25.903,1400.877
1369.4224197688889,25.909,1395.4122
1335.827172835555,25.938,1368.4117
1290.9489436444446,25.921,1327.4135
1345.392382951111,25.904,1360.9246
1368.6371428888897,25.945,1387.772
1361.7007557688894,25.947,1385.8408
1380.795704693333,25.972,1402.5963
1315.2742055555557,25.972,1352.2745
1337.4476964,25.996,1360.6023
1347.096963102222,25.815,1365.9902
1366.5180344888888,25.954,1387.4977
1313.5705720977771,25.899,1345.3446
1342.8881217422222,25.855,1360.7928
1339.5925902577774,25.952,1364.3083
1327.9864048000006,25.824,1352.5309
1323.6736344444446,25.792,1347.3352
1310.6603098666667,25.817,1337.1965
1283.3925271199994,25.751,1314.1997
1331.0530833599998,25.84,1348.952
1317.0280976,25.815,1343.837
1313.508821608889,25.803,1342.4819
1350.341665422222,25.797,1365.6575
1345.938438693333,25.724,1364.2388
1379.6724606222222,25.719,1393.8843
1389.91435968,25.756,1409.6907
1465.0632083466664,25.823,1496.906
1446.6869719999993,25.772,1488.3821
1450.1976171288889,25.688,1488.857
1415.2746357066665,25.786,1453.5701
1424.795474666667,25.884,1459.1353
1449.7678008888888,25.8,1487.4302
1575.90252144,25.817,1609.0541
1673.8351334755555,25.799,1725.0562
1737.3123467555554,25.825,1801.147
1644.5426298666666,25.825,1714.2947
1563.255022222222,25.859,1627.0178
1764.4803936711114,25.879,1819.6332
1887.9709380266663,25.878,1959.7695
1853.1752024355555,25.815,1929.9907
1890.825046088889,25.762,1956.2422
1876.3803933866668,25.835,1945.6953
1820.4296098577768,25.761,1894.853
1872.1944648,25.87,1943.3538
1933.597917804444,25.965,2002.7992
1975.98404608,25.975,2038.769
2197.689945884445,25.991,2221.0564
2200.1561681866665,26.051,2223.6978
2163.520814151111,26.111,2189.595
2321.493190151112,26.172,2331.255
2175.687786737778,26.202,2220.0757
2077.748674773333,26.123,2122.042
2029.408421831111,26.142,2084.751
2075.6040126399994,26.086,2131.8337
2073.15609424,26.179,2133.1616
2232.94767248,26.288,2282.7563
2177.20566336,26.252,2225.0256
2244.563548444444,26.282,2285.8604
2280.5677048888883,26.213,2331.6152
2358.379618204445,26.087,2408.0813
2328.8401778488887,26.226,2405.8816
2320.933688568889,26.188,2417.206
2298.433914568889,26.254,2418.4683
2601.645828711112,26.258,2657.4333
2385.5058895111106,26.348,2459.1821
2384.2544075022224,26.153,2457.3281
3089.8916225955554,26.333,3464.0056
4589.255173440001,26.192,4405.0425
4531.698485946666,26.241,4233.369
4145.075175857776,26.309,3704.0874
3433.453184426666,26.22,3145.92
2945.1139892888887,26.171,2992.2505
3018.9986588444435,26.407,3181.1958
3033.633379155556,26.438,3153.8901
3062.253296159999,26.417,3112.9258
3233.923985840001,26.268,3274.7095
3200.0705943822218,26.361,3185.4526
3243.1209578666667,26.361,3233.5156
3216.85012704,26.382,3205.502
3257.370660444444,26.436,3257.8818
3298.672149475556,26.375,3304.6167
3326.264731875556,25.916,3296.8584
3368.663665546667,26.18,3365.0178
3339.194575102222,26.207,3342.155
3352.74867816,26.303,3376.5317
3392.561824373333,26.099,3410.556
3314.437308960001,26.244,3327.919
3282.7197252,26.016,3307.9143
3417.2455057777784,26.244,3489.4985
3381.1124686222224,26.052,3402.0212
3372.437436693333,26.175,3401.6157
3458.463404,26.246,3511.3362
3315.566915555555,26.267,3333.2317
3323.5293168,26.712,3400.406
3314.4905904444445,26.635,3392.7393
3322.0349735999994,26.466,3370.5005
3273.8081911111103,25.92,3276.4133
3378.574853066666,26.597,3439.7532
3357.7125615999994,26.781,3416.9302
3397.4563895999995,26.433,3425.9175
3346.407284888889,26.466,3360.1821
3296.5786926222227,26.331,3316.143
3231.0130645333325,26.325,3267.261
3268.8003347555555,26.417,3326.625
3353.9181308800003,26.414,3409.6938
3326.264731875555,26.486,3351.243
3328.527068106667,26.39,3352.3762
3359.817015466667,26.092,3371.1147
3378.07866,26.554,3415.1548
3284.9429,26.041,3288.016
2992.955566568889,26.336,3068.1326
3033.4965953600004,25.853,3113.6445
2988.6153036800006,25.641,3041.3662
3100.7255787733334,25.691,3112.8354
3235.556773333333,26.093,3274.8677
3122.18196048,26.146,3116.8486
3155.61506551111,26.162,3180.7866
3265.2861136177767,25.906,3296.5544
3245.3668125511103,25.701,3224.8564
3281.412215946666,25.891,3286.4436
3270.3277831111104,26.166,3306.246
3344.8405411911103,26.268,3408.2017
3323.6648511466674,26.562,3384.2183
3320.468948364444,25.936,3338.6636
3270.6243414933333,26.247,3303.0686
3426.165994444444,26.67,3523.46
3492.54512904,26.66,3549.5205
3451.02565368,26.87,3477.3232
3433.74185952,26.97,3479.8723
3563.695403573333,26.47,3586.9055
3524.1392747022223,26.646,3508.876
3495.16384,26.626,3491.472
3560.208789084444,26.643,3585.0024
3428.891184533333,26.763,3440.6982
3553.024991288888,26.813,3612.2139
3546.288356462223,26.625,3558.2314
3356.44671384,26.444,3340.534
3081.025309706666,26.164,3138.2236
3091.60033536,25.922,3173.2568
3104.0370771200005,25.821,3158.6868
3090.1660868088893,25.877,3113.5942
3106.000554026667,26.11,3128.931
3076.0795322133345,26.005,3088.396
3063.945424906666,25.785,3062.0864
3027.15191952,25.341,3010.2427
3096.127304106667,25.674,3088.0142
2992.5842031111115,25.778,2994.911
2986.3161383999995,25.734,2993.8892
2654.9204604,25.806,2705.7126
3130.20912463111,25.842,3265.8298
3071.373285600001,26.034,3075.0535
3167.378393911111,26.029,3162.7192
3015.238702666666,26.0,3018.404
3097.394844968889,25.738,3119.6138
3045.143895022222,25.932,3074.2737
2986.1156140800003,25.771,3014.9683
3028.30809408,25.843,3063.693
3010.357549511112,25.866,3039.298
2971.897507537779,25.907,3001.334
3030.927600355556,26.012,3070.168
3075.1604443644446,26.079,3110.0771
3347.415453902221,26.052,3425.634
3470.5100312533323,26.009,3474.8364
3432.805482,25.927,3379.13
3462.1894969688883,25.654,3426.0522
3510.357667146668,25.382,3475.31
3412.460123519999,25.445,3383.7202
3385.393693013334,25.404,3395.982
3412.476814666667,25.498,3452.9517
3388.634099697778,25.399,3416.4536
3278.178448924444,25.293,3302.5198
3273.2978942933323,25.379,3323.9995
3221.223291306665,25.353,3269.3726
3329.112187466665,25.402,3386.2688
3297.7614700799995,25.467,3324.7212
3281.789474986668,25.469,3307.1963
3276.217321866667,25.591,3319.0442
3195.045023333332,25.607,3235.7224
3224.8003761422224,25.715,3285.078
2986.536143875556,25.768,3057.3484
2600.539845199999,25.828,2787.456
2898.3519381777774,25.88,3004.4004
2894.4832869333327,25.993,2945.134
3015.507617137778,26.015,3012.7134
2932.626579057777,26.075,2935.7952
2955.0148936,26.102,2969.869
2996.0429163466665,26.18,3023.5632
2913.6418867200005,26.332,2950.2935
3040.97713319111,26.387,3088.2598
3043.2936626666656,26.43,3074.6274
2933.572608657777,26.451,2969.5188
2816.894112044444,26.548,2894.9326
2626.87510008,26.542,2712.4827
2721.434569244444,26.666,2813.1807
2677.4936002222216,26.704,2747.689
2692.2077822222213,26.689,2735.6199
2671.177632595556,26.762,2704.977
2709.6970973333323,26.92,2754.3835
2648.054239208888,26.924,2675.3215
2562.77455736,26.897,2539.5952
2659.150278062222,26.897,2695.3823
2584.30263624,26.879,2578.1143
2589.126652435555,26.886,2582.2124
2347.8118156000005,26.898,2316.18
2200.047391608889,26.857,2116.697
1386.7960706133338,26.879,1809.9154
1608.6407000000006,26.91,1899.2966
1800.2619479288894,26.909,2043.5278
1894.3850857866664,26.892,2069.11
1978.7381830933327,26.912,2073.8447
2096.9625286133337,26.898,2119.2837
2054.061602942222,26.897,2065.5107
2098.774555546667,26.956,2086.155
2091.856813511112,26.942,2079.1995
2198.828474453333,26.982,2175.7585
2178.3261313955554,26.988,2165.0933
2168.099929048889,26.961,2152.4946
2277.4477856,26.946,2276.5337
2246.61890584,26.91,2259.4026
2175.049421991111,26.912,2180.7476
2207.065074417778,26.918,2227.145
2037.7612461600004,26.918,2050.1973
1920.561057475556,26.952,1946.2844
1871.390546328889,26.952,1903.1587
1921.8941763555547,26.959,1948.7511
1643.6127091911112,27.014,1718.0032
1447.6999408533334,26.969,1531.3385
1647.3618546666669,26.946,1690.4154
1782.0915539200005,26.977,1877.8582
1825.088699964444,26.968,1915.5925
1811.2982892088885,27.02,1886.7612
1830.664648008889,26.987,1890.9778
1830.24822288,27.017,1884.9827
1818.7457312000004,27.057,1870.3792
1805.663221155556,27.033,1857.3855
1787.176640888889,27.053,1837.1993
1850.132024693333,27.031,1895.366
1838.3179335022216,26.962,1883.729
1809.831083386667,26.86,1854.6313
1776.7405334577777,26.862,1821.4147
1699.4260545066666,26.869,1742.679
1672.3333715999995,26.758,1710.3503
1670.6484915200003,26.868,1712.0724
1673.1310148800003,26.846,1715.7866
1604.8536402133336,26.901,1654.2837
1638.1641560266664,26.852,1683.2772
1676.3970894133329,26.835,1727.9604
1592.5055872000005,26.764,1646.9596
1602.168194942222,26.828,1659.2384
1587.4289040266665,26.834,1646.7273
1599.0366020977774,26.799,1646.344
1612.4286773688889,26.769,1655.9363
1660.801334471111,26.83,1708.4443
1643.307870444444,26.773,1693.8027
1584.9616046133328,26.684,1629.8141
1630.7154925333332,26.547,1669.1017
1556.5888060088892,26.538,1601.0265
1537.67934144,26.561,1573.9153
1544.62179648,26.529,1576.8997
1569.9773250666667,26.401,1600.3477
1516.3655052,26.501,1554.2628
1468.3375900266674,26.393,1498.257
1712.063991306666,26.326,1745.6481
1072.3412182933334,26.3,1221.8267
1054.2689659911111,26.247,1152.8744
1132.8386345422225,26.25,1182.8405
1229.4943494044446,26.269,1245.011
1288.553439217778,26.29,1297.7515
1320.3322087111112,26.31,1330.0372
1341.8611073600002,26.31,1352.1527
1327.7347066399998,26.246,1345.3922
1294.953747555556,26.21,1318.0718
1348.0064978488897,26.252,1355.449
1373.4566328888886,26.272,1382.3956
1382.691955893333,26.221,1392.9165
1350.831535555555,26.182,1367.4788
1402.7654666666672,26.19,1408.039
1366.9483199999995,26.216,1386.372
1328.2322586133332,26.174,1349.666
1273.2857653333333,26.174,1303.7338
1321.9916247199997,26.125,1331.1466
1348.7168136177772,26.121,1357.9036
1337.2004207999996,26.08,1353.1414
1301.706584462222,26.09,1326.6106
1267.94844456,26.134,1297.0531
1284.0312679822227,26.15,1302.1224
1338.7847871999993,26.141,1359.9171
1266.6560579466666,26.142,1313.0618
1385.9730040177776,26.014,1392.7544
1416.4688445155557,26.066,1435.085
1363.6955585599997,26.03,1394.903
1361.9667265244448,26.0,1385.9513
1418.3115172977775,26.055,1433.8341
1424.5252816355555,26.074,1451.4181
1404.47397216,26.137,1434.3662
1383.3387512177778,26.178,1411.65
1415.858873582222,26.163,1435.2213
1400.9991313688884,26.239,1427.5476
1397.136435093333,26.252,1422.4928
1401.800590533334,26.271,1424.867
1347.1247711999997,26.212,1379.8433
1357.1670215999998,26.164,1381.33
1314.1374108444445,26.172,1348.5245
1317.3351057066664,26.165,1343.59
1322.3276472888886,26.128,1345.865
1297.4306140444442,26.164,1328.8342
1300.9436462844442,26.178,1329.0011
1243.421988773333,26.202,1288.059
1243.421988773333,26.202,1279.819
1343.6478425599998,26.208,1350.8185
1315.6100441422225,26.244,1344.3557
1338.9645191999998,26.105,1355.8662
1389.586265813333,26.221,1403.3296
1342.8104393244448,26.149,1371.828
1247.9240349155557,26.221,1295.5073
1279.2443579733335,26.238,1302.6407
1240.3427062666672,26.282,1277.69
1299.3720911022224,26.136,1312.3252
1331.415105644444,26.154,1345.7659
1341.8009288711112,26.262,1361.1743
1434.126983111111,26.226,1440.9172
1571.159825386667,26.171,1596.1455
1577.1273493155556,26.196,1622.2856
1471.2354520888885,26.152,1529.3171
1428.2615809599995,26.171,1479.4677
1661.528031644444,26.258,1695.4623
1688.5022567822216,26.24,1751.478
1763.8420242666666,26.249,1830.6033
1837.2884900888887,26.183,1905.2482
1774.4072848888884,26.13,1847.4614
1762.43820032,26.128,1833.5869
1780.820427733333,26.31,1855.6433
1806.99689664,26.286,1880.8787
1876.4718535111112,26.349,1949.065
1995.8316220266663,26.342,2052.9575
1922.4038338933333,26.176,1987.8278
1968.7987286844448,26.13,2022.3347
1999.412652,26.273,2055.3591
1931.7411820266664,26.506,2004.0289
2002.127154817778,26.479,2060.9473
2021.524404,26.07,2073.8093
1998.5290610755555,26.198,2056.8403
1995.1624111466665,26.154,2053.626
2003.8867037333328,26.385,2062.658
2056.427324373333,26.425,2105.2615
2015.6749139822225,26.312,2070.4412
2111.379645697778,26.227,2152.7375
2241.567717013333,26.375,2274.6191
2109.576732871111,26.271,2151.0203
2070.375841066666,26.303,2109.683
2348.702402506666,26.342,2367.3022
2357.319265777778,26.394,2392.082
2335.333876960001,26.424,2388.3853
2405.232027875556,26.424,2492.4155
2419.436144782222,26.451,2453.709
2349.2974452622216,26.379,2441.769
4453.44053568,26.612,4395.759
4467.157551502222,26.417,4233.358
4024.7117936355553,26.151,3473.3867
3361.0852841066667,26.034,3054.8286
2845.360400400001,26.097,2907.819
2977.063851768889,26.062,3099.233
3058.0931017955554,26.346,3143.413
3115.914648000001,26.226,3116.4414
3236.5473988266663,25.717,3189.7107
3142.3252680533337,26.185,3095.6865
3076.0464852799987,26.034,3067.3655
3065.1310412800003,26.36,3090.483
3156.156730133332,26.309,3170.5962
3139.099754613333,26.051,3106.3247
3111.131650524445,26.322,3090.9304
3166.3712810488887,26.349,3188.349
3118.09836327111,26.194,3119.7036
3147.9072933333337,26.33,3177.3691
3142.22125056,26.314,3177.4019
3176.600524924444,26.109,3197.2043
3259.3898303999995,25.929,3266.695
3265.630358328889,25.943,3260.6084
3257.936953066667,25.985,3266.8691
3236.364135066667,26.1,3270.549
3292.173700595555,26.323,3354.192
3283.396750666667,26.374,3330.6938
3319.173083555556,26.191,3349.5232
3279.523810773333,26.35,3308.888
3274.1102794400003,26.149,3303.2766
3269.6252062400004,25.989,3291.3145
3245.2870446133334,25.891,3261.1016
3239.5240472,26.471,3298.9856
3286.2965061155555,26.402,3353.5552
3311.427785991112,26.019,3330.3555
3331.213852488888,26.181,3345.8577
3391.8363533599995,26.05,3406.7612
3316.6314704622223,26.264,3328.8867
3010.7075069866664,26.35,3083.301
2872.9421220266668,26.07,3005.6113
2997.9085775911108,26.108,3094.12
3056.6591909333333,26.4,3113.9758
3194.576507946667,26.562,3252.39
3112.054438977778,26.336,3109.788
3089.783000888889,26.323,3100.461
3233.973475893334,26.206,3275.9478
3391.9198265600003,26.228,3424.209
3841.1270149333327,26.213,3861.1592
3827.5515443200006,26.304,3714.321
3805.727408933334,26.364,3702.631
3831.10606688,26.371,3780.7334
3832.238563626667,26.358,3799.9204
3760.9203377777776,26.135,3724.9165
3694.47440832,26.259,3700.071
3734.220779466666,26.338,3777.772
3732.13883431111,26.252,3756.4229
3796.138416204443,25.797,3788.8738
3754.13243712,26.043,3743.8462
3802.146796995556,26.334,3837.6492
3725.381810062224,26.3,3745.5498
3742.740760960002,26.331,3782.188
3762.120190648888,26.428,3803.7703
3649.7181116000006,26.569,3677.2102
3681.0568224,26.248,3717.159
3652.472580480001,26.093,3662.4756
3657.470196711112,25.996,3665.7734
3647.9341198311104,25.996,3660.7605
3522.0705529777774,26.02,3533.4683
3447.9766851555564,26.077,3498.3132
3497.947953306666,26.104,3578.7656
3345.6599991733324,26.321,3405.601
3331.629233111112,26.012,3394.2937
3361.431936888888,26.057,3426.5708
3361.39121976,26.206,3416.8684
3259.5879839111108,26.146,3297.1016
3706.748980231111,26.17,3823.141
4430.762975466666,26.13,4264.799
4538.698218844444,25.926,4289.445
4174.889391333332,26.124,3995.955
3861.4759307911113,26.25,3815.1587
3667.5820878755535,26.098,3725.775
3618.499408444444,26.387,3745.6006
3607.44471552,26.002,3707.4417
4094.04976992,25.892,4128.8496
4160.9166879644445,26.282,4109.183
3810.857544764445,26.139,3723.812
3907.002688,26.124,3947.3706
3871.0690072266666,26.152,3899.9536
3771.1487246222223,26.257,3798.7256
3773.701750435556,25.99,3813.2283
3831.6084326666673,25.96,3863.3408
3766.130458133334,25.972,3772.3286
3512.7807828800005,25.977,3518.6357
3795.3167492711104,26.156,3910.603
4191.129845599999,26.189,4178.562
3882.3245272266654,26.124,3793.646
4025.728067182223,26.407,4039.8828
4076.9842648444446,26.006,4053.727
4013.562184515555,26.106,3988.5146
3992.8220013511113,25.822,3983.8599
3969.43446888,25.874,3977.0317
4065.66340088,26.151,4092.324
3978.087675626668,26.062,3988.4253
3942.756157022222,25.757,3950.4634
3961.763063466667,26.107,3999.6155
3948.812884382221,26.057,3981.476
3817.18619552,25.96,3840.9658
3242.141441173333,25.796,3280.7747
2920.5394664,25.998,3123.5645
2951.473892568889,25.918,3167.103
2755.678737777778,25.775,2974.2754
2853.871051199999,25.731,2969.2175
2912.932244,25.825,2957.9363
2953.759946204445,25.796,2944.7412
2923.220708026666,26.189,2922.9888
2850.4905944533334,25.928,2863.7275
2827.527791928889,25.909,2842.9905
2879.36775936,25.815,2884.2812
2922.016682951112,26.043,2919.9993
2937.398493351111,27.234,2999.399
3007.256886639999,27.343,3128.236
3392.84223424,27.546,3636.9219
3894.542657351111,27.589,3936.853
3876.80232528,27.624,3746.1484
3233.102711324444,27.666,3164.8115
2580.3147552000005,27.653,2878.1294
2783.353520639999,27.678,3086.3066
2935.793298533334,27.69,3148.9949
3007.7657430400004,27.65,3086.6802
3055.5191485866662,27.721,3092.1
2877.498008586667,27.683,2961.8687
2981.853766044445,27.605,3037.8262
3034.314810880001,27.617,3081.832
2999.146595128889,27.624,3025.1072
2918.9459824,27.593,2969.0098
2915.5781004888886,27.533,2971.3748
2795.8997341511104,27.507,2883.4124
2799.8876908800007,27.468,2872.9146
2741.0507118577784,27.458,2812.3145
2706.850403288889,27.431,2757.9436
2754.821685706668,27.43,2787.8906
2565.438674666667,27.439,2533.7378
2750.075612764445,27.404,2772.1099
2707.204604,27.363,2711.8384
2550.855239982222,27.348,2470.2522
2568.0528920355555,27.203,2500.2795
2593.02716288,27.16,2546.6016
2598.997686417777,27.101,2551.1902
2712.215238719999,27.111,2701.3813
2562.777662933333,27.148,2501.312
2495.412912284445,27.162,2421.4097
2507.914631208888,27.158,2456.4487
2399.6107608177786,27.153,2338.6956
2625.472744497777,27.199,2639.8481
2382.702461564445,27.213,2339.6665
2418.8239835288887,27.244,2375.129
2510.7503981066666,27.233,2496.0344
2500.60636944,27.247,2479.242
2419.9327360888888,27.243,2398.5557
2384.327740719999,27.298,2382.9985
1027.1701394755555,27.31,1508.0216
1496.5973897777774,27.338,1707.4597
1616.6914336711106,27.347,1849.632
1907.657287324444,27.313,2052.155
1673.3621990222218,27.397,1822.9431
1770.5158990311115,27.352,1840.2175
1815.3783884266663,27.387,1867.265
1734.435371333334,27.412,1796.5593
1670.735629226666,27.386,1727.2383
1743.9541795022226,27.435,1781.5498
1737.96911904,27.435,1776.2263
1712.91323112,27.417,1745.0979
1805.5260659022224,27.404,1827.3862
1703.1907173688885,27.412,1738.9683
1754.03841744,27.397,1774.617
1740.7441392000003,27.397,1766.6672
1640.5154267022222,27.384,1666.5505
1703.2865231999997,27.397,1721.1328
1695.8526632888886,27.349,1717.1378
1669.0817128888891,27.369,1686.9272
1665.5842189955554,27.357,1681.1606
8.009577546666753,27.371,877.73413
-305.95798272000025,27.266,835.5554
206.9322868888896,27.252,870.59326
160.53985023999928,27.245,866.11523
2441.05783335111,27.272,2368.3352
2399.92112136,27.225,2326.8616
2425.697539555555,27.248,2308.2441
2334.607559395556,27.219,2275.7893
2280.7611423999992,27.238,2273.4268
2149.076644693333,27.197,2153.747
1902.2456412266672,27.177,1926.2583
1876.4620256,27.17,1903.702
1879.8180080533327,27.142,1914.9692
1737.2919957599995,27.129,1790.5149
1686.2543154133334,27.052,1729.8859
1658.409112613333,27.072,1705.5437
1486.325478328889,27.114,1549.0266
1590.254901235556,27.051,1621.2465
1587.3627228266664,26.982,1631.918
772.7290292800009,26.912,1076.7477
69.26150488888854,26.752,877.7628
923.8127755199996,26.771,1003.59607
958.4673466755554,26.681,1098.594
1094.9263868266669,26.674,1203.6672
1209.527017333333,26.687,1275.2887
1218.604227413333,26.673,1283.1345
1171.2866152,26.701,1241.1777
1226.3210496533327,26.711,1240.9169
1238.499869297778,26.73,1251.0425
1200.5395323555556,26.695,1226.3191
1220.18045784,26.75,1233.6224
1200.7260879999997,26.721,1221.6903
1200.9413635022224,26.748,1222.4574
1235.776868364445,26.789,1247.6798
1226.7221728177778,26.767,1245.0814
1208.6569258133331,26.779,1234.2206
1206.7771352,26.792,1234.3589
1218.688402773333,26.763,1242.1736
1206.324651884444,26.804,1238.5591
1217.3291386222222,26.809,1247.3444
1205.8282235999995,26.857,1240.2556
1205.18702576,26.864,1245.6206
1261.9995622222225,26.841,1302.0427
1027.949198222222,26.862,1179.5333
1261.2931520000002,26.867,1273.7128
1221.3717974577776,26.851,1269.3628
1213.0009626666665,26.736,1259.0905
1160.3584298488893,26.682,1224.1832
1207.761695102222,26.131,1239.6146
1205.1425765866666,26.159,1247.697
1136.1275403377776,26.123,1207.1471
984.2539700622224,26.117,1124.98
1033.7411332444444,26.213,1134.8887
1246.1075388444442,26.171,1248.248
1202.3939520533334,26.223,1248.2222
1208.2421763200002,26.317,1251.3177
1220.703558888889,26.304,1257.3624
1153.5025722133332,26.271,1218.5725
1190.2911659733331,26.324,1234.1056
1220.7192847111112,26.342,1255.3086
1192.2737944977778,26.352,1241.7148
1183.3724027199996,26.345,1233.758
1207.3484058222225,26.329,1246.2412
1200.0578832,26.385,1245.3485
1226.3681537599994,26.316,1259.7367
1220.4381016533334,26.328,1259.9067
1240.463843422223,26.335,1275.8634
1211.757872808889,26.335,1255.2992
1230.0183168,26.237,1263.7941
1196.2314221066663,26.229,1245.9348
1199.3714082666663,26.184,1245.2202
1214.4584931200002,26.044,1252.1017
1221.0360625066664,26.018,1259.4111
1209.36069624,26.003,1255.7601
1233.4472889599997,26.025,1272.4166
1790.8497644444456,25.954,1817.9741
2597.652808977778,25.994,2436.031
2625.83585088,25.925,2416.9685
2559.155399982222,25.868,2406.917
2515.24049472,25.917,2442.2651
2505.491777475556,25.849,2479.9954
2487.11158784,25.859,2493.3845
2471.745121324445,25.837,2453.304
2506.497361422222,25.892,2500.9258
2458.985601386666,25.831,2473.128
2368.8001628355555,25.75,2438.6897
2356.8034005866666,25.737,2439.6758
2396.468819555555,25.801,2455.919
2366.7440089599995,25.837,2447.0422
2380.7619638044453,25.815,2451.4026
2342.118506693332,25.69,2443.9407
2314.8217362666664,25.815,2440.9966
2274.3297969600003,25.838,2496.759
2069.584587093333,25.852,2205.3923
2037.417004942222,25.856,2148.9712
2135.237184044444,25.878,2249.6533
2076.3053831466664,26.354,2185.5066
2125.3244466488886,26.234,2198.6257
2235.234368888888,26.332,2274.4004
2488.029994488888,26.171,2472.3572
2494.465764817777,26.123,2495.49
2461.8976370666664,26.062,2473.6365
2383.7982631733325,26.208,2439.5676
2555.8663008888884,26.415,2622.7275
2432.388101973333,26.36,2489.5203
2436.860602666666,26.452,2491.4175
2473.026798542223,26.559,2535.0725
2457.088521102222,26.379,2511.6638
2443.701550755555,26.166,2492.4766
2495.983224568889,26.684,2554.593
2495.5766541333323,26.666,2551.3013
2485.680420408889,26.473,2527.9604
2488.9602901155554,26.186,2523.1897
2480.7764057155555,26.505,2525.1985
2480.7764057155555,26.505,2527.8281
2485.445705671111,26.244,2523.4302
2405.7718992533346,26.477,2462.5652
4601.348491422221,26.403,4394.111
4624.185623608889,26.536,4326.9683
4529.739327964444,26.586,4265.8594
4462.924162488889,26.445,4340.1313
3753.8420596088886,26.501,3487.1829
3592.253744755555,26.521,3591.1123
3375.6423743999985,26.718,3467.9497
3189.155612666666,26.398,3287.4958
3047.547673991111,26.118,3151.706
3110.3084278933325,26.109,3212.2585
2872.189094435554,26.376,3002.1338
2968.818136533334,26.162,3050.1904
3086.978848657777,26.001,3103.2568
3211.5537423111105,26.189,3180.7744
3170.4409352,26.308,3118.161
3090.7597764800003,26.217,3058.0547
3002.737983999999,25.946,3001.0134
3037.0505869333338,26.076,3044.6584
2839.829248533333,26.343,2903.4175
2752.2928128000003,26.084,2830.601
2676.269076266666,26.271,2753.7368
2937.1951417600003,26.295,2980.859
3123.7854097955565,26.148,3153.0615
3084.1046189955555,26.352,3049.9822
3097.165677644445,26.216,3088.223
3086.24145024,26.081,3091.7417
3063.60873511111,26.206,3083.9414
3073.511256835556,26.172,3101.3044
3063.8170449066665,26.189,3090.067
3106.432312559999,26.22,3139.0261
3093.6441414666665,26.311,3127.8079
3042.7168784,26.352,3083.2192
3090.761809599999,26.582,3155.2036
3226.448181475555,26.517,3293.009
3253.8638195555554,26.527,3273.0054
3282.5090457599995,26.734,3308.9287
3213.130284808888,26.639,3232.8005
3235.501527431111,26.578,3270.5928
3178.8871025599988,26.625,3216.2688
3181.539709333334,26.634,3226.77
3160.899884977777,26.624,3204.418
3151.985323333334,26.63,3193.6606
3235.8655513955573,26.576,3279.0347
3144.8318581511103,26.499,3160.0503
3047.557131608889,26.405,3081.7734
2978.93964368,26.219,3033.6523
2910.80088448,26.357,2983.134
3022.599068666665,26.378,3065.8613
3019.573186417777,26.349,3033.1323
2985.4414892444443,26.299,2989.4563
3054.302343733333,26.386,3066.6902
3001.6550751199984,26.41,3013.4302
3084.5746854222216,26.348,3099.2542
3021.484045573334,26.336,3029.747
2910.011933777777,26.342,2943.681
2735.856937973334,26.383,2814.446
2816.189634800001,26.279,2877.039
2931.1364255288886,26.176,2951.72
3022.505623164445,26.237,3010.1528
2950.2376298488894,26.204,2932.684
2850.200512711111,26.259,2866.773
2768.123580577777,26.162,2808.2197
2841.276403786666,26.192,2879.3699
2790.511491057778,26.14,2815.0776
2855.9134075733323,26.169,2870.6038
2822.152149288888,26.184,2837.2124
2824.177573475556,26.213,2839.085
2805.606682773333,26.137,2822.1208
2780.2407091200007,26.075,2795.8975
2810.4894242311107,26.142,2827.7795
2752.357826062221,25.974,2765.262
2774.84840328,26.05,2791.3076
2781.170401564444,26.082,2800.4673
2743.705407644444,26.156,2764.9004
2750.6209314133343,26.226,2777.5522
2777.28912192,26.105,2798.3257
2707.339649279999,25.934,2716.563
2770.0379889600003,26.115,2791.2588
2755.112817777778,25.991,2773.6826
2788.468755075556,25.299,2777.0876
2657.741153564445,25.401,2630.8108
2756.8644962133326,25.095,2760.0803
2800.471319751112,24.799,2790.1362
3014.882709875555,24.677,2978.3462
3189.45854871111,24.438,3143.5486
3145.6924734222216,24.403,3067.4624
3118.1568323555543,24.546,3081.7317
2832.8508948355543,24.699,2877.49
2834.1815555733338,25.001,2910.7605
2939.643190577777,24.744,2985.4697
3004.194496728888,25.086,3014.5508
2959.9977144,25.126,2962.3164
2994.2694278666672,25.304,3007.8396
3132.505761902221,25.342,3163.8906
2868.298849733333,25.364,2894.7542
2930.297733253333,25.492,2974.4856
3108.001470151112,25.392,3156.4863
2948.451013422222,25.534,2960.4116
2863.9226229777787,25.707,2908.2532
2659.1392542666667,25.705,2734.274
2832.7385224533327,25.44,2888.3176
2958.355053582222,25.412,2972.1675
2644.880451555555,25.355,2633.396
2796.348003342221,25.444,2831.1191
2768.958192640001,25.262,2802.5115
2765.9148798222213,25.11,2780.3838
2498.7409504,25.209,2407.1843
2567.4624139022217,25.345,2525.137
2318.768469333333,25.312,2298.1116
2026.262216373333,25.299,2213.5955
2047.5480256,25.459,2218.7588
2032.2624739999992,25.403,2198.4692
1969.5717951999989,25.415,2130.4639
1909.3917226666667,25.412,2054.6873
1757.9938,25.449,1920.7036
1611.40290312,25.559,1769.9597
1587.916683982222,25.62,1706.4458
1551.373571413333,25.632,1650.7288
2592.3368289777786,25.676,2502.7678
2944.7872450133336,25.602,3248.9531
2933.17906136889,25.647,2815.9834
2781.018946933332,25.804,2713.741
2922.416043146667,25.742,2901.0178
2914.3861344,25.642,2890.326
2632.4085715200004,25.451,2627.479
2375.0089771199987,25.274,2444.8542
2562.0902238400004,25.242,2614.5488
2769.1962889244446,25.186,2810.0781
2678.835551413333,25.173,2690.304
2662.61626791111,25.096,2676.9285
2699.0366666666664,25.153,2724.3467
2322.0532960799987,25.153,2436.5718
2384.962847351111,25.073,2455.6152
2349.5057410844443,25.177,2447.6433
2565.418818560001,25.181,2611.4495
2856.5194834399995,25.168,2864.7266
2837.460588044444,25.154,2813.452
2790.8682756711114,25.156,2782.3352
2767.8319885511123,25.089,2784.777
2707.7002218311104,25.101,2747.4192
2690.4854827200006,25.086,2738.3333
2614.409437013333,25.107,2646.2502
2596.105395057779,25.13,2620.9377
2530.1400714133333,25.187,2522.9705
2363.837942222222,25.111,2377.6067
2366.2428460444444,25.105,2386.3267
2302.4669341333324,25.063,2371.1514
2308.102009173333,25.0,2384.2007
2381.501248622221,24.953,2415.5957
2376.75819392,24.846,2407.0393
2068.309441244444,24.981,2182.9531
2093.113582097777,25.03,2173.85
2108.124405155556,25.083,2178.6438
2098.367874488889,25.139,2150.0818
2134.3643176533324,25.111,2172.7046
1536.1085804088884,25.015,1701.3613
927.3205828977776,25.1,1191.1952
1214.7973511111113,24.96,1262.0975
1650.0075656,24.809,1630.7983
1733.8057923200006,24.8,1775.1863
1884.943229928889,24.758,1915.916
1757.5330852266666,24.822,1789.4348
1666.7886842311111,24.864,1690.0269
1323.0257084444447,24.871,1395.8882
659.7926390755553,24.953,1002.7511
549.6310873777782,24.912,926.5563
193.8398837244444,24.926,864.65283
723.6936961600002,24.872,925.5106
1306.8371080533336,24.878,1197.7993
1555.1675328622218,24.822,1494.4023
1656.4190083555557,24.85,1646.7882
1636.725134417778,24.842,1636.2764
-28.53873775999997,24.807,864.42224
48.36961906666643,24.753,841.1842
143.74586333333372,24.802,838.50525
1370.5955695999994,24.835,1131.8418
1782.653286577778,24.774,1758.2275
1782.6305892266664,24.836,1816.9053
1645.0565900266663,24.871,1685.3835
1497.313371733333,24.898,1560.3555
1395.3496032444448,24.85,1443.0573
1362.5901037066662,24.864,1379.8674
1468.0632189688893,24.885,1468.8569
1414.8513706311112,24.958,1435.3282
1402.8883202133334,25.0,1422.9467
1478.712001697778,24.93,1492.2715
1480.1208444000004,24.965,1519.8771
1392.9443023466663,24.861,1455.0085
1391.841365022222,24.889,1431.8014
1379.6761123200006,24.936,1418.4475
1394.098319191111,24.936,1419.8301
1715.6684126400005,24.991,1745.4573
724.5856769066665,24.9,1052.2413
969.10471552,24.903,1067.4828
1131.881653342222,24.909,1163.832
1310.0525700088892,24.93,1315.0822
1296.6389746400002,24.936,1331.7003
1245.1611762133336,24.915,1289.7478
1217.5497158399996,24.93,1247.8242
1217.5497158399996,24.93,1234.3954
1258.0241593688886,25.027,1262.1921
1249.5373866666666,25.058,1265.911
1259.5162586844444,25.08,1276.402
1243.49375232,25.053,1268.4198
1244.056954506667,25.075,1267.3403
1258.0408796266663,25.088,1274.5004
875.3220321066665,25.075,1078.4274
875.3220321066665,25.075,1044.7498
1076.2466531733337,25.075,1123.4382
1112.1256423199998,25.082,1162.8619
1099.4980504444443,25.131,1166.0164
1088.6127352799997,25.103,1159.0659
1111.0081377955553,25.122,1169.2303
1142.872412444444,25.152,1186.4553
1082.863829973333,25.141,1157.2612
1139.3845706311115,25.14,1198.7684
1104.98705408,25.156,1181.261
1094.6914473511108,25.022,1166.891
1136.3857675377778,24.986,1183.3003
1078.5970004444443,24.994,1158.8605
1079.6717023199997,24.986,1155.1238
1032.382442,24.991,1132.186
1066.8975488088888,24.993,1143.4468
1029.7406750399998,25.009,1127.936
1044.8092591999998,25.006,1131.7228
1046.8140948444443,24.984,1133.1906
789.0039871999999,24.978,1028.6813
1118.0263527555553,24.97,1140.6351
1185.177220577778,25.029,1211.2671
1167.8402392533333,25.008,1221.1523
1152.350244977778,25.004,1210.5824
1185.624840008889,24.976,1223.204
1175.146547084444,25.025,1221.2107
1170.606020711111,24.951,1216.7892
1212.1010765066665,24.962,1240.8984
1221.758907697778,24.886,1249.8093
1221.4288063288889,24.866,1251.3605
1209.9773953333336,24.857,1245.3602
1172.379714133333,24.887,1221.6156
1152.16872672,24.846,1205.7446
1192.987492977778,24.852,1226.2758
1160.0349728,24.932,1212.9603
1136.8053448177775,24.888,1197.2424
1223.1974670222228,24.942,1244.5791
1247.6662944533332,24.914,1270.1744
1138.660395644444,24.847,1208.1511
1040.6163672355558,24.833,1147.7784
1206.7296398399997,24.779,1221.0499
1215.363874293333,24.78,1245.4492
1234.5000305777776,24.733,1262.719
1215.0573482666666,24.679,1246.7345
1189.4104302666667,24.712,1229.1339
1239.839939911111,24.761,1257.6798
1261.1718634666663,24.704,1276.2943
1272.2494272444444,24.746,1288.4668
1244.42114848,24.751,1271.804
2331.5582613333345,24.737,2296.5942
2305.7918538666663,24.703,2278.4014
2305.7918538666663,24.703,2261.777
2441.61387304,24.793,2357.932
2427.3384117866667,24.841,2392.3328
2129.275427608888,24.845,2168.3699
1935.2465277688889,24.878,1990.0042
1827.4943536888889,24.899,1906.1948
1833.0095666399995,24.866,1917.0802
1955.7595359733327,24.983,2031.9106
1848.6860280622227,25.199,1944.7236
1955.4722826666664,25.068,2023.18
1922.0196708622225,25.148,2001.7897
1966.6363646666664,25.172,2036.012
2118.05643856,25.145,2158.9463
2226.7724698844445,25.096,2248.0078
1947.3515169777768,25.132,2023.3042
2201.9435252,25.199,2229.7146
2345.684148533333,25.286,2352.6245
2418.3501419733334,25.322,2399.105
2389.505094773334,25.208,2402.0579
2387.5348966933334,25.208,2422.2302
2390.531280071112,25.205,2472.8247
2396.4775296000003,25.266,2438.542
2394.9854745333337,25.252,2443.4019
2419.9466162666663,25.245,2455.226
2377.72223864,25.364,2445.3865
2406.9313296000005,25.352,2457.1353
2404.5095366755563,25.193,2460.7334
2403.1344116266664,25.298,2464.009
2457.0177228800003,25.07,2504.9492
2424.5315324266667,25.444,2483.6853
2415.844911946667,25.416,2477.4287
2483.53665024,25.833,2553.2903
2395.6516590222213,25.408,2465.6616
4578.399784497778,25.734,4418.4585
4390.9522908888885,25.697,4141.138
3807.003410648889,25.8,3350.503
3349.75754992,25.928,3209.9004
2873.052463617778,25.958,2988.997
2902.3237475555547,25.686,3068.502
2921.5793933066666,25.611,3054.8418
2975.395915520001,25.471,3042.3506
3048.541373617777,25.842,3077.6523
3148.3161134755555,25.485,3155.3772
3092.0874620622217,25.609,3083.5723
3135.814803271111,25.609,3135.3857
3080.8715960533336,25.546,3081.3489
3148.7324768888884,26.019,3173.8538
3218.902888888889,26.149,3276.2095
3149.4124542222226,25.873,3150.2207
3212.400703306668,25.994,3256.6514
3201.5208132888883,25.826,3235.0574
3227.585510666668,25.991,3267.0361
3184.348932720001,25.977,3223.8254
3076.4513695999995,26.033,3134.7139
2720.85278136,25.932,2871.9177
2804.785898488889,26.015,2938.8596
2944.6476584,26.244,3027.2117
3072.6620624355555,26.184,3093.093
3075.1774766933327,26.191,3058.984
3093.120997333333,26.342,3097.1492
2988.0236168533324,26.496,3021.1309
3039.4803236977773,26.552,3095.881
2998.051142853333,26.478,3045.3242
3075.854740871111,26.179,3095.9658
3061.302391031112,25.991,3058.4568
3065.7814195999995,26.069,3070.5085
2962.712680666667,25.85,2981.214
3034.0372376000005,25.952,3064.4216
3104.903780106666,26.042,3139.3906
3055.005449262222,25.963,3064.4102
3019.6904319999994,25.937,3039.213
3185.835391466667,26.108,3238.9104
3123.8539187200004,26.494,3156.0579
3196.41764832,26.569,3253.1328
3176.9596489066653,26.362,3206.5403
3113.1348303288887,26.319,3133.7483
3118.57365456,26.353,3160.0615
3238.029355831111,26.404,3297.0645
3194.80035376,26.303,3208.5757
3259.5576384888886,26.287,3281.1665
3194.992113306666,25.936,3191.9258
3246.526119466668,26.287,3275.775
3175.838833866668,26.055,3194.2825
3226.540922488889,25.868,3239.2869
3146.453652124444,25.742,3150.3657
3089.7125520000004,25.797,3111.1238
3133.629001315554,25.789,3167.186
3271.495959600001,26.224,3342.634
3408.599277546667,26.362,3476.7068
3782.439526124445,26.277,3832.0457
3619.692092995556,26.44,3539.2476
3239.351238986668,26.555,3229.4878
2886.2328510400007,26.822,3058.1934
2896.7310024000003,26.482,3089.617
2785.234638719999,26.271,2959.5999
3111.8339630666665,26.18,3183.4238
3158.936887822222,26.31,3161.7405
3211.135666,26.422,3199.5085
3221.2404854933334,26.836,3257.2336
3348.4851521599994,26.728,3402.377
3588.2387740799995,26.69,3634.8477
3574.4683370400003,26.649,3525.523
3406.600909226667,26.64,3358.864
3272.349826915555,26.489,3293.3726
3152.4120864,26.348,3219.204
3106.072551626666,26.241,3190.0378
3102.4366146044445,26.254,3179.5996
3107.60976152,26.27,3164.8809
3197.782356248889,26.311,3240.9495
3219.9825152000008,26.282,3235.6218
3181.952271999999,26.32,3186.8115
3218.6260888,26.406,3246.0366
3182.8931431111114,26.417,3203.917
3276.961489199999,26.478,3320.5881
3659.2463424533335,26.327,3737.9321
4028.372645111112,26.474,3984.8262
3911.276790648889,25.127,3665.2021
3461.921559466666,24.318,3265.9353
2898.663002044444,23.741,2976.3362
2969.8727913333328,23.322,3086.2932
3144.234467875556,23.217,3185.1858
3062.108665173333,23.272,3040.5796
3227.419228,23.178,3192.5457
2637.4017465599995,23.378,2694.2344
2883.0728166399995,23.765,2919.7544
2785.464214764444,24.004,2823.0815
3063.684238853334,23.961,3015.5298
1435.04035936,24.036,1971.6638
2159.1711413866665,23.298,2195.9373
2476.5570284622227,23.273,2450.046
2491.527149528889,22.879,2422.066
2574.649830791111,24.226,2471.0874
2471.638850631111,24.057,2408.4666
2496.11596192,24.719,2421.8997
2496.1616756799995,25.126,2426.1855
2500.460043022222,24.996,2423.8623
2579.8159258311102,24.831,2526.0154
2508.3259525777776,25.0,2426.2117
2469.5014534666666,25.267,2394.9744
2543.945303217778,25.209,2516.199
2523.183402000001,25.373,2495.68
2507.596777466667,25.387,2484.8599
2574.2861049244448,25.404,2594.2551
2495.0137127822227,25.41,2469.3135
2307.780200977777,25.394,2373.8042
2014.3354512088888,25.509,2146.872
1977.97792896,25.047,2096.5474
2159.870965511111,24.884,2257.025
1979.9247636266664,25.562,2067.034
1926.5058072,25.575,1997.5742
2070.4710693333336,25.405,2143.9634
2094.6370177777776,25.309,2135.2283
2084.507463155556,25.291,2106.8696
2136.6898401333333,25.336,2146.1675
2082.1026303644435,25.291,2093.302
2019.319929013333,24.963,2037.0104
1877.1472545777767,25.057,1922.7163
1742.6021616888884,25.105,1805.7847
1847.480195768888,24.762,1884.9043
1848.6742008,25.363,1902.9785
1934.899132071111,25.226,1971.1426
1946.6905294044443,25.201,1977.977
1946.0520621866665,24.792,1965.3005
1901.3305078311107,24.946,1930.8365
1810.339546204445,25.36,1856.6567
1876.4614701599992,25.0,1906.5054
1898.3683532977784,24.86,1939.5431
1999.537883342222,24.883,2038.3381
1839.3752246044448,24.923,1915.668
1987.00276,24.918,2031.737
1885.3490656000004,24.933,1949.5609
1968.3205146400005,25.077,2019.6526
2149.761785173333,25.248,2175.0876
2153.223793786666,25.145,2171.1746
2057.2731488711115,25.237,2085.2612
2220.593564355556,25.071,2222.7856
2184.6113518666666,25.092,2200.9976
2021.2596978311112,25.195,2059.2485
1341.413041946667,25.252,1490.648
1357.996677786667,25.265,1419.4728
604.8502993688884,25.36,1001.7749
1019.03428608,25.328,1087.3859
1299.4793608888883,25.328,1266.8457
1296.8094737599995,25.342,1309.264
1298.052788355555,25.354,1315.8385
1335.840012,25.494,1347.1965
1108.9911406933331,25.508,1198.7748
2211.520089813333,25.585,2222.4956
2279.091299955556,25.5,2259.1882
2361.581905635555,25.571,2285.4565
2293.69715136,25.673,2255.887
1962.803247608889,25.722,1984.3516
1673.375462044444,25.714,1739.2245
1595.8804825600002,25.707,1654.1599
1625.535797946667,25.742,1671.3331
1646.8066941333334,25.659,1687.5176
1687.93613184,25.81,1735.7253
1667.5653384,25.734,1715.7847
1648.235289306667,25.699,1686.7491
1637.9019243022226,25.678,1676.1948
1605.8228352711117,25.665,1653.5745
1474.1835925333332,25.707,1548.6333
1391.5791053511114,25.762,1454.7166
1321.6326462933334,25.838,1391.2404
835.8675289600005,25.714,1093.1727
901.202494577778,25.741,1072.9407
840.49627248,25.679,1049.2937
1126.3251165866664,25.823,1167.0424
1232.9836444444445,25.788,1252.2245
1276.6317964444445,25.74,1293.0582
1214.2355415999998,25.801,1240.5408
1215.1978804088888,25.8,1230.6508
1164.1015749422222,25.813,1196.4456
1234.1398702400002,25.79,1232.9574
1131.9601334044444,25.812,1189.0945
1095.7084347022223,25.771,1166.3739
1128.7583152444445,25.804,1180.1508
1143.64966048,25.851,1190.2163
1111.3708738844443,25.807,1172.9384
1084.3111843466668,25.805,1154.9669
1087.3824170488888,25.831,1154.2219
1078.6107758222222,25.878,1150.5748
1162.19970064,25.749,1191.62
1127.9296441777776,25.633,1182.4192
1163.8973139200002,25.598,1203.623
1110.8622748266669,25.58,1180.9678
1094.2286260977776,25.439,1170.2494
1109.10194224,25.452,1185.6713
1165.1611402044443,25.548,1217.1338
1142.5542803999997,25.526,1208.9635
1118.5595262488887,25.566,1189.3032
1181.55289656,25.619,1219.1466
1142.4073193600004,25.704,1204.1597
1106.0970444444445,25.729,1182.7776
1117.6381852,25.77,1185.1753
1123.655154933333,25.796,1189.7426
1134.192794933333,25.779,1195.0093
1111.399225777778,25.824,1187.1962
1126.8057829511108,25.83,1193.4476
1149.7856725333331,25.827,1206.1887
1062.7739284799998,25.901,1164.4926
1122.3338365333334,25.888,1186.6829
1187.8891453155557,25.897,1228.1256
1091.8186755733332,25.807,1182.2565
1123.2260455111116,25.912,1191.6575
1142.33167472,25.959,1202.5865
1127.1711739733337,25.943,1196.8552
1159.2108884799998,25.938,1212.7279
1155.7081720533336,25.916,1214.9333
1176.8935199999996,26.017,1228.9106
1123.410237333333,25.982,1199.6122
1154.9079798044445,25.946,1210.1428
1147.603946133333,25.881,1208.5049
1141.1130905955554,25.872,1205.0272
1195.71263416,25.846,1233.74
1154.9320011288885,25.922,1218.4847
1181.556096453333,25.881,1229.665
1134.8829006044446,25.827,1204.7979
1191.3952199999997,25.88,1233.0156
1160.2691449066665,25.835,1219.6002
1201.43468272,25.744,1240.0723
1149.2954880000004,25.903,1216.7136
1151.7948189511108,25.867,1211.835
1181.629408711111,25.908,1229.983
1160.4816688266667,25.895,1219.2776
1228.3378173599997,25.904,1257.1221
1228.6979066666663,25.868,1266.1769
1241.1833827555554,25.787,1273.7626
1238.7753791822222,25.871,1275.5386
1249.5992419555555,25.81,1281.3372
1263.8927567555554,25.833,1292.5812
1277.0242188799998,25.862,1304.3611
1278.3667581155555,25.846,1306.8379
1279.7306439466663,25.816,1308.928
1258.6870228622224,25.861,1294.8794
1066.0289943555554,25.831,1178.1979
1972.8880374933333,25.834,2019.003
1928.6386269333327,25.86,2019.7793
1723.972035697778,25.892,1804.0928
1821.487543733333,25.849,1873.3992
1849.1978864,25.818,1908.4019
1777.5150147733334,25.818,1850.3613
1708.092756,25.853,1784.2976
1735.2685022222215,25.879,1807.9185
1761.2180767999994,25.862,1840.0559
1771.867638542222,25.905,1854.3955
1756.0819755200007,25.922,1839.283
1958.961424,25.972,2024.5778
2129.198171377778,25.951,2167.349
2202.5326269600005,25.921,2220.7861
2205.1063787200005,26.172,2224.6282
2019.2432503466664,26.083,2065.4265
2017.952639511112,25.991,2062.145
1921.5874151111109,25.987,1993.9293
1992.51299728,25.971,2055.1453
2140.1575324,26.053,2190.7266
2064.716447768889,26.12,2125.705
2075.094454080001,26.026,2127.212
2165.0690804444444,26.064,2206.335
2255.1393577688887,26.251,2279.078
2472.61251832,26.196,2454.0908
2367.849523199999,26.306,2404.0698
2348.711983555556,26.484,2415.6885
2467.725177306667,26.516,2476.5398
2430.176726488889,26.357,2465.0857
2254.5230604088883,26.221,2431.2566
4465.788885626665,26.155,4402.8975
4674.579769075556,25.971,4377.2505
4463.487124800001,26.22,4125.671
4388.354328000001,25.95,4200.3696
4154.502816177778,25.916,3993.1934
3770.95570631111,25.514,3585.639
3519.9143861333328,25.866,3519.37
3603.182713777777,26.028,3809.2844
3985.515098488888,26.162,4165.591
3930.83135744,26.082,3970.0156
3873.390858213333,26.043,3879.341
3982.407340657778,25.751,4002.217
3933.254331111112,25.874,3927.7275
4091.7867257066673,25.743,4108.7456
4189.506989653333,25.84,4174.7227
4082.657370640001,25.638,4040.808
4054.583806311111,25.511,4040.2043
4164.552032284444,25.765,4172.2095
4144.124886719999,25.819,4142.643
4127.600473360001,26.08,4143.7056
4098.884108915555,25.971,4113.748
4134.16010448,25.934,4141.4814
4113.873472426666,25.96,4114.751
4242.17826096,25.815,4223.422
4274.336078079999,25.964,4241.594
4282.170834088888,26.126,4259.1763
4322.698369297778,26.202,4300.2144
4220.725572871111,26.182,4223.62
4293.342913493333,26.17,4289.8535
4189.896008417778,26.267,4204.726
4240.539293760002,26.261,4256.2344
4274.634017493334,26.09,4266.67
4193.941222044446,26.302,4207.1064
4293.633951244445,26.187,4287.785
4180.231134666668,26.305,4195.045
4192.132086426668,26.285,4217.9526
4304.652845653332,26.261,4294.752
4230.000899199999,26.714,4251.5347
4248.009854631111,26.352,4260.0537
4198.405760266665,26.085,4199.6855
3988.947699057778,26.174,4006.3296
4019.799428711112,25.932,4070.568
4056.126425048889,25.895,4090.6187
4088.773048000001,26.152,4118.065
4081.217235822223,26.179,4106.3877
4137.976193866667,25.921,4140.482
4048.901822791112,26.01,4054.0288
4180.943603493333,26.023,4188.166
4096.859800266666,25.813,4086.8867
4065.401357795556,25.98,4082.4753
4271.582567537777,26.083,4259.7563
4210.155570631112,26.041,4192.2236
4187.624076000001,25.956,4179.731
4185.531008071111,25.95,4185.55
3953.033712533333,25.842,3963.494
3410.614879644444,25.991,3454.1636
2952.43457088,25.904,3149.122
3055.582624782223,25.775,3285.3079
3163.5197545599995,25.719,3304.8516
3179.184282755556,25.732,3220.8281
3250.05143776,25.58,3257.004
3384.17191016,25.533,3398.0586
3385.095343715555,25.557,3360.898
3544.717297333332,25.543,3555.5195
3535.117842071112,25.659,3519.5112
3499.354936391111,25.627,3488.863
3436.4037748622222,25.681,3453.758
3472.275658568888,25.904,3536.14
3529.2709417777783,25.71,3580.4238
3553.4996630933333,25.466,3568.1216
3511.89633376,25.613,3530.5776
3367.915459919999,25.893,3420.105
3088.721302364445,25.938,3190.4468
2818.6192132,25.853,3017.8628
3094.433456640001,26.056,3257.972
3187.94444256,25.754,3249.3755
3207.6336971466667,25.784,3194.153
3200.4623658933338,26.215,3223.4153
3244.1259200000004,25.667,3255.2407
3097.85186496,25.745,3105.3845
3078.550304,25.871,3121.2832
3136.00367616,25.911,3189.7866
3232.403259822222,26.048,3288.7336
3154.786408417778,26.174,3183.9844
3185.378726631111,25.755,3209.371
3222.694844,25.883,3255.9692
3225.267730577778,25.843,3249.0808
3144.3932934399995,25.721,3163.1743
3153.913344071111,25.782,3191.0747
3131.4071062400003,25.878,3175.2122
3228.316530257777,25.999,3289.4863
3048.015196106667,25.893,3080.6194
3166.277598,25.818,3214.0215
3215.202636106665,25.66,3240.38
3174.956436497778,26.136,3199.5615
3287.4427549511106,26.096,3345.2502
3702.283884240001,26.167,3789.7942
4003.487412346667,26.275,3957.3875
3962.0930612,26.081,3810.7422
3873.806519466667,26.233,3767.2808
3757.38660288,26.236,3714.6882
3637.212126151111,26.249,3647.015
3510.173389155556,26.527,3576.9238
3245.4185604622216,26.394,3340.363
3400.547875484444,26.485,3550.3335
3444.0669697777785,26.582,3543.1824
3657.4843423822217,26.234,3699.2134
3780.3347869688887,26.457,3771.0442
3686.633699671112,26.6,3639.455
3620.0386992,26.595,3607.766
3545.104868693333,26.74,3573.1338
3588.7019213777776,26.748,3646.1233
3601.108395733332,26.79,3644.269
3551.711847288889,26.855,3580.7388
3566.629423964444,26.881,3612.0872
3659.447702844444,26.992,3715.2388
3646.018866062223,27.008,3665.465
3580.83788192,26.951,3587.0518
3625.660538,26.96,3661.2197
3677.231468693333,26.862,3698.7979
3557.15153088,26.71,3536.963
3456.754546844444,26.699,3467.4014
3562.5538986844444,26.708,3627.1418
3494.340384480001,26.659,3512.6785
3510.644047119999,26.673,3538.9512
3430.4835914222226,26.735,3458.342
3160.2383617600003,26.676,3209.7935
3014.0747659200006,26.651,3129.5583
3031.392333626666,26.679,3151.938
3049.0577115733327,26.648,3127.4082
3151.208269760001,26.62,3189.89
3080.2458841600005,26.698,3090.4766
3126.59401952,26.703,3146.6504
3050.826838044444,26.726,3074.1785
3127.558103831111,26.622,3156.623
3137.497858666666,26.57,3151.9717
3040.787440533333,26.652,3056.6191
3052.753416035556,26.675,3091.7126
2425.8231365333336,26.712,1822.2672
2548.767835911111,26.541,2592.768
2722.810339395556,26.466,2789.1296
2912.1960379733327,26.672,2910.9812
2955.9608300444447,26.638,2921.0293
3052.895389759999,26.683,3036.52
3034.638930497778,26.591,3017.7095
3024.414285013333,26.499,3018.7788
3034.5325876088887,26.409,3040.6174
3012.5231180800006,26.392,3022.5425
3031.1099011199994,26.346,3042.6675
3005.13239152,26.383,3023.5305
3010.643251777779,26.406,3038.638
3033.8839990400006,26.394,3065.144
2660.279952195556,26.398,2738.2102
2671.722254906668,26.38,2748.3506
2783.88410208,26.363,2850.889
2513.3202722666665,26.37,2434.9187
2489.250802702222,26.37,2410.0056
2494.355729475556,26.378,2439.646
2330.944692266666,26.407,2267.817
1475.3423486666663,26.392,1899.9912
1935.8754512000005,26.433,2131.9077
2002.0760124177773,26.363,2182.3062
1874.90436224,26.399,2076.7227
1866.4108672,26.422,2023.028
1871.8269312,26.346,1990.4287
1953.5560251466663,26.376,2024.3777
1996.561141813333,26.384,2037.8354
1925.13267568,26.359,1974.3242
1963.3779847822216,26.371,1985.0562
1997.274883377777,26.343,2000.9567
2031.8070725866664,26.343,2019.957
2135.82744792,26.303,2096.7495
1712.123037955555,26.261,1776.748
1722.31426272,26.306,1750.275
2027.4091405866664,26.297,2013.5537
2025.295632,26.278,2032.5083
2033.149707306667,26.137,2028.4685
2004.2022448888883,26.198,2001.4534
2015.50672512,26.079,2019.1251
1981.902556213333,25.886,1994.6128
1956.7574287644445,25.9,1981.5933
1862.0672507111112,25.872,1920.9839
1806.2866600533337,25.979,1895.5526
1819.2803253155555,25.828,1888.3711
1786.4649138133332,25.792,1860.1531
1698.961799822222,25.856,1777.7905
1686.684899022222,25.8,1754.0239
1660.5139600622226,25.741,1722.4729
1621.9761075822223,25.81,1675.7065
1597.9692536888892,25.8,1642.6964
1584.3424229244445,25.756,1624.4307
1564.3763903733332,25.816,1600.3137
1580.1873812266665,25.702,1607.8317
1553.3908386666662,25.691,1580.9749
1536.1303415466664,25.716,1562.5583
1558.23904736,25.711,1592.96
1574.3931056711106,25.698,1607.4161
1504.0485533333328,25.762,1533.2703
1525.915387733333,25.717,1542.949
1539.8437444,25.761,1560.0156
1512.0557973333327,25.749,1535.3252
1207.874845333333,25.731,1276.9563
1171.2810270311113,25.767,1217.6102
76.64205653333397,25.735,875.4103
820.2557663999999,25.685,955.51636
994.601838222222,25.764,1070.7488
1150.9666614044445,25.752,1172.0524
1237.2990871999996,25.813,1242.9532
1197.5353646666665,25.73,1231.5522
1164.8486708533333,25.774,1210.9031
1170.6381954755552,25.783,1210.5153
1213.5255681777785,25.796,1236.5774
1193.407042311111,25.802,1229.8569
1177.9660490222225,25.881,1220.5732
1212.70872088,25.867,1238.5775
1195.7839086399997,25.922,1232.5892
1218.7367831111114,25.909,1245.2144
1178.5218674666662,25.937,1223.6669
1214.0986378666669,25.986,1240.7108
1227.3705587733332,26.014,1252.5693
1190.199890995555,26.027,1233.1124
2319.1151302666663,25.813,2292.904
1971.3415691022224,25.778,2046.3796
1832.8982958222216,25.805,1880.0903
1816.5073848533327,25.743,1864.6289
1486.837333173333,25.681,1584.3486
1553.7005226666668,25.707,1626.353
1590.9354829155554,25.618,1655.3438
1529.0996518933334,25.612,1598.4224
1509.0418785866664,25.611,1568.8306
1529.09752096,25.487,1579.9794
1493.6413846755554,25.474,1552.123
1440.698859528889,25.495,1498.5836
1506.839784888889,25.214,1547.1216
1429.0662144,24.368,1452.6881
1426.5497195377775,24.164,1441.6857
1436.02149696,24.129,1450.4535
1449.110774755556,24.01,1460.6611
1426.0713715822224,24.105,1445.8464
1406.86731072,24.057,1422.919
1432.436135253333,24.021,1441.3367
1506.8594500266668,24.085,1524.7876
1453.2654636266664,24.076,1478.7205
1483.2683552000003,24.092,1493.9069
1531.2897553066668,24.177,1523.4578
1473.4728261244445,24.15,1486.7307
1546.1571059999997,24.15,1555.5775
1697.4696108444446,24.19,1726.608
1718.1210796444443,24.307,1779.1002
1713.055546026667,24.384,1771.7169
1729.0188415555558,24.408,1785.1516
1766.8140299999998,24.506,1828.5015
1784.2406665599992,24.53,1850.4285
1755.8713554666665,24.593,1824.747
1793.4038429155553,24.65,1861.2649
1844.626645475556,24.649,1914.7334
1897.293866844444,24.657,1964.8271
2088.572444391111,24.671,2129.874
2015.6349025066668,24.727,2071.659
1710.1205707911108,24.747,1803.8083
1630.943720151111,24.767,1704.8701
1858.70668384,24.776,1927.597
1879.764209555556,24.803,1969.0684
1840.415972444444,24.815,1929.0988
2259.6565742933326,24.865,2263.7805
2292.567343315555,24.882,2287.5457
2167.870114293333,24.93,2188.6099
2071.19622944,24.959,2105.1218
1998.7876224711115,24.99,2051.4126
1918.9865818666667,25.046,1991.3318
1875.4029331022225,25.019,1953.3234
1860.7846605688887,25.047,1941.89
1917.1008153244445,24.976,1990.4553
1944.18353408,24.817,2013.1068
2025.6062592,24.898,2078.9934
1937.608540444444,24.858,2005.9655
1995.0087021511108,25.003,2049.3062
2111.483019253333,24.983,2146.7148
1973.9054102755551,25.099,2035.082
2039.2297759555552,25.044,2077.6074
2096.03079024,25.175,2125.9314
2176.6262637511104,24.975,2197.143
2110.756846079999,25.147,2152.4717
2301.2904516622216,25.047,2309.3884
2484.5654462222224,24.937,2442.6772
2479.403014524444,25.021,2484.783
2457.1116236800003,25.17,2439.1294
2469.37411448,24.814,2460.3062
2450.728779679999,24.829,2465.7446
2507.07908992,24.968,2521.685
2486.603603608888,25.084,2513.9526
2485.7087140800004,25.023,2518.8772
2403.147453404444,25.1,2468.3828
4056.89119024,24.962,4308.633
4295.8380757333325,25.391,4198.688
4183.332103786667,25.544,3858.858
3497.121615786666,25.457,3199.9165
3053.9195792,25.131,3042.1328
2779.1915144000004,25.328,2947.7495
2970.317591644444,24.983,3101.056
3011.5666562222214,25.268,3075.4104
3114.6965052,25.286,3127.5295
3254.5133524888893,25.385,3291.3013
3190.047447857778,25.618,3195.479
3222.1643743466666,25.564,3237.6763
3293.20839216,25.207,3291.8733
3359.4830178666675,25.256,3356.219
3292.921973759999,25.505,3294.3853
3289.8581935022216,25.562,3334.0933
3359.749934151111,25.649,3424.751
3335.8516274399994,25.51,3368.4575
3363.8525630399986,25.392,3385.3877
3597.66060848,25.432,3645.7412
3564.0569286400005,25.541,3547.8525
3547.512080444445,25.632,3545.5972
3528.92193216,25.49,3541.2446
3474.0185198311106,25.449,3496.5337
3614.73611264,25.384,3656.9336
3796.111595555556,25.567,3823.459
3933.420597475556,25.599,3910.401
4011.2512979377775,25.47,3950.0312
3961.0665626666655,25.809,3914.822
3667.398052088889,25.591,3633.0376
3297.5778767822226,25.426,3353.2935
3531.598342506665,25.615,3695.7822
3616.552836942221,25.422,3697.564
3626.1306766222224,25.453,3642.5034
3676.54750896,25.412,3690.1538
3631.756165955556,25.506,3637.759
3773.0037975733326,25.544,3802.3867
3628.0485632,25.746,3627.892
3709.5532,25.558,3742.4272
3668.3783838933336,25.541,3681.1992
3733.236984604444,25.458,3747.9888
3689.4318887822233,25.485,3692.4238
3734.90226592,25.561,3760.2744
3751.649264,25.629,3775.042
3742.75445832,25.675,3762.37
3715.040824933333,25.903,3751.0293
3668.98720552,25.913,3711.1401
3527.322688817778,26.042,3580.3213
3600.7566100799995,26.017,3686.2173
3434.205925564444,25.795,3470.897
3632.9661984,25.854,3709.496
3808.7867130666655,25.815,3834.7437
4063.970208995554,25.864,4024.8054
3976.394592035555,25.892,3887.3113
3918.140552533333,25.512,3844.288
3726.66247072,25.719,3703.6719
3663.194100231112,25.707,3708.557
3771.91074288889,25.698,3846.5503
3679.6839948,25.883,3722.7378
3751.2576985955534,25.96,3815.225
3783.0077470666656,26.029,3828.1782
3746.7987892977776,25.91,3761.934
3683.39105376,25.485,3675.8618
3744.444380444445,25.602,3769.9175
3741.2475239822215,25.801,3768.6143
3780.118489084444,25.764,3806.6628
3600.5427086222235,25.976,3620.8186
3557.033466693333,25.753,3607.7495
3577.9708706488886,25.835,3645.4412
3451.5311809333325,25.609,3478.8936
3472.100972106666,25.363,3509.2832
3418.089727999999,25.516,3457.7988
3449.8229781955542,25.724,3516.001
3493.600049333333,25.551,3543.1863
3500.4097460622224,25.506,3524.5298
3485.9831294400005,25.362,3498.115
3547.497760106666,25.633,3590.143
3540.6723002933336,25.325,3552.0464
3579.815963146666,25.332,3593.8877
3568.2043537066656,25.314,3579.5122
3574.7468640000006,25.352,3598.6309
3586.0686897955547,25.654,3633.525
3555.8931670044435,25.526,3593.0603
3599.259968266666,25.703,3653.2903
3612.963604622223,25.411,3636.6636
3568.742795146666,25.247,3571.6125
3601.1062764444446,25.479,3635.7288
3587.62082088,25.873,3644.1045
3545.7486201599995,26.069,3611.6768
3429.978918871111,26.172,3500.377
3170.5094627555554,26.111,3266.6042
3225.055142613333,26.317,3366.1226
3469.7046723644444,26.456,3617.435
3881.36854512,26.297,3925.7417
4353.236616533333,26.528,4215.527
3859.8741804,26.514,3653.0686
3388.550503066666,26.542,3346.5046
3340.6161510044444,26.684,3480.4993
3526.677955724444,26.532,3673.0564
3964.497563288888,26.491,4024.9377
4191.01517344,26.447,4105.538
4120.883866977777,26.461,3998.8203
3823.057963688889,26.466,3724.2166
3664.671637004444,26.421,3674.5825
3390.1661173333346,26.228,3443.6357
3560.3337025333326,26.252,3693.6262
3603.214968888888,26.36,3689.4424
3984.058779057778,26.315,4031.2637
3931.577009439999,26.458,3888.5542
3786.225215360001,26.555,3747.292
3625.89312064,26.715,3652.4639
3415.79842737778,26.846,3492.7312
3594.927152,26.904,3743.6826
3551.862980533334,27.003,3630.7136
3592.4074619022226,27.123,3660.1758
3751.504907822222,27.177,3816.454
3908.3517434666674,27.166,3920.3198
3710.901063075556,27.222,3656.0552
3666.4514006755553,27.196,3671.915
3655.772010524443,27.215,3693.5957
3683.54775072,27.162,3717.1592
3578.598091662223,26.982,3575.4937
3398.646095502221,26.79,3404.1633
3378.0816572799995,26.781,3438.6152
3353.534830702223,26.666,3410.055
3646.08340423111,26.79,3748.0469
3720.61222,26.674,3721.5308
3662.894935822222,26.795,3622.7107
3627.813109039999,26.823,3625.9224
3614.405792355557,26.91,3645.044
3544.76685376,26.896,3575.0205
3389.8637344000003,26.83,3420.2156
3212.2252285155546,26.829,3280.6323
3246.7838808888896,26.752,3347.684
2891.3218272533336,26.805,3034.472
3153.73905352,26.575,3264.8506
3150.291981235556,26.616,3195.353
2961.8710702933327,26.562,3002.9395
3130.9215957866654,26.553,3174.8604
3252.692956693334,26.529,3290.9656
3071.746251333333,26.493,3052.6396
3003.375354311112,26.493,3027.5918
3091.139610106666,26.458,3135.662
3030.941471217778,26.464,3050.9302
2987.3314361422217,26.447,3009.2812
3067.5623384,26.516,3106.6768
3065.6045346666656,26.557,3092.2136
3096.108496,26.502,3117.3975
3015.792635875556,26.468,3038.0903
3061.85153488,26.43,3092.6829
3016.4744868,26.423,3045.5532
2690.909911075556,26.408,2785.8774
2993.2627365333333,26.398,3064.849
2915.2369077866656,26.462,2950.6401
2755.747551786666,26.428,2784.7146
2798.3555568,26.443,2840.8564
2771.0944009066657,26.48,2811.1243
2359.559875804445,26.477,1897.5056
2435.581580382221,26.478,2331.4248
1485.0891271111109,26.497,1935.9908
1243.789619022222,26.568,1610.4503
1415.4135457777782,26.545,1674.533
1670.6650801955554,26.533,1922.6599
2134.5592584622223,26.58,2221.9805
2348.433704622222,26.56,2318.845
2383.737482666667,26.596,2312.7676
2306.72871696,26.594,2260.2756
2305.798626275556,26.55,2279.227
2239.855035822222,26.545,2240.2563
2044.4365834666664,26.573,2063.0127
1830.663997084444,26.573,1898.0486
1801.8598312,26.561,1863.2815
1844.6303880000005,26.579,1886.2224
1912.031031484444,26.516,1931.3318
1884.7420348888888,26.454,1907.6781
1904.10369632,26.466,1908.9131
1974.5954344355555,26.456,1966.469
2103.69322128,26.466,2082.9092
2038.676903555556,26.504,2028.2782
1958.2648952533327,26.435,1962.7456
1740.0710949688887,26.457,1795.0115
1679.4894928799995,26.4,1738.1072
1734.0589937777777,26.413,1824.8094
1706.4464527999996,26.384,1806.8131
1661.4981939199995,26.426,1743.5325
1700.458376426666,26.413,1759.3319
1698.165319822222,26.389,1741.6982
1710.3587846844443,26.369,1744.9746
1694.3482802488886,26.395,1729.51
1659.3057359999991,26.394,1694.4075
1681.19207368,26.376,1714.2473
1705.231256044444,26.375,1748.2983
1588.637507697778,26.438,1640.9276
1265.894067626666,26.32,1352.2482
1385.54533152,26.319,1399.3027
1446.9743685333335,26.261,1455.755
1465.92491936,26.347,1481.3604
1505.9417420444445,26.359,1522.5925
1509.5589256888893,26.368,1529.9961
1455.1344691555555,26.3,1474.8416
1541.2188228711111,26.249,1545.4962
1526.8995913155552,26.355,1549.0613
1517.8816770755552,26.369,1544.5312
1518.0583850133337,26.113,1547.4625
1542.0007531377778,26.158,1577.1471
1573.986111377778,26.123,1610.602
1570.1555199999996,26.04,1611.8256
1581.7187327999998,26.068,1625.6018
1562.30214336,26.091,1607.25
1573.6333778666667,26.128,1616.1077
1530.492737333333,26.131,1575.5017
1560.4806075733331,26.153,1599.6917
1555.2055205333334,26.012,1596.5477
1504.5441071199996,26.075,1549.8755
1586.2024401066667,26.09,1621.0193
1576.3639558399996,26.068,1627.4407
1559.3388558222225,26.074,1620.1353
1536.7303657955556,25.824,1589.0027
1488.3109865244442,25.892,1542.4773
1626.1244001599998,25.574,1662.0972
1599.9413335111117,25.26,1649.9956
1631.420851262222,25.174,1681.7524
1603.557413262222,25.078,1659.3767
1594.7032257333333,25.072,1645.9185
1572.0385454400002,25.0,1622.0481
1530.1784933688891,24.967,1579.4434
1600.5894108888886,24.909,1641.6904
1551.883485128889,24.941,1603.2151
1562.0221666666666,24.948,1605.8538
1554.1019648888885,24.878,1597.6779
1548.3627465955556,24.872,1591.0222
1548.1847938666665,24.888,1590.7773
1555.819607777778,24.888,1597.7964
1571.5129944,24.938,1616.0548
1573.1382758844438,24.974,1619.1765
1592.7128140622222,24.965,1638.8196
1665.6696251733335,24.814,1713.3253
1657.6692001599995,24.864,1713.7676
1623.2097863999998,24.838,1677.935
1641.245450693334,24.888,1693.9714
1679.0602192711112,24.887,1736.4233
1692.9096871555553,24.818,1754.5737
1708.21811776,24.883,1770.1389
1781.6991617599997,24.925,1847.3285
1767.4286296000002,24.898,1837.2007
1791.9987345866666,24.967,1860.7382
1829.69851544,24.953,1898.3835
1769.080072657778,24.967,1844.7917
1799.5320438755557,25.023,1870.9259
1861.560210844444,25.036,1931.1302
1901.1168544000004,25.042,1970.7767
1959.303835875556,25.047,2019.9824
2013.3867305777776,25.068,2064.3628
1677.2561245333331,25.04,1775.9875
1705.8538716800003,25.11,1773.8046
1835.4508791466667,25.118,1909.2454
1871.28767232,25.097,1952.9822
1818.319841466667,25.063,1903.1862
1900.40292536,25.131,1969.6761
2260.3706745066665,25.146,2261.3557
2263.27768328,25.2,2264.5405
2108.235050666667,25.234,2135.8943
2129.389951884444,25.43,2154.239
2110.1341314666665,25.231,2143.9004
2105.40022464,25.285,2145.18
2142.1917528000004,25.232,2181.2534
2279.1120445333336,25.37,2307.055
2279.918651706666,25.472,2314.4744
2224.509447795555,25.252,2262.7869
2112.349283244444,25.285,2153.6873
2199.7885565688885,25.355,2249.842
2222.812226933333,25.207,2280.1816
2329.4654647199995,25.348,2374.1492
2263.8611130311106,25.351,2325.327
2283.549036657777,25.63,2347.3604
2344.015196888889,25.341,2414.1772
2385.015111111112,25.44,2486.7727
2427.774764053333,25.312,2462.4504
2395.011074844445,24.963,2453.7676
2756.16474312,25.188,2790.295
2511.119285955556,25.41,2562.3164
2513.68973768,25.333,2560.6943
2502.95588064,25.182,2559.4873
2512.8521772444446,25.125,2571.5896
2512.658900426667,25.052,2571.2783
2518.7592874666666,25.368,2581.1711
4469.560887982222,25.09,4406.675
4472.83945584,25.333,4243.9316
4156.127509617777,25.372,3741.9282
3448.8648302222214,25.368,3207.6147
2732.7602342133337,25.437,2890.861
2885.845251733333,25.687,3106.2202
3055.2503109688896,25.58,3214.6814
3091.6310207999986,25.69,3138.333
3143.1946224799995,25.653,3159.967
3200.28002088,25.527,3223.847
3102.79774376,25.466,3112.2769
3205.22347064889,25.392,3220.5376
3189.661394933333,25.672,3201.2139
3200.9091772,25.156,3184.4736
3183.291848888888,25.592,3196.0784
3155.3163039999995,25.56,3184.703
3241.5802697777776,25.653,3301.185
3267.688728142222,25.703,3310.3643
3306.591915751111,25.522,3325.6865
3273.3127199999994,25.482,3283.68
3275.7450232,25.302,3289.358
3334.979292035556,25.416,3369.9033
3500.804455466668,25.184,3527.0908
3474.754901688889,25.172,3457.2207
3481.879564337777,24.916,3463.0251
3439.981828515555,25.471,3466.0334
3348.8666660800013,24.789,3360.1382
3467.251990222221,25.258,3527.8423
3305.261610168888,25.285,3340.5757
3419.96898064,25.21,3486.5947
3423.850416320001,25.221,3465.641
3427.637939555555,25.145,3451.51
3404.644640231112,25.093,3428.26
3469.4116573866663,25.172,3508.0784
3314.0886184,25.211,3340.6328
3050.7330699911126,25.582,3144.362
3136.502293599999,24.745,3222.3528
3148.824261893333,24.95,3197.017
3216.966464355556,25.066,3245.5735
3255.17385216,25.021,3270.9492
3303.0123588,24.98,3311.753
3307.7322189333336,25.228,3324.552
3311.104246266668,25.46,3346.2075
3270.5838269777773,25.383,3303.783
3392.675220302222,25.706,3466.5225
3430.3773673066667,25.438,3459.8884
3526.605593653332,25.342,3533.4663
3500.566699199999,25.735,3510.9714
3475.9234333333334,25.773,3502.636
3453.6575321777773,25.288,3464.748
3464.740539733333,25.695,3502.724
3439.627907271112,25.238,3455.563
3516.51939712,25.442,3548.8193
3473.483440142222,25.122,3472.9148
3657.422878346667,25.32,3687.7964
3620.9776419911113,25.334,3609.108
3515.7425729422225,25.215,3504.0337
3471.697943911111,25.26,3504.6294
3523.744396453333,25.695,3604.7173
3478.7637904711105,25.267,3514.485
3519.046199644444,25.081,3543.7183
3475.060812888888,25.376,3508.0598
3460.8373510666656,25.025,3487.233
3458.00020896,25.242,3498.2537
3449.8834070400007,25.31,3494.466
3443.8962366044434,25.451,3495.817
3364.6968004,25.566,3417.972
3326.9069928533345,24.973,3360.4463
3395.27372,25.122,3439.4463
3200.305808666667,25.05,3227.7852
3180.527101457778,25.005,3232.0144
3150.5499056800004,25.243,3215.772
3069.24997472,25.128,3120.1243
3201.3884800000005,25.108,3249.6482
3202.6712506311114,24.95,3208.019
3173.416083768889,24.965,3167.2207
3137.327034666667,24.758,3137.7827
2918.6514187111115,24.716,2963.1003
3131.1661920000006,24.5,3162.603
3222.0726044799994,24.586,3228.5586
3229.89273856,24.547,3202.4915
3214.338266666666,24.062,3183.9077
3128.6104344,24.341,3126.4814
3199.7430780800005,24.523,3235.065
3141.797956373333,24.429,3160.1072
3254.199146951112,24.743,3299.7659
3092.2698396800006,24.603,3109.1042
3260.6418596977783,24.631,3313.23
3190.8230051199985,24.48,3202.5
3179.6583956266663,24.643,3199.5073
3140.235850657778,24.678,3174.9387
3202.479283813334,25.001,3261.1262
3239.902875911112,24.297,3254.7507
3425.733867946667,24.42,3441.8232
3629.345102222223,24.45,3619.5518
3791.121275733333,25.864,3816.5327
3812.667287057777,26.412,3839.6455
3862.1695787022218,26.356,3879.344
3798.396910933334,26.224,3780.2144
3825.922877795556,26.453,3841.7524
3845.204094746667,26.571,3867.4614
3815.93090112,26.597,3826.1973
3876.890846346665,26.58,3893.5557
3884.8873541688886,26.624,3886.1836
3860.61330336,26.707,3861.1643
3302.3517694666666,26.785,3329.1035
3439.496842062222,26.507,3567.0496
3552.7578537600007,26.617,3657.7744
3884.966275555556,26.687,3952.9663
3958.7636176,26.52,3913.3936
3899.321208977778,26.627,3828.628
3717.33548032,26.523,3663.408
3623.0947603555546,26.679,3649.254
3502.6101000800004,26.66,3559.564
3497.1947137866664,26.701,3585.7693
3541.391324942222,26.744,3632.1099
3641.6047086933336,26.773,3712.4634
3431.2488817777776,26.722,3439.8606
3355.0952864,26.741,3411.6626
3367.2032216533325,26.349,3426.401
3300.668009582222,26.211,3326.5996
3402.7351446400003,26.161,3442.0476
3285.87632216,26.237,3296.5132
3202.6116124444443,26.189,3230.823
3123.145221528888,26.179,3175.9763
3090.5551672888896,26.132,3146.808
3121.106139573333,26.183,3169.6306
3158.704009413334,26.216,3191.2651
3177.5448765599995,26.327,3202.9287
3163.2527032000003,26.409,3191.555
3188.26405927111,26.479,3234.0923
3132.2691630933336,26.519,3172.9524
2988.8123672711104,26.621,3051.146
3017.8599998577765,26.667,3096.9995
2989.4032902222216,26.647,3055.5732
2488.336266666667,26.723,2290.8
2689.722761128889,26.683,2794.3813
2572.80099344,26.638,2583.9375
2500.269844995556,26.635,2369.0574
2502.505669155556,26.64,2392.1475
2239.641204231111,26.489,2066.3215
1531.1196299733333,26.068,1934.937
2161.03697264,26.03,2262.5444
2360.452862631112,25.893,2319.0056
2420.67457104,25.991,2338.7078
2360.0163706311114,26.026,2369.8772
2375.7559519288884,25.919,2312.0115
2412.6062554222226,25.911,2374.792
2379.4477974222227,25.864,2361.1636
2397.3074512800004,25.823,2373.23
2371.50046176,25.737,2361.8623
2307.1745512977777,25.695,2327.055
2359.673702577777,25.567,2362.1113
2363.727762488889,25.534,2369.9314
2352.3118752,25.504,2369.756
2378.455795555556,25.569,2397.1848
2323.504119333333,25.578,2368.324
2298.79604864,25.563,2432.5144
2238.194562497778,25.595,2354.6584
1718.233662791111,25.656,1833.6067
1510.3933339733333,25.664,1636.2168
1758.503837146667,25.715,1816.253
1695.5263533511106,25.712,1776.7499
1668.2998815999997,25.711,1747.1831
1721.431781511111,25.774,1801.2827
1725.974147706666,25.789,1781.9739
1737.746346844444,25.732,1781.0435
1827.082249813333,25.732,1862.9951
1600.336967484444,25.707,1657.918
1544.8160956799998,25.712,1581.4714
1632.7433608888882,25.77,1652.7817
1949.8262711644445,25.741,1980.4182
1876.5995697777776,25.763,1924.8633
1877.5919442666664,25.756,1911.0305
1932.9500919466664,25.774,1958.3042
1921.3168191822224,25.775,1949.0546
1865.97305472,25.743,1902.3257
1866.8229838844445,25.685,1902.8839
1861.81620464,25.675,1902.2625
1850.2898325333333,25.685,1896.5222
1848.0302816533333,25.726,1897.0728
1773.0409839999998,25.754,1835.8278
1700.409958826667,25.678,1778.5552
1650.162122311111,25.641,1727.8342
1671.578433155555,25.766,1739.4941
1690.8219931377776,25.804,1763.4812
1616.986011333333,25.317,1681.3064
1639.315993031111,25.537,1700.5388
1666.2740859555558,25.5,1728.3889
1642.8303608888891,25.197,1700.1082
1594.047754133333,25.101,1647.5889
1623.1559820799996,25.011,1678.6477
1582.5505793066664,25.053,1641.5747
1579.2512563911114,25.083,1625.3096
1591.9356952800003,25.121,1628.5806
1617.9355319377776,25.177,1660.3701
1591.0787794488886,25.223,1634.8109
1576.0020185599997,25.246,1613.655
1627.0359179555553,25.267,1665.009
1588.9268104266662,25.33,1635.332
1577.5699418399995,25.329,1618.4384
1589.3340364444443,25.35,1628.9998
1592.6077252799996,25.391,1634.4224
1613.05915184,25.43,1656.0675
1566.3307403644444,25.344,1613.5876
1597.717472853333,25.316,1641.47
1576.5879565244445,25.374,1627.2876
1592.62506968,25.259,1636.7097
1598.3436738133337,25.356,1647.3704
1352.2137392622217,25.254,1410.7836
1238.92677792,25.368,1287.6697
1193.7698482666665,25.389,1237.5808
156.80162026666662,25.374,893.12915
786.5819369333332,25.293,956.7727
997.6622089866668,25.265,1070.1906
1199.325324213333,25.246,1200.2637
1240.288020462222,25.256,1252.172
1205.8365738311109,25.27,1238.8745
1129.3759668533332,25.335,1191.957
1182.1813367466668,25.325,1212.2263
1212.36563712,25.395,1235.4572
1202.4849813333335,25.401,1232.401
1195.3027997866668,25.427,1228.3589
1181.1191142222224,25.484,1219.6288
1224.4194035822222,25.462,1242.487
1195.329609955555,25.326,1226.8156
1217.52921696,25.268,1237.1736
1215.2307107555553,25.136,1236.859
1206.0470529866666,25.234,1233.319
1228.382086044444,25.156,1244.5364
1243.6015775466665,25.114,1256.274
1016.6541430044448,25.177,1135.8553
2174.299922666667,25.023,2196.2732
1866.3139097333333,24.842,1970.4894
1971.42344352,24.813,2020.1646
1823.333809991112,24.796,1904.8242
1653.5380598488891,24.756,1733.2769
1564.4736517599997,24.718,1630.9897
1564.3045441511106,24.692,1615.8776
1590.3510563999996,24.747,1643.1655
1557.8933214755552,24.749,1617.0051
1550.365020462222,24.79,1608.334
1595.730925973333,24.778,1648.9183
1596.7905448,24.771,1654.9309
1734.302660764445,24.848,1799.0032
1715.0363009600003,24.793,1792.2009
1722.0934211733336,24.858,1797.1433
1720.9473074133334,24.836,1795.3926
1742.6748393244443,24.88,1819.5161
1701.101334906666,24.864,1780.7574
1712.3826182399998,24.858,1789.0193
1771.9253449155551,24.886,1852.1208
1845.696378666666,24.873,1928.6707
1874.9802467555555,24.906,1959.5142
1966.5161998222216,24.836,2031.6694
1581.4042396444445,24.864,1661.3579
1643.1526313688885,24.928,1686.8201
1695.0979402666671,24.886,1746.0142
1751.49096,24.9,1818.2351
1870.163976444444,25.024,1946.6473
1896.9829834666664,25.023,1972.6553
2293.398024213333,25.086,2280.1455
2246.57483744,24.984,2247.8594
2212.228317733333,25.073,2218.2405
2101.369131066667,24.996,2128.3496
2121.875650986666,25.127,2154.3228
2208.339600782222,25.092,2245.7554
2208.438813777778,25.045,2248.7412
2147.1485866933326,25.405,2193.2126
2271.840824906666,25.15,2307.176
2230.312150435556,25.253,2278.882
2196.8842306755555,25.167,2243.211
2213.783993386666,25.419,2269.0193
2289.700690693333,25.333,2345.9963
2116.3482369866665,25.321,2172.642
1842.53311992,25.358,1927.5354
2230.821997777778,25.21,2272.3833
2398.4752621333328,25.677,2417.5715
2405.8738929422216,25.505,2422.179
2438.351751795555,25.483,2488.2544
2431.79798016,25.534,2458.5696
2411.2216785777773,25.19,2461.2273
2479.159971679999,25.129,2522.9934
2449.4285680000003,25.236,2503.183
2429.169117573333,24.893,2480.279
2529.726677333334,25.226,2589.8354
3532.5841239111105,25.263,3917.8171
3532.5841239111105,25.263,3452.2102
4647.449239395555,24.927,4415.8887
4504.602302719999,25.177,4242.7666
3892.4087500266655,25.085,3501.9087
3550.2778386133323,25.224,3454.5205
3138.613047111111,25.186,3184.2915
3428.6332973511103,24.882,3646.3708
3500.8044554666662,25.011,3624.4734
3526.0826696,25.059,3585.3887
3512.6150672977788,25.252,3567.655
3633.4385902222216,25.006,3682.71
3572.122718577777,24.413,3536.4702
3673.1752708622216,24.804,3695.9258
3699.177161600001,24.742,3716.648
3614.9091001777774,24.76,3620.5398
3655.771394533333,24.533,3681.9385
3619.010098844445,24.822,3651.1296
3620.88161608,25.166,3680.7222
3627.2224131555545,25.271,3693.3655
3599.0935342222224,25.051,3638.126
3592.414290204445,25.005,3626.0493
3665.4407187911097,24.988,3697.8643
3648.362715733332,24.813,3653.105
3689.270727342222,24.648,3689.0828
3748.668758986667,24.777,3753.624
3704.6462474133327,24.774,3698.3306
3695.800114346668,24.707,3700.836
3698.927700337778,24.736,3714.597
3650.0269397333336,24.908,3674.884
3693.5224004622223,24.97,3737.6829
3723.4917863111104,25.196,3767.243
3707.1665371999993,25.16,3732.9756
3655.614280702222,25.152,3678.7922
3656.048341342221,25.221,3694.763
3771.8005340444433,25.152,3804.1362
3690.719207733332,25.134,3684.789
3312.067620266667,25.286,3344.7227
3418.146839342223,25.213,3533.318
3541.990052,25.204,3626.526
3595.563665280001,25.113,3610.1294
3629.930072533332,25.382,3640.6943
3534.4630295466663,25.0,3515.979
3625.2723762666674,25.275,3652.0308
3587.7238183200006,25.137,3590.2964
3658.38003072,25.318,3685.7637
3781.305799724444,25.073,3786.5356
3734.4278130311104,25.065,3703.1777
3732.5458973066666,25.273,3733.5833
3795.154057751112,25.334,3816.4917
3723.715329368888,25.463,3737.5273
3731.193834079999,25.306,3754.9626
3827.16413016,24.832,3824.6265
3869.926627840001,25.36,3868.608
3858.8179710666673,24.86,3828.8599
3808.19084472,24.701,3781.461
3661.621911591111,24.6,3656.2002
3637.7853052977775,24.799,3691.303
3709.060067093333,24.404,3755.8325
3781.566669048889,24.774,3819.421
3712.829888444445,24.962,3738.3315
3818.453711928888,24.931,3857.8198
3979.9208011288897,24.445,3958.3787
3885.858548577777,24.854,3848.9253
3845.0969088,24.957,3850.5532
3834.252686880001,24.893,3856.479
3751.79761888,24.662,3763.3125
3847.3783524,24.275,3854.3643
3781.2787916,24.49,3779.78
3751.882630311112,24.721,3781.2463
3573.56652256,24.415,3602.5127
3355.1428760799995,24.733,3434.2637
3367.160951155556,24.436,3470.5303
3301.79585088,24.499,3377.3428
3340.0832045777784,24.506,3400.8398
3323.14109568,24.621,3366.2317
3368.61314496,24.76,3412.521
3393.7671850666666,24.545,3411.7412
3389.940978986667,24.761,3403.1665
4302.178799448889,24.583,4208.124
4541.956683733331,24.835,4271.999
4689.121402533333,24.498,4365.8037
4487.543964800001,24.319,4277.1104
4434.849220622221,24.516,4316.9663
4367.253399946666,25.303,4327.0005
4268.051113786667,24.632,4245.3647
4207.436477573334,24.747,4204.482
4110.423848844444,26.117,4190.8247
4209.095898240002,26.114,4273.757
4185.416991493333,26.105,4226.7256
4133.29582936,26.419,4179.8496
4084.1932274488895,26.515,4137.2744
4256.187462675555,26.259,4269.6294
4155.128059964443,26.369,4152.5137
4488.612226133332,26.331,4397.635
4575.529573333332,26.334,4428.204
4543.923770417779,26.32,4431.069
4567.665148444445,26.233,4442.6387
4617.189729884445,26.363,4454.0513
4549.295524977776,26.291,4444.4497
4593.987706222221,26.226,4450.1914
4626.7490840088885,26.175,4452.9346
4634.707692657777,26.133,4455.37
4562.2173184,26.237,4447.3447
4618.6979171644425,26.256,4454.7197
4622.475059377776,26.085,4454.2866
4638.457390079999,26.156,4455.84
4571.248932328889,26.283,4448.7734
4635.209837199999,26.497,4456.3906
4605.45756551111,26.658,4455.1313
4684.620273973333,26.661,4462.2773
4606.175641137776,26.725,4458.645
4674.779924266667,26.691,4463.795
4636.446096426668,26.692,4462.1475
4495.146160293333,26.692,4444.9746
4571.3912798400015,26.668,4451.1953
4456.067372133333,26.539,4426.978
4312.165440639999,26.425,4362.3354
4426.064274453334,26.505,4403.4814
4374.132538319998,26.546,4377.2017
4302.780423644445,26.546,4337.1313
4374.860546657777,26.64,4374.0664
4372.931208933333,26.636,4368.6045
4375.517055777778,26.701,4371.1675
4310.842138026665,26.651,4334.3296
4121.116207413333,26.541,4176.581
4384.029930666666,26.632,4369.3804
4374.365961688887,26.628,4353.9707
4257.614185422222,26.714,4284.6714
4255.312605084446,26.693,4293.9497
4247.249898595554,26.708,4285.2354
4274.141988479999,26.742,4301.4395
4229.085107893334,26.722,4263.13
4346.220991297778,26.717,4343.0474
4303.677898239999,26.719,4310.9697
4265.13700888889,26.764,4292.112
4229.169905066667,26.699,4266.833
4089.922517688888,26.69,4142.0127
3993.3460735466665,26.656,4065.0447
4006.798145653334,26.64,4086.3901
4002.00866688,26.634,4065.4307
4023.100181564444,26.676,4077.3247
3937.4082072,26.722,3983.832
3999.9389693511102,26.588,4050.1484
3999.57586064,26.589,4032.3972
4067.425753777776,26.352,4079.281
4276.248129626669,26.374,4245.574
4189.594532586668,26.364,4156.206
4176.569635759999,26.311,4170.1714
4136.757227804445,26.154,4140.6924
4208.009199093333,26.124,4211.8574
4250.205954933332,25.851,4226.2686
4130.589106195556,25.801,4117.875
3971.45666872,25.722,3993.694
3995.656719084445,25.625,4051.041
3778.7721852,25.622,3827.3862
3617.960885493334,25.686,3707.316
3553.710988800001,25.615,3671.712
3496.757199404444,25.637,3604.1504
3499.051850133333,25.572,3590.3936
3453.368343564444,25.459,3508.7627
3002.658628275555,25.348,3088.1128
2523.925787733334,25.36,2461.163
2818.8415091377783,25.448,2975.8032
2962.190584533333,25.367,2992.5903
3024.763363333334,25.412,2969.326
3007.227703333333,25.379,2953.6404
3073.733989440001,25.264,3030.673
2740.928590746667,25.306,2752.901
2667.751072,25.15,2637.3977
2542.1835127466657,25.22,2356.4268
2790.904146382222,25.269,2815.6677
2317.3951701333326,25.242,2008.0026
961.8964178133326,25.28,1531.3987
1468.6005099377778,25.341,1727.2043
1596.9154244799995,25.414,1881.7354
1852.169725617778,25.463,2056.6226
1923.0990968888889,25.471,2058.0867
2095.362728666667,25.531,2124.342
2247.379445262223,25.539,2202.7314
2290.789198222222,25.553,2221.913
2279.8995466666665,25.562,2215.3289
2175.895282586667,25.584,2136.199
1940.7902020711108,25.565,1952.0498
1749.219584186667,25.593,1812.9832
1759.1836293333336,25.612,1817.0059
1745.2481870222216,25.591,1797.052
1739.320577919999,25.6,1779.9404
1777.10186872,25.594,1803.729
1769.801848888889,25.649,1794.3282
1735.5958112533333,25.692,1758.7534
1767.5128305777778,25.618,1791.7686
1758.2650992533331,25.622,1789.4635
1748.6584256,25.611,1781.3505
1684.5341351999998,25.644,1718.7249
1710.545048053333,25.644,1766.9502
1703.3146212444442,25.588,1798.4897
1675.7090948799998,25.644,1756.0111
1704.6697120266665,25.646,1774.6296
1668.74398208,25.596,1728.0413
1685.4711042577776,25.533,1735.0215
1660.8796270577775,25.533,1704.314
1600.814149831111,25.47,1634.2869
1416.9292216,25.559,1455.7708
1266.0421954399997,25.49,1304.2754
33.79500621333273,25.533,871.9386
907.8688959377774,25.484,977.50793
1056.6973869333328,25.484,1107.7147
1179.934059111111,25.518,1198.7216
1239.9359483555556,25.504,1250.2788
1236.2994,25.539,1257.3704
1177.2053,25.484,1219.2566
1193.815573671111,25.477,1222.1648
1233.3210422222216,25.503,1247.6578
1236.7617030755553,25.51,1253.8408
876.2633876266665,25.49,1071.307
2137.6078357333326,25.497,2159.545
2156.7018787199995,25.484,2189.0073
2308.560955155556,25.531,2256.3286
2131.248935039999,25.442,2126.2905
1730.6315121066668,25.435,1785.0654
1582.5789777777777,25.453,1636.6925
1496.3031346666662,25.45,1547.3744
1492.8647468088886,25.479,1532.6824
1493.61113008,25.48,1532.2363
1523.0882563555554,25.502,1561.5516
1514.4777486222224,25.536,1563.8811
1512.019441048889,25.556,1571.8799
1527.9389825777776,25.562,1606.949
1550.0270218311111,25.528,1613.4668
1521.4443402666666,25.569,1586.5758
1485.1274093866664,25.618,1545.803
1522.937914933333,25.609,1573.3643
1322.7170037422227,25.575,1390.5099
1572.517947217778,25.672,1600.8413
1610.2846044444443,25.658,1671.1473
1638.8097321777773,25.686,1706.2427
1594.114923946667,25.646,1664.9116
1605.2381094933332,25.665,1664.9867
1617.5414571555557,25.638,1643.4099
1653.9084568177775,25.694,1682.7161
1648.195701688889,25.678,1678.386
1664.8971304,25.7,1704.8695
1652.5370905955554,25.719,1708.5795
1647.229602888889,25.761,1707.7891
1646.626747875555,25.742,1708.9841
1734.9620949688888,25.742,1799.5876
1778.1398486755556,25.74,1851.0635
1770.8429088000005,25.744,1844.6985
1815.9671466755551,25.779,1886.5474
1812.37919408,25.764,1885.477
1813.97301344,25.778,1886.2246
1761.2157141422222,25.799,1837.6815
1898.802218311111,25.778,1963.1431
1926.7663982222225,25.796,1995.8425
1997.8872961511115,25.852,2053.7874
1977.731183182222,25.79,2038.6838
1849.9659318311108,25.801,1923.0326
1691.1134256355551,25.821,1774.8588
1783.45598704,25.837,1853.282
1919.0558546666664,25.821,1990.6992
1988.04514272,25.843,2052.5999
1872.9521944177773,25.843,1951.5037
2355.1121777777776,25.884,2327.153
2347.29036224,25.87,2330.0664
2254.0152508444444,25.918,2263.7234
2369.210890337777,25.931,2370.1777
2401.8274461688893,25.923,2422.2534
2267.595595822222,25.896,2351.762
2259.694456,25.926,2354.4937
2317.589632355555,25.991,2435.9526
2402.933046577777,26.033,2445.784
2367.4420084,25.986,2441.1428
2294.5309960533336,26.032,2448.5356
2376.473496568889,26.004,2448.8481
2361.91276855111,26.164,2449.1074
2375.5470482666665,26.134,2452.4092
2366.416213191111,26.256,2452.1392
2365.19980192,26.128,2452.475
2354.0924609688896,25.756,2450.0635
2216.635566453333,26.041,2383.512
2503.313648044445,26.025,2575.38
2354.453917333333,26.187,2452.486
2408.740170613333,26.338,2469.8853
2270.6630766844446,26.38,2480.3728
4200.506158373332,26.401,4302.0776
4258.155296933333,26.044,4044.7947
4218.877265342221,26.288,3844.9187
3593.8667856,26.189,3251.1755
3173.7705360000004,26.106,3106.2085
2930.2054219199995,26.265,3041.807
3080.691303955556,26.351,3228.0063
3153.6898604000007,26.364,3230.3857
3146.589389084444,26.068,3143.284
3157.368221626667,26.225,3164.1643
3173.5973248888886,26.113,3181.4827
3160.123429928888,25.855,3144.3228
3237.2360454488885,25.785,3209.1162
3266.12790215111,26.138,3256.2783
3235.956088115556,25.766,3201.0798
3215.1652993600005,25.833,3202.429
3170.09067264,25.865,3180.9421
3282.2182467199987,25.837,3322.252
3256.340033955554,25.534,3250.9504
3257.8025785066657,25.407,3246.0127
3310.378379342223,25.741,3339.7412
3278.9088513599995,25.685,3302.317
3245.5897896888887,25.85,3287.021
3270.8317406933334,25.892,3334.3394
3362.6965573244443,25.17,3378.8477
3342.8826210133334,24.922,3310.2563
3522.5875604888893,24.761,3511.473
3599.996945155556,24.675,3560.7185
3561.6570645333336,25.062,3531.3901
3475.9325684,25.269,3489.8884
3419.1351545777784,25.554,3484.2837
3400.6981086133337,25.3,3465.1985
3441.428455111112,25.664,3522.9019
3441.2991552000003,25.729,3510.6104
3512.5666555200005,25.399,3554.5884
3532.747467520001,25.522,3554.7766
3548.3267618755563,25.384,3555.9058
3506.527897866667,25.565,3523.4026
3498.1395964088883,25.2,3509.501
3420.6567516,25.139,3432.905
3512.2850800444435,25.319,3557.1455
3498.726283111111,25.499,3533.7139
3749.898929333333,25.539,3803.0205
3223.554637173333,25.626,3236.4456
3065.609236693333,25.684,3185.361
3152.3856768000005,25.656,3295.7607
3196.393488426666,25.859,3291.5588
3232.7384847466674,25.72,3278.388
3345.1076961866665,25.661,3384.3618
3346.4366265599992,25.746,3362.0044
3387.1204372,25.686,3400.7156
3356.3747197333328,25.915,3379.0117
3272.324697039999,25.896,3304.9617
3337.2018881066674,25.861,3393.0166
3487.2530504266665,25.938,3545.205
3472.0943208000003,25.99,3480.3223
3626.696897048888,25.906,3642.8884
3581.833766044444,25.861,3557.417
3447.73412672,26.0,3446.3662
3525.1246788266662,25.898,3573.8428
3443.4457899022223,26.057,3482.9958
3430.377367306668,25.889,3472.514
3484.8377050311105,25.954,3537.6165
3610.237636684444,25.754,3638.6377
3587.8049859200005,25.852,3578.0283
3659.603948,25.535,3646.4536
3764.5281546311103,25.778,3764.6716
3628.141078311112,25.901,3607.9683
3621.3753708,25.812,3643.1245
3523.536191457777,25.822,3554.8213
3494.5680962488887,25.608,3534.6504
3568.752536888889,25.653,3623.5737
3549.876509342222,25.954,3598.0864
3423.220526400001,26.019,3468.2195
3275.2209044266665,25.853,3337.8792
3123.023199395556,25.984,3225.0845
3115.9058448,25.812,3218.015
3232.037421653334,25.752,3305.8794
3292.412636444444,25.9,3331.793
3243.202392124444,25.752,3245.4617
3230.6012703999995,25.889,3255.871
3318.4091847111104,26.038,3374.5776
3341.0070456888893,25.869,3362.7212
2885.826308551111,26.027,2985.8477
3241.602779653334,25.978,3383.5276
3239.667383324444,25.991,3297.31
3259.619959555555,26.141,3280.876
3268.15225272,26.08,3302.2769
3259.891333333333,26.175,3300.3784
3238.6532453688897,25.922,3268.1475
3290.21563952,25.492,3297.7322
3295.6370308533333,25.487,3292.3145
3260.7768642222213,25.164,3247.0688
3280.5026334577783,25.06,3281.2163
3246.347869804444,25.021,3250.5505
3279.57501256,24.749,3282.7854
3235.9538721777776,25.06,3250.3389
3268.5822890399995,25.01,3295.6091
3522.089366906666,25.23,3599.96
3908.4711805333327,25.406,3937.7083
3936.985222755555,25.675,3865.5552
3827.939722355556,25.606,3748.4595
3762.890447359999,25.674,3744.0298
3643.05368048,25.674,3659.087
3703.1286316266655,25.559,3749.5654
3750.988800426666,25.65,3785.8765
3762.2926541866655,25.851,3784.5063
3729.5421325155535,25.768,3739.2502
3780.369322062221,25.677,3791.8752
3771.65733416,25.595,3764.7407
3843.348919324445,25.781,3856.5596
3573.421131191112,25.93,3571.2944
3277.0324609244444,26.012,3352.2266
3258.533171911112,26.151,3410.6694
3392.157014577778,26.214,3536.0933
3454.9377107555547,26.35,3536.1772
3676.519932586667,26.433,3743.5679
3655.574772266666,26.488,3644.3184
3704.203865653334,26.493,3691.611
3649.6645390044446,26.522,3634.5264
3580.791469493333,26.416,3576.8296
3436.7101262222227,26.491,3462.8125
3455.2314872799984,26.296,3513.2837
3453.162408071111,26.204,3496.3647
3420.5146649244443,26.111,3444.4756
3451.2135426133323,26.118,3485.7932
3430.217707999999,26.041,3452.575
3467.1979599999995,26.041,3497.8794
3234.114932604444,26.054,3255.5125
3012.869524,26.095,3108.377
3145.0884877333333,26.109,3259.8022
3135.6380895111124,26.163,3201.0652
3207.8820277333325,26.215,3250.6484
3267.4180460444445,26.265,3307.0684
3304.5182195200005,26.384,3338.2188
3265.7405427200006,26.45,3293.324
3278.6629695999995,26.527,3326.3306
3269.0448657599995,26.623,3325.1814
3354.636709546666,26.7,3426.2292
3170.941208479999,26.779,3217.6438
3123.502275128889,26.8,3204.7808
3139.9804553866675,26.813,3236.4255
3204.483270577778,26.682,3271.336
3117.69756848,26.787,3162.4663
3115.1386785244435,26.834,3171.924
3102.60927144,26.702,3153.4753
3088.8969122311114,26.618,3124.5234
3205.92271488,26.554,3241.591
3103.067840142222,26.618,3113.5562
3049.699935288889,26.605,3078.0183
3169.1115111022227,26.478,3214.5713
3034.458434622222,26.45,3051.8323
3015.177022044445,26.458,3045.656
2968.057027697778,26.409,3013.234
3075.042200853333,26.444,3110.7869
3009.5154721955555,26.389,3024.198
3089.419314613334,26.443,3106.3975
2964.034775751112,26.458,2990.5444
2936.516344008888,26.438,2974.8591
2907.486614755556,26.368,2952.3071
2838.7189391111106,26.445,2888.7568
2971.6497766400007,26.388,2998.4893
3048.2448687999986,26.367,3050.4275
3038.509025653333,26.257,3014.9873
2720.046913608889,26.305,2758.2139
2759.313257671111,26.2,2815.0393
2843.880704746667,26.151,2883.8586
2765.3486873422216,26.125,2777.955
2720.3636064,26.146,2726.5645
2641.929027377778,26.145,2625.2632
2614.484049955556,26.02,2574.4404
2633.7142351288894,26.02,2608.3281
2550.6008577777766,25.951,2473.772
2640.598140737778,25.971,2616.1235
2634.4172661333328,26.084,2609.6326
2421.4398183111102,26.09,2344.0244
2652.036329466666,26.062,2663.1157
2560.59103888,26.097,2512.7188
2535.613107022222,26.081,2477.0298
2530.731068888888,26.081,2483.3967
2427.9891254666663,26.006,2381.7878
2435.603701333333,26.082,2398.0312
2439.198517164444,26.088,2408.1091
1412.9873955022229,26.088,1821.2534
1557.5994785777775,26.13,1819.418
1692.3195525333333,26.103,1919.2539
1733.8967691999997,26.156,1909.0371
1672.2941030399998,26.196,1804.0245
1549.5712489600005,26.225,1660.5928
1626.432088302222,26.243,1689.4023
1567.223670133333,26.264,1632.754
1568.3471296266666,26.324,1618.4331
1518.4810853333329,26.337,1568.2622
1498.8376085511106,26.388,1539.3628
1495.5251658400002,26.401,1526.3708
1453.4305725333336,26.37,1485.5029
1463.46449832,26.39,1481.3701
1373.4939673066665,26.341,1403.7021
1419.2445866311111,26.411,1427.7792
1432.6087897600005,26.385,1434.0178
1398.9126833066668,26.404,1406.5078
1413.6081654933332,26.388,1411.0426
1406.009022008889,26.426,1403.9471
1404.814066791111,26.418,1400.3282
1365.989004088889,26.402,1365.9918
1389.4541619199997,26.401,1386.7316
1393.9757462755556,26.423,1417.6809
1607.1018400888884,26.404,1626.5544
1020.4450338133332,26.439,1178.9386
1074.2487145333334,26.432,1153.6422
115.69799479999952,26.416,882.4719
760.7466001777779,26.477,953.90845
793.4800278044441,26.471,1000.8036
1005.1338656,26.449,1092.0051
1209.8473478488888,26.475,1213.6405
1190.0141446400005,26.454,1228.6697
1135.549137493333,26.44,1199.322
1166.10238976,26.424,1210.5416
1170.6711271288889,26.46,1216.8938
1182.26372352,26.455,1224.5311
1178.179765333333,26.365,1223.8278
1167.5895017599996,26.35,1216.645
1174.622170968889,26.342,1219.4373
1213.370079911111,26.312,1243.1931
1179.4832304711106,26.339,1227.5165
1211.1676473599994,26.358,1243.6741
1199.8755638044445,26.343,1239.7424
1199.108539591111,26.313,1239.0276
1206.769980853333,26.312,1243.0178
1188.8823151200002,26.313,1231.9445
1196.5148676799995,26.209,1232.7188
1174.7521066666666,26.286,1236.3646
1231.8510894755557,26.218,1270.5385
1196.24949312,26.171,1264.2213
1212.7707869333328,26.19,1264.0166
2216.4214041599994,26.222,2245.7048
1813.0696584,26.258,1926.0532
1989.08828,26.208,2027.184
1831.2234520888887,26.209,1893.4357
1700.981402951111,26.147,1769.6741
1649.5317968888887,26.112,1715.7391
1636.2045276088886,26.121,1702.9666
1619.8284213866664,26.121,1687.9512
1660.1181875199998,26.151,1728.8704
1647.2414813866665,26.115,1720.3807
1627.0306383644445,26.164,1699.4526
1635.2902896711114,26.115,1703.6055
1639.868549866667,26.114,1710.6748
1614.1453619199997,26.117,1685.8469
1666.9211328,26.112,1736.5343
1736.1948282577782,26.036,1812.442
1705.0913468799995,26.11,1789.1814
1694.2161763555555,26.079,1774.4844
1728.4954528888886,26.059,1808.2517
1703.7945714755558,26.043,1788.7456
1706.24510056,26.05,1789.7024
1733.9365349777777,25.936,1817.6311
1836.9810243555555,25.868,1911.2029
1911.4075332,25.887,1957.6278
2034.6005456977773,25.837,2071.4219
1744.093480826667,25.874,1819.2771
1591.1850664444444,25.895,1660.019
1700.3610801066663,25.888,1756.7257
1773.491669413333,25.908,1848.4717
1849.374929697778,25.894,1927.2196
1835.0398966311109,25.897,1913.3469
2109.2307904,25.764,2140.5435
2173.307243093333,25.83,2193.1477
2070.971631395556,25.831,2102.9082
2112.715844533333,25.751,2134.172
2078.050853928888,25.84,2112.4612
2132.2346279466665,25.838,2164.5972
2188.358260444445,25.852,2220.9102
2040.12736816,25.825,2085.5527
1916.2330841333333,25.866,1979.3135
1826.6091872711108,25.804,1905.2837
1787.3777707199995,25.797,1871.7527
2130.747292373333,25.816,2173.1216
2243.44138032,25.857,2268.3164
2224.687471555555,25.85,2242.538
2254.153712604444,25.807,2264.0215
2278.525841075555,25.892,2298.4285
2251.52431088,25.882,2290.002
2240.432348746667,25.828,2299.034
2381.59794176,25.993,2430.5176
2378.842788186668,25.887,2458.2139
2392.462753386667,26.028,2442.4753
2423.1227700711106,25.831,2461.301
2383.9378602666657,25.831,2452.9155
2396.75486184,25.747,2457.9377
2390.5486582400003,25.938,2458.9775
2404.8742406755555,25.832,2465.065
2374.8225518933327,25.82,2454.6626
2232.0744159999995,25.926,2413.342
3188.591673386667,25.948,3691.6445
4194.010697457778,25.79,4241.0947
4130.1590314488885,25.75,3807.641
3587.91627304,25.534,3182.6165
2980.033575191112,25.813,2958.3086
2596.301493324444,25.79,2770.2075
2853.2877343999994,25.649,3021.4019
2981.8492619733333,25.796,3058.4612
2996.378312444444,25.781,3005.4265
3121.075727777778,25.818,3115.808
3087.118370062222,25.876,3076.1501
3089.6976983466666,25.704,3080.6953
3073.1935672800005,25.705,3072.0068
3105.659702506667,25.919,3106.9756
3061.2065910222227,25.655,3052.09
3093.41436048,25.494,3074.2295
3138.6330825422224,25.686,3142.8027
3196.112709431111,25.749,3222.0015
3188.7075938311104,25.46,3191.8167
3240.4331173333326,25.648,3259.2
3368.080723697778,25.615,3398.4004
3317.2205035199995,25.825,3324.125
3329.8458410311105,25.886,3362.7305
3315.240314506666,25.798,3353.4727
3319.795118133333,25.739,3356.787
3278.404539786667,25.583,3303.0132
3296.507165457778,25.529,3324.8538
3288.841809333333,25.906,3338.8174
3261.979304488888,25.417,3286.2883
3324.341606462222,25.681,3364.85
3280.64943264,25.566,3302.6619
3333.41814,25.444,3355.7915
3273.0704747999994,25.413,3285.0781
3210.6845078222223,25.537,3241.615
3264.3323590933337,25.578,3320.0994
3378.9629693866664,25.524,3427.7546
3137.278826666667,25.678,3159.1577
3002.627874133332,25.749,3080.306
3271.591433564444,25.637,3388.2212
3320.9534376,25.969,3375.9033
3182.0930708,25.932,3193.1477
3201.8123121600006,25.94,3252.8848
3287.4427549511106,25.898,3348.5833
3234.76103392,25.249,3226.7312
3384.3862517777766,25.797,3422.9067
3225.20614776889,25.69,3235.395
3274.7544955200005,25.607,3311.972
3499.060504284445,25.546,3554.0928
3338.462380586667,25.513,3316.1665
3371.669015146666,25.511,3388.357
3370.154846115556,25.616,3408.637
3367.648381777777,25.529,3399.4558
3437.6386658666665,24.858,3437.2507
3517.730022266667,24.719,3499.421
3478.0864005333333,23.45,3401.0774
3570.685158346668,23.616,3531.338
3317.280176639999,24.303,3320.913
3386.542366222222,24.501,3470.3813
3306.8164672177777,24.082,3357.7073
3291.2222714666664,24.147,3333.2488
3387.509786666667,24.471,3457.6133
3293.562874666666,24.613,3334.3716
3229.2027144,25.024,3298.908
3247.126218239999,25.17,3341.849
3204.4635216,25.241,3280.1028
3132.48002768,25.034,3186.062
3173.553474239998,25.454,3251.6597
3178.437268355556,25.661,3255.7917
2889.9547392,26.267,3006.1177
2974.7847219200003,25.862,3081.5852
2886.846115022222,25.749,2970.3225
2934.576874453334,26.117,2997.6367
2823.105875866666,26.123,2894.904
2862.4916849422225,26.425,2932.4592
2842.7837188977774,25.751,2884.4836
2859.9905327999995,25.737,2880.0422
2908.030235644444,26.149,2941.118
2964.7024192888894,26.026,2987.504
2698.2950832355555,26.29,2733.3567
2905.126192711111,26.561,2985.0996
2975.182368053333,26.623,3041.0762
2898.0908464444456,26.228,2914.8472
3055.967599431111,25.824,3051.6694
2999.328770133334,26.266,3009.1216
2991.952535084444,26.309,3018.0676
3008.008781226666,26.364,3051.3735
2934.6061066666666,26.092,2971.9758
3063.698537066667,26.255,3104.5845
3062.947907066666,26.197,3083.6565
3039.6741431466658,26.143,3049.3845
2991.4954312533328,25.818,3004.4731
3146.090166133333,25.853,3164.1436
3301.3363762400004,25.526,3296.798
3411.6596471466664,25.447,3370.3962
3375.488498888889,25.633,3328.0176
3409.5917754666666,25.587,3397.0193
3349.4866442488888,25.537,3341.9004
3370.37636304,25.546,3386.0554
3410.429537351111,25.618,3440.682
3402.0680716800007,25.664,3425.8691
3433.246984604444,25.712,3467.554
3422.5759854400007,25.807,3456.0662
3484.741242453333,25.858,3527.1
3499.3634508088894,25.801,3520.8484
3535.2877671199994,25.669,3543.066
3544.5810922666665,25.569,3540.887
3450.2249851733327,25.661,3451.9087
3597.746970666665,25.793,3650.7117
3632.32490624,25.618,3638.9917
3842.7296654400006,25.692,3848.6113
3810.530462800001,25.792,3770.7104
3706.1672645422223,25.764,3674.7842
3736.6469868,25.596,3744.654
3578.461199573333,25.46,3574.6943
3628.558621306666,25.523,3676.6646
3588.796889973333,25.567,3632.9
3542.4965119733333,25.665,3591.8923
3707.0783829333336,25.71,3777.588
3699.5967249066666,25.74,3717.6475
3700.243287342222,25.785,3711.8174
3712.704084195556,25.823,3733.9746
3616.7311739377774,25.822,3630.8835
3456.335628640001,25.882,3494.5671
3416.0453140533327,25.644,3480.5205
3394.4993667733333,25.523,3452.792
3375.983846568888,25.639,3431.0464
3359.431915057778,25.736,3415.8562
3348.1724406044445,25.749,3401.3376
3337.542024657778,25.524,3371.0208
3301.460602666666,25.495,3326.3743
3359.419230764445,25.328,3386.347
3338.4685800888888,25.17,3342.0288
3356.355643804444,25.2,3369.8743
3208.397929022221,25.152,3221.4922
2951.75846416,25.165,3031.565
2809.95042968,25.162,2941.085
2859.083668124444,25.2,2943.1711
2813.43912736,25.049,2856.9473
2875.0200871111115,25.132,2880.4695
2802.6857134755555,25.128,2805.546
2726.396324080001,25.174,2718.0464
2598.31704768,25.22,2497.7617
2769.532325466668,25.268,2786.2368
2647.698681919999,25.292,2579.5833
2612.968580240001,25.314,2512.8933
2715.103116835555,25.381,2721.1694
2640.232417848889,25.354,2575.0718
2623.8605781511114,25.369,2549.4685
2722.779269688889,25.405,2742.4453
2649.3133529866664,25.422,2621.6575
2594.269766,25.432,2526.3706
2432.9526595733323,25.474,2352.713
2535.0535041333324,25.445,2475.1414
2417.778968,25.483,2358.058
1463.6291985066669,25.496,1871.0906
1595.7454233066665,25.48,1867.7789
1757.0940919999996,25.572,1983.0278
1896.910336106666,25.655,2041.0559
2001.0733896533327,25.783,2070.999
2092.328925866667,25.82,2103.0798
2160.247989333333,25.841,2137.696
2152.6788792000007,25.909,2123.4783
2218.2239292266663,25.902,2182.2908
2190.41876352,25.868,2167.496
2187.0294849422216,25.922,2172.3838
2201.3435626666665,25.944,2192.018
2208.444670933334,25.971,2211.4146
2233.9085953244444,25.958,2243.4038
2204.6810584,25.999,2216.2554
2218.7614414399995,25.985,2237.5388
2191.4231632266665,26.102,2213.9304
2125.6426800000004,26.134,2138.8286
2148.558917555556,26.142,2167.7769
2126.860471137777,26.135,2150.0793
2075.9517984266668,26.114,2099.4048
2036.35379264,26.03,2058.2893
2018.1974616266664,25.983,2056.06
1964.984813315556,26.006,2043.0905
1899.945608435556,25.937,1985.493
1864.698029973333,25.976,1949.133
1800.682007288889,25.928,1884.543
1659.2807493511114,25.934,1739.1868
1587.963028871111,25.907,1649.2742
1571.8889119999997,25.948,1619.9377
1499.120561564444,25.927,1546.2812
1502.7581905244444,25.874,1533.3765
1710.0155635199994,25.845,1736.5952
1088.0609947199998,25.804,1236.3193
1105.7651836000002,25.803,1180.8088
91.0720756622221,25.839,879.0188
751.4399235111109,25.852,944.13464
873.5869376888886,25.872,1021.3192
1091.4177317333329,25.851,1129.4426
1286.3113060977776,25.816,1258.6106
1214.2044381244448,25.866,1241.2355
1139.1731249866666,25.81,1190.3083
1169.9274360533332,25.865,1198.6516
1182.723311111111,25.837,1207.1931
1201.1260024711112,25.874,1220.2819
1175.8705555555557,25.769,1205.7794
1167.0136956266667,25.83,1200.5468
1148.1058333333333,25.832,1189.3744
1184.6181533333329,25.874,1208.925
1169.2702806666662,25.88,1205.7915
1165.6048552533332,25.826,1205.2566
1176.4777574400002,25.907,1214.0723
1149.0791924444447,25.782,1198.2672
1195.2868282666666,25.749,1223.647
1174.418609777778,25.739,1215.3228
1180.6752349866667,25.691,1216.4644
1172.2467811555557,25.666,1226.9473
1193.7819235555553,25.824,1245.2848
1176.2274321600005,25.684,1244.178
1168.459395324444,25.623,1229.7631
1159.828912711111,25.604,1220.504
1167.777175271111,25.617,1219.1451
1155.4898666666663,25.73,1211.2527
1170.1420222044442,25.79,1220.5071
1172.142030062222,25.745,1223.1444
1193.0820831288886,25.647,1233.658
1218.6832512711114,25.706,1252.8895
1175.3633317066665,25.757,1230.5526
1188.6556944355557,25.708,1233.427
1164.45237664,25.79,1221.9282
1193.0909189333331,25.531,1231.5435
1179.4832304711106,24.96,1217.5282
1050.8041871644448,25.04,1153.5493
1197.2400208,25.103,1218.0839
1211.3166520000002,24.991,1238.6935
1249.6966291022225,25.218,1272.4594
1232.1743148000005,25.038,1261.0
1240.6015937066668,25.364,1272.3431
1232.9386596266663,25.284,1264.8357
1241.6897064888892,25.22,1268.6162
1222.5982951466667,25.4,1260.7765
1209.1429206755554,25.364,1249.0916
1265.5276227822224,25.239,1281.3397
1250.711114062222,25.328,1281.1472
2147.040897706666,25.516,2187.5383
1977.9732618666671,25.527,2060.8384
2004.532306666667,25.503,2045.2484
1941.9953240533328,25.486,1984.1467
1796.2648212,25.44,1858.4568
1811.9705660711109,25.573,1875.5459
1791.6016403999995,25.62,1869.1301
1704.9549345422226,25.677,1789.0775
1670.443588888889,25.683,1748.8638
1655.6087972266664,25.704,1732.1312
1639.5998845866668,25.274,1709.9258
1610.03183616,25.355,1687.3687
1671.20837504,25.414,1743.2921
1766.673254488889,25.613,1850.1272
1773.233571466667,25.638,1860.7302
1921.0228924444448,25.826,1997.0304
1696.8143104177775,25.919,1797.8413
1476.3220155733334,25.823,1570.78
1641.8499778488883,25.837,1699.2438
1750.4017177066664,25.771,1833.6692
1845.83376448,25.765,1938.3853
1833.49693904,25.832,1926.9504
1992.199372799999,25.822,2050.1643
1931.387353937778,25.895,1976.7612
1932.9987307911103,25.926,1977.0085
1982.9952627288887,25.909,2019.6882
2042.0487084799995,25.774,2072.9438
2053.4504244800005,25.888,2089.5776
2134.9662609066663,25.809,2157.3599
2149.424475893333,25.862,2173.8367
2161.7485855999994,25.935,2188.9133
2112.78346848,25.977,2148.2402
2281.672576355556,26.005,2308.9944
2154.3132841066667,26.065,2202.0051
2168.082744177777,26.015,2210.6213
2177.993493866667,26.052,2227.3364
2103.4108341866668,26.136,2152.5107
2206.754745315556,26.054,2255.2085
2241.4466974666666,26.028,2294.5574
2293.061108515555,26.094,2351.8037
2405.90605024,26.284,2461.518
2317.6384284,26.237,2410.998
2333.418112,26.234,2441.223
2392.62153936,26.274,2453.5227
2228.239108622222,26.202,2360.5884
2843.241796204444,26.225,2968.842
2421.097871048888,26.233,2482.074
2379.5723231111115,26.423,2458.537
2578.945042488889,26.003,2646.3425
4394.610968346668,26.326,4375.7583
4263.682291733333,26.277,4021.0317
3841.192629048889,26.116,3394.8525
3342.660809484444,26.082,3143.6167
3244.856862737777,26.173,3268.2031
3235.6821863288883,26.264,3305.5327
3262.6074128088885,26.409,3315.9795
3239.1563040000005,26.587,3281.7974
3204.488172888889,26.347,3230.1492
3182.761852,26.455,3223.1436
3133.542157048889,26.762,3191.8284
3239.01656368,26.721,3298.7837
3283.36895072,26.332,3277.3303
3294.405923128889,26.047,3242.5305
3283.5922958222227,26.029,3244.5564
3180.37008311111,26.08,3164.4292
3194.0896164622222,25.977,3212.4087
3319.888505413334,26.104,3362.8013
3260.1252283022222,25.839,3248.414
3301.7057962399995,25.983,3311.7678
3421.1360520711114,25.978,3461.5383
3418.5213176888883,25.913,3420.443
3444.0714854933344,25.878,3450.7217
3453.780857324444,25.689,3460.3372
3481.419403839999,25.689,3491.725
3479.484425546666,25.943,3504.9272
3475.088433511111,25.833,3498.9768
3475.2474384,25.911,3506.2412
3475.7414132000004,25.954,3510.6423
3450.6288063555544,26.008,3486.2417
3431.7385539555544,25.897,3464.1501
3495.213550133333,25.914,3537.1558
3464.6931037600007,25.981,3489.5083
3500.029801813333,25.287,3489.2388
3575.3470372977786,25.35,3567.4414
3544.1703636,25.53,3536.5454
3494.343703146668,25.169,3483.4226
3477.7793784533333,25.316,3497.8208
3456.038136373333,25.744,3514.6057
3404.0123445688887,25.574,3455.6667
3231.240472382222,25.546,3283.9102
3264.0199339911114,25.604,3349.2097
3313.363104302222,25.624,3390.1511
3329.143070862224,25.557,3370.5208
3296.585837653334,25.593,3326.596
3325.457799822222,25.672,3372.214
3337.010360284444,25.668,3378.6836
3298.116923733333,25.923,3344.7844
3392.323285599999,26.153,3471.5483
3461.101063964445,25.919,3500.7275
3397.88630016,25.99,3405.4783
3414.6836662844435,25.92,3439.545
3451.9723714666666,25.883,3480.5625
3474.5859757333337,25.891,3493.8599
3536.293804035556,25.971,3561.3828
3414.410479466667,25.869,3417.3237
3439.0978824355548,26.015,3485.9966
3349.5115715111115,26.25,3412.213
3516.200567573333,26.026,3589.1536
3462.6804232533327,26.007,3476.0295
3487.5801766399986,25.923,3500.6707
3523.330167466668,25.815,3536.9316
3482.856675288889,25.489,3466.5632
3434.877973031111,25.555,3437.621
3399.472925582221,25.41,3418.5173
3543.0194010933333,25.3,3581.0796
3563.969981902222,25.335,3567.267
3674.987015999999,25.325,3682.8713
3583.238249066667,25.191,3558.3682
3563.551289599999,24.89,3555.706
3366.152092791112,24.913,3379.2441
3344.571280879999,25.006,3413.292
3354.2256513422217,24.8,3421.4375
3360.927755733333,24.98,3418.5308
3397.013530417778,25.224,3463.513
3420.667334071111,25.216,3474.2212
3428.5107430666662,25.501,3483.3875
3383.425921635556,25.252,3415.773
3381.3466849777788,24.973,3403.733
3505.977027146666,24.733,3525.8442
3450.643933653332,25.047,3454.8396
3470.177577706667,25.31,3509.4697
3548.500000933333,25.237,3589.6438
3490.9790968177776,25.314,3506.5298
3468.675510746666,25.18,3488.5366
3450.1395626933327,25.054,3474.2544
3473.169468657777,25.256,3515.4287
3450.773280142223,25.126,3481.3262
3454.8812352000004,25.067,3485.2776
3426.275427768889,25.09,3457.7927
3460.790959599999,25.023,3496.3413
3457.109602257778,25.033,3484.1248
3514.487767608889,25.069,3545.8032
3641.484224791112,25.206,3674.662
3592.93139087111,25.064,3580.082
3642.70652,25.1,3648.9673
3682.304128711112,24.61,3663.7837
3590.958529706666,25.088,3590.8184
3634.399437377778,24.91,3664.435
3632.2122672,24.982,3661.3147
3608.9998532,24.944,3632.3887
3622.921656373333,24.908,3652.8403
3639.292743840001,24.561,3649.7393
3679.575881955556,24.769,3696.5354
3632.828952319999,24.763,3645.1655
3776.1225978311104,24.302,3784.122
3331.836459973333,24.475,3335.7292
3297.6356472000007,24.597,3397.2134
3286.462697955556,24.683,3399.6248
3380.2434705155565,24.894,3475.999
3423.4578751111108,24.947,3481.9922
3375.078599306665,24.97,3404.6436
3415.0540946933324,24.942,3453.4077
3334.493213333333,24.983,3362.3967
3322.0412615999994,25.058,3364.692
3265.8798417155563,24.566,3288.8438
3359.27395584,24.465,3383.252
3353.8939011200005,24.606,3365.4446
3305.5893104533325,24.726,3323.7065
3217.5726543377773,24.88,3260.487
3332.3658618311115,24.979,3396.396
3228.6755704000007,25.058,3263.5222
3225.1535009066656,25.155,3269.1592
3096.3197238933326,25.299,3156.7249
2942.4980089511114,25.414,3041.766
3023.029797831111,25.372,3100.7031
3146.4051041066664,25.339,3192.814
3106.56665568,25.164,3099.3186
3064.7404772977784,25.204,3067.0889
3102.8686316444446,25.297,3128.4124
2963.347343644444,25.176,2994.9536
3031.356708613332,24.99,3053.7954
2955.2167174400006,25.308,2990.9478
2946.3652325866665,25.311,2980.8042
2662.1843545066663,25.215,2695.0059
2567.938569208889,25.087,2502.3455
1439.692673564445,25.062,1937.8708
1524.1713760000002,25.144,1884.8528
1900.69249824,25.15,2145.792
2381.1918871733333,25.24,2312.789
2442.594690417777,25.255,2327.8179
2403.6760180266665,25.347,2344.7717
2386.0635303111108,25.322,2343.8806
2386.2649978311106,25.315,2364.4617
2377.063090888889,25.256,2347.3496
2434.013901635555,25.232,2422.3257
2403.2857044,24.902,2407.8914
2511.4693540533326,25.181,2529.685
2401.084933511112,25.029,2418.8599
2356.6977691733337,24.91,2386.675
2424.4213177599995,25.068,2449.069
2408.084170355556,25.105,2438.8738
2340.0189469866664,25.166,2391.766
2428.647519822222,25.22,2464.0781
2465.72052448,25.149,2495.6335
2354.2859124533334,25.218,2422.836
2398.405966044444,25.215,2449.1934
2353.5803744000004,25.332,2444.7124
2432.416354888889,25.253,2487.2776
2342.039820524444,25.296,2448.7754
2233.3653936355554,25.302,2416.8074
2139.5267936,25.341,2259.7244
2179.929969635555,25.351,2277.9038
2282.7844484622224,25.391,2390.6968
2206.706546631111,25.364,2284.735
2228.6250078400003,25.434,2290.7644
2040.148400355556,25.45,2081.6482
2006.4704231377773,25.477,2043.1833
1821.284210773333,25.469,1894.9419
2129.395460871111,25.503,2152.9287
2240.122061564444,25.531,2255.8472
2206.2363812266663,25.594,2218.5986
2226.5884457422217,25.622,2232.5796
2171.965015928889,25.653,2184.878
2160.9343944,25.66,2179.7998
2195.927450924444,25.591,2222.867
2169.3371070222224,25.614,2197.488
2142.5714385422216,25.604,2168.714
2099.9351351999994,25.702,2129.8179
2042.0813012800008,25.668,2072.0098
1965.5983241599995,25.623,2004.9312
2009.7435367377784,25.633,2041.4364
1912.4506669866664,25.703,1969.091
1869.1551786311109,25.632,1931.2742
1786.753905635555,25.621,1859.3796
1824.2469999288887,25.691,1887.8632
1789.9380393777778,25.675,1856.1493
1828.1727706666663,25.664,1890.9458
1824.680800897777,25.722,1890.988
1811.3992512,25.659,1881.6951
1763.5503192888889,25.65,1835.6079
1796.719891911111,25.603,1864.918
1819.47358816,25.638,1878.5222
1776.4732294133328,25.618,1833.5433
1782.9810928266663,25.624,1836.5342
1763.0568975999995,25.646,1818.0701
1767.2853668355551,25.676,1823.0286
1732.2540163911106,25.69,1788.6417
1775.904522897778,25.68,1828.523
1769.0682547111112,25.646,1826.5419
1683.31830848,25.689,1741.8411
1515.6072713777776,25.661,1567.6731
1431.359769386666,25.689,1468.7571
1486.5631263022217,25.697,1502.5586
1549.838962888889,25.663,1570.1445
1547.7954828266666,25.649,1581.4805
1632.24586248,25.555,1671.4431
1594.4477710755557,25.381,1642.4541
1602.6651495555557,25.416,1647.0156
1673.220963555556,25.339,1720.1693
1640.730490275556,25.027,1689.0803
1652.9018167200002,24.98,1700.1995
1630.8124558222223,24.884,1680.1449
1645.4287488000002,24.94,1695.8838
1641.6483822400005,25.003,1693.6672
1663.6263314222224,25.003,1714.5
1608.4802092800005,24.898,1660.166
1618.5528388711116,25.022,1666.2214
1589.4590744888883,24.928,1636.0029
1559.7548722311112,25.128,1607.3044
1623.2561708800006,25.097,1664.627
1609.8797795111109,25.126,1657.6918
1573.659471902222,25.033,1618.9674
1570.3103585066672,25.069,1616.2603
1641.8573930311106,24.974,1691.0574
1535.5790329955555,24.975,1598.8967
1583.647683928889,25.031,1630.707
1618.4372083733335,25.069,1669.7637
1474.6633319999996,25.156,1536.2375
1683.1450112,25.208,1721.429
1626.8196631555552,25.151,1688.4718
1671.4594106311113,25.081,1724.7246
1664.421070577778,25.086,1721.8162
1652.5618560000005,25.178,1712.1782
1634.505908248889,25.11,1690.8235
1678.656281644444,25.087,1734.7451
1672.135177333333,25.059,1732.9893
1620.911810017778,24.939,1678.8157
1652.8088952177773,24.914,1705.2244
1671.7279163822225,24.892,1730.7239
1694.481273777778,24.806,1754.9692
1673.084163457777,24.896,1739.272
1694.2407810666668,24.998,1759.4956
1767.8441359822216,25.029,1834.4324
1857.435012693333,25.151,1928.8627
1874.560804551112,25.188,1947.1329
1906.94910016,25.23,1971.5383
1954.575909635556,25.223,2009.4528
1880.2659512,25.227,1950.1498
1933.31137248,25.294,1991.6677
1959.137872266666,25.244,2017.3367
1930.9399522577776,25.28,1998.0082
1926.6339589688887,25.244,1987.7378
1974.593671466666,25.303,2030.652
2023.69689752,25.359,2072.5974
1576.8528664711114,25.355,1690.3405
1697.7280290133333,25.355,1758.015
1691.639551911111,25.336,1770.0115
1773.135795395555,25.408,1852.8538
1839.1813085066665,25.433,1922.5001
1817.6735573333333,25.361,1900.5597
2051.6411992000003,25.466,2098.1833
2081.7784478666663,25.403,2121.983
1995.597855146666,25.353,2045.0663
2085.364763253334,25.45,2117.1924
2014.5553507199995,25.46,2063.1782
2024.3032458666664,25.429,2067.3713
2089.243467146667,25.418,2123.1416
2166.137791253332,25.405,2191.329
2135.8065938844443,25.453,2164.7905
2245.7552315733337,25.261,2259.0625
2199.19687207111,25.206,2226.526
2187.259148319999,25.338,2217.8096
2215.073840346667,25.131,2249.8833
2272.1611193244444,25.113,2312.4946
2324.49149952,25.112,2364.2263
2304.2016128444448,25.23,2359.6543
2386.2438724800004,24.989,2435.4688
2334.9399162933328,25.017,2429.629
2360.1063262933326,25.243,2470.8071
2302.579945795556,25.2,2434.7
2226.662870044444,25.226,2342.9697
2230.53368832,25.367,2343.525
2425.652899413333,25.318,2471.0398
2374.3633415822223,25.325,2447.2893
2424.0474588977786,25.41,2470.9653
2382.7034909333333,24.838,2455.186
2458.8956224355547,24.795,2510.6438
4206.869284835556,25.163,4331.866
4280.762637653334,25.249,4084.913
3884.288679511111,25.028,3409.214
3366.7122895466664,24.753,3139.2437
3119.0140451199995,24.843,3116.5232
3156.42804336,24.793,3232.3577
3139.7602391466667,24.98,3198.8901
3208.627512053333,25.058,3259.3496
3126.104794488889,25.22,3158.5505
3152.553123911112,25.016,3193.3982
3177.9721426666674,25.017,3204.4885
3227.55104311111,25.08,3234.7495
3189.779609333333,25.169,3185.1177
3186.4164445866672,25.142,3187.7234
3219.8665179022214,25.15,3238.3174
3203.6533244444445,25.182,3220.9487
3232.718534319999,25.172,3264.546
3238.078664231112,24.938,3257.9578
3276.161184,24.748,3285.5261
3214.6808997866665,24.711,3221.5757
3494.2577415288893,24.861,3552.3625
3423.280140133333,24.932,3410.995
3437.417799866668,25.054,3446.8496
3502.7185785600004,25.086,3537.4604
3416.36679504,25.16,3437.7134
3341.743328568889,25.244,3388.4363
3421.0813429777777,25.092,3485.236
3380.2837754311104,25.053,3416.521
3344.5712808799994,25.09,3384.4595
3398.47580016,25.229,3457.7432
3394.9147869866665,25.244,3438.6392
3408.862516515555,25.323,3448.88
3421.4503263111105,25.242,3452.7847
3383.5639409066657,25.384,3416.358
3441.63632824,25.139,3471.918
3472.306610666667,25.196,3491.0935
3143.735568640001,25.064,3175.3232
3199.530522719999,25.109,3280.1726
3241.4928060266666,25.191,3317.1208
3316.0128698311114,25.232,3362.0684
3436.383441333332,25.188,3468.512
3472.046056906667,24.717,3447.3972
3450.1327227466672,24.866,3428.4404
3445.532930808889,25.011,3456.1167
3510.5001951466666,24.812,3529.6423
3452.2183091199995,24.0,3421.9534
3492.63554,23.73,3474.5825
3482.7448047822227,23.502,3469.8774
3531.811123768889,24.112,3560.6873
3358.4567440711103,24.508,3407.6982
3424.1730093511123,24.0,3491.13
3515.989579555556,23.969,3565.2524
3450.309685697777,24.327,3479.3643
3548.78576608,24.39,3609.6
3453.5042190933327,23.943,3471.7212
3381.849126453333,23.732,3408.328
3433.745503066667,24.204,3499.3174
3449.61989792,23.693,3484.034
3583.694378257777,23.847,3611.9863
3517.8078013333325,23.789,3513.1626
3587.179211146666,23.997,3606.7769
3515.373332266666,23.751,3519.0938
3553.885376,23.583,3565.648
3476.418569084444,23.617,3488.896
3520.8918766933343,23.387,3547.2512
3385.5150851822223,23.351,3406.8267
3454.712865848889,23.051,3492.099
3390.0363749333337,22.947,3410.6194
3311.565213724444,23.11,3343.4453
3244.338121368888,23.006,3287.383
3325.789778275556,23.066,3371.9377
3256.4368447022216,23.129,3274.4885
3308.1949295644445,23.142,3330.1858
3248.140668266666,23.387,3265.9705
3143.0183558666663,23.33,3164.9307
3228.817036426666,23.44,3265.255
3228.47193352,23.114,3231.9175
3001.915899031111,23.385,3024.7104
3188.672247120001,23.433,3229.4631
3255.054990328889,23.34,3261.5469
3224.157111413333,23.612,3211.8525
3249.031095644444,23.323,3243.6301
3256.9686243555548,23.296,3251.6084
3306.7286017333327,23.495,3304.0513
3257.304489724444,23.229,3248.0127
3210.519666737777,23.296,3217.4143
3184.147939128889,23.493,3210.6113
3189.5142208,23.345,3213.3115
3309.6730939733334,23.56,3330.7932
3332.643995208889,23.39,3324.0276
3173.50126288,23.367,3174.0962
3191.0820963377787,23.392,3218.6262
3252.2152224,23.416,3276.521
3465.850064320001,23.375,3491.0344
3444.980655768888,23.504,3420.0125
3366.772866275556,23.338,3350.3745
3388.913263608888,23.321,3405.3047
3348.0142811022224,23.293,3365.0806
3383.9157871111115,23.394,3410.8804
3295.7278458755554,23.411,3321.0137
3390.555479608888,23.687,3441.2424
3358.7932941333347,23.689,3387.4763
3345.116798648888,23.485,3363.3667
3342.827077013334,23.421,3361.3525
3358.7932941333333,23.471,3378.2583
3318.5031122933333,23.286,3330.4182
3180.5798170222224,23.212,3205.923
3157.956416284444,23.123,3196.1038
2992.046532533332,23.095,3044.4736
3310.164265955556,23.003,3359.7937
3209.997827946667,22.911,3184.026
3119.4863833777777,22.802,3101.4844
3137.568726755556,22.734,3142.3093
3060.4064616533337,22.599,3064.3367
3176.20798488,22.53,3166.9243
3125.1590280533337,22.533,3102.723
3163.5678787199995,22.574,3143.1616
3077.24207512,22.721,3071.4597
3150.5844302933338,22.732,3149.6672
3066.01407327111,23.059,3070.6748
3034.466204960001,23.139,3048.5095
3130.323905084445,23.233,3143.343
3093.4002544,23.38,3093.1719
2883.4195602488894,23.35,2920.017
2832.04439712,23.083,2884.9153
2832.131968,23.202,2879.5808
2796.0830619555563,23.28,2838.4868
2807.901742222223,23.263,2839.395
2807.834893795556,23.254,2835.2598
2879.3798183466665,23.325,2887.6409
2823.697216853333,23.34,2844.7012
2849.475138346667,23.378,2870.0608
2786.603283635556,23.307,2826.2505
2841.0342913333325,23.313,2870.9375
2653.5190363733336,22.974,2685.6465
2684.0068235733333,22.999,2739.6982
1338.2193108533324,23.074,1828.0206
1871.58459168,22.98,2081.1353
2006.0562616888883,23.044,2197.6562
2359.30974848,23.102,2364.4087
2409.057843866666,23.129,2378.3022
2416.582644559999,23.074,2362.6226
2383.2121831466666,22.958,2418.887
2419.5844624,22.897,2403.3625
2381.7027289511107,22.906,2399.832
2426.4140164,22.99,2429.2292
2362.6016923111115,22.919,2413.4106
2199.4777290844445,23.06,2311.547
2197.3773158399995,23.175,2287.4568
2201.9344646577774,23.118,2281.7922
2212.019443182222,23.152,2273.7222
2218.0198952711103,23.064,2262.4548
2069.380185173333,23.061,2101.5603
2094.1721482666667,23.012,2118.0105
2049.097501751111,23.103,2082.4177
2091.8003705599995,23.168,2124.5225
2067.85571896,23.189,2105.851
2070.038219715555,23.185,2112.085
1849.76449808,23.24,1926.9321
1398.1111007111112,23.254,1520.7482
1714.699266488889,23.214,1738.5256
1892.4418201422225,23.188,1974.4065
1919.094096186667,23.221,1996.4843
1946.6690756800003,23.377,2011.6515
1958.0001914133327,23.385,2009.1755
1969.36290784,23.216,2012.8955
1971.4294276,23.22,2016.8562
1967.0416786666667,23.315,2017.8514
1955.6950455466665,23.312,2007.8962
1954.268568497777,23.38,2010.4547
1931.339362524445,23.384,1994.6934
1915.1341688,23.386,1978.404
1874.5007844266663,23.31,1939.9714
1877.4755813333336,23.368,1941.4662
1826.5475299377767,23.228,1893.8632
1806.50502832,23.279,1876.2754
1783.1944039111113,23.225,1850.7325
1780.046598506667,23.212,1846.4033
1773.6906950933333,23.258,1839.1461
1720.1173333333334,23.22,1781.0459
1602.19956624,23.136,1650.609
1695.9497802844446,23.108,1741.0251
1515.47285024,23.225,1577.8219
1489.04778176,23.154,1501.0585
1534.2021740888886,23.144,1534.4756
1485.507525973333,23.09,1486.9242
1471.3310203733336,23.046,1462.03
1451.8422307200003,23.074,1439.9901
1479.26139008,23.012,1458.9369
1441.8879727288888,23.011,1427.3552
1425.5807829866667,22.765,1397.933
1429.9250504000006,22.666,1395.1412
1373.6338520177778,22.592,1342.396
1293.5964850844446,22.592,1268.8732
1073.7879310577778,22.286,1122.033
104.76144524444447,22.891,867.6815
726.92746784,22.79,903.5884
948.8067441066664,22.827,992.5215
1189.0741585066664,22.681,1133.9663
1232.486787644444,22.788,1197.5726
1186.6159277866664,22.708,1180.2028
1172.8733221333334,22.692,1167.716
1166.7017432888897,22.533,1159.755
1197.9368464799998,22.504,1176.8123
1202.4675612444444,22.56,1183.6333
1196.80149568,22.592,1186.0876
1201.264410666667,22.546,1186.994
1205.1222151111108,22.539,1188.7745
1185.730127911111,22.506,1178.8062
1206.7642331555553,22.351,1184.4674
1205.3068866844442,22.463,1189.121
1219.502563697778,22.372,1194.8274
1199.13062328,22.467,1188.4623
1184.7234773333337,22.586,1181.6353
1190.0981686222224,22.428,1178.6858
1177.932027448889,22.529,1176.562
1187.568774044444,22.196,1175.035
1192.062346524444,22.104,1182.7612
1214.2264566044446,22.232,1206.5428
1202.1112936444445,22.357,1199.8933
1222.44459896,22.379,1206.8141
1174.7678848888888,22.729,1187.4501
1139.287530488889,22.739,1162.6642
1164.4206664888886,22.407,1163.3351
1105.3839945600002,22.47,1137.889
1141.74388296,22.53,1150.8505
1131.5830094399998,22.644,1151.0979
1154.12699856,22.43,1156.7627
1184.0558314666666,22.276,1171.226
915.9699208000002,22.265,1053.2106
1202.3442337688891,22.474,1155.8616
1247.7490445333333,22.559,1216.0885
1178.860923413333,22.407,1184.7728
1147.704353848889,22.426,1161.0935
1208.296229831111,22.382,1186.9668
1176.4009600000002,22.375,1176.9823
1200.1014241066666,22.464,1189.4366
1219.545121813333,22.579,1205.7239
1222.1586009244445,22.526,1208.9801
1247.024785706667,22.609,1226.5127
1240.9929378666666,22.679,1227.9717
1240.235858008889,22.673,1226.6168
1235.7099151377777,22.662,1223.4508
1283.6485115999997,22.789,1256.0121
1245.46917992,22.851,1240.6205
1283.3629770133334,22.536,1252.4895
1282.5795341333333,22.743,1262.8173
1274.2248432,22.856,1261.7051
1284.4909615377774,22.815,1265.33
1284.9913663999994,22.809,1266.8988
1277.7021537777778,22.824,1262.5288
1292.4292319999995,22.641,1266.8706
1308.148305102222,22.509,1278.9474
1294.0334917688888,22.631,1271.5845
1221.8803778844444,22.756,1226.1345
975.1639161599998,22.724,1093.5144
1137.8452286399995,22.751,1139.9149
1251.7320384000002,22.786,1216.7349
1262.704249066667,22.842,1244.346
1273.492682453333,22.748,1252.3754
1245.6617545777776,22.782,1237.19
1224.9655990577776,22.606,1216.5692
1210.6827866666667,22.619,1205.0684
1251.0094424,22.571,1225.3516
1260.9117638400005,22.523,1235.5352
1245.8058091644443,22.546,1229.0052
1269.7604575199998,22.676,1244.7317
1267.6527094400003,22.566,1243.9241
1250.9768321333336,22.58,1233.5422
1223.6035844888884,22.662,1216.7263
1238.04425712,22.667,1221.3207
1269.7905001866663,22.646,1241.5437
1258.5945100800002,22.652,1239.5541
1283.8041419288888,22.639,1254.6648
1326.7174421511113,22.593,1286.6204
1292.2417028799998,22.666,1271.6682
1956.8850565333328,22.653,2000.5181
2549.9168864000003,22.679,2407.4426
2568.3520820622216,22.734,2420.5112
2451.7641966933343,22.536,2389.1106
2626.6618320799994,22.614,2478.3123
2483.640752737777,22.465,2478.1047
2523.2839599288886,22.555,2432.9119
2541.611911422222,22.946,2480.0125
2555.9465672088886,22.925,2522.1455
2523.3201136,22.646,2507.6028
2512.8625745688887,22.429,2511.6147
3348.10357536,22.611,3513.2322
4084.991654399999,22.686,4183.132
3647.959359164444,22.778,3214.3452
3158.238146631111,22.915,3017.1
3086.0732672,22.896,3071.8562
2877.6048812977783,23.072,2968.1052
2868.782086026666,22.909,2959.3674
2868.764025493334,23.12,2943.3416
2830.1315036799992,23.148,2901.4429
2832.427937173333,23.23,2887.605
2848.1705273955554,23.176,2886.1138
2872.389240311111,23.186,2896.5137
2838.9653355555565,22.908,2867.229
2799.775809893333,23.092,2841.6707
2884.947721244445,23.106,2907.9697
2814.5333406666664,23.353,2852.0952
2854.000048355555,23.43,2880.3801
2929.479483964445,23.423,2934.2017
2940.0321476266663,23.387,2934.8135
2902.9354069333344,23.845,2917.3735
3015.3278175999994,23.749,3029.2068
2945.1676480533333,23.546,2957.7483
3109.8109108533326,23.683,3118.0964
3047.3588278844445,23.725,3051.612
3039.324275333332,23.639,3048.4614
3144.366443680001,23.637,3150.1748
3053.985918764444,23.681,3060.5183
3128.3270621866664,23.768,3140.694
3217.8902111466664,23.884,3234.3945
3138.91388832,23.771,3134.6973
3172.424703715556,23.89,3186.1392
3180.7957131733338,23.922,3197.586
3230.7025304888884,23.781,3240.2336
3171.67987032,23.812,3175.2622
3069.0007055911105,23.754,3090.6611
2891.9403498666657,23.634,2961.5981
3020.4613408,22.746,3042.6658
2962.130011297778,22.995,2973.7004
3035.9026706133327,23.143,3024.4963
2989.4417984000006,22.991,2983.3809
2982.87107128889,23.246,2983.5361
3024.589324302222,23.353,3022.789
3011.245659644444,23.221,3003.3838
3070.3592477866664,23.368,3053.4219
3130.110876959999,23.436,3108.997
3087.9599292000007,23.513,3067.1443
3109.9338167999995,23.567,3104.1328
3161.326020408889,23.692,3168.058
3228.647113706666,23.776,3238.2515
3123.5972169422225,23.814,3127.0237
3256.432178773332,23.796,3284.2268
3142.286834400001,23.53,3146.978
3259.192692284445,23.508,3272.1519
3256.600438666666,23.626,3261.4482
3206.0930335111107,23.609,3211.5645
3292.934569555556,23.46,3309.5747
3253.0265281066663,23.46,3255.4602
3278.59988,23.548,3290.0632
3185.2875913866665,23.829,3211.1921
3201.193769751111,23.64,3233.3481
3185.62769184,23.889,3219.1
3262.8326501333336,23.77,3290.1875
3218.7512724000007,23.615,3222.2812
3169.123704,23.872,3186.7095
3221.7532159999987,23.629,3245.7573
3234.610543448889,23.874,3253.845
3243.4012606044453,23.775,3254.4644
3217.7446020266666,23.624,3224.4836
3161.086638577778,23.659,3175.9363
3176.3033097955554,24.172,3217.1099
3117.514762346667,24.05,3152.0405
3072.0527109866666,24.373,3116.5293
2830.3998009955567,24.372,2918.891
3226.787863893333,24.285,3315.0234
3266.770712746665,24.243,3259.5227
3249.5076096,23.936,3198.984
3188.8460020266666,23.775,3168.5
3200.6622963466657,24.378,3227.0803
3297.104322844444,23.887,3313.5986
3112.1215144711105,23.362,3107.4316
3203.69150192,23.461,3214.8267
3271.605597866667,23.918,3297.0623
3143.07728024889,23.376,3140.511
3315.1365136000004,24.009,3355.1235
3377.983303644445,23.679,3383.5984
3382.64075887111,23.25,3351.9556
3355.5714300622226,23.245,3336.6753
3320.221842773333,23.34,3328.412
3232.0044271199995,23.375,3259.0708
3301.741951075555,23.363,3351.5576
3233.220678862222,23.665,3272.8767
3235.2579070222223,23.847,3286.7646
3125.142092373332,23.888,3172.941
3177.0977217422223,24.007,3231.6943
3340.49163696,24.258,3401.0618
3247.1157242666663,24.309,3256.4268
3151.819833653334,24.458,3182.5042
3249.3423143822224,24.498,3307.7874
3186.946313386667,24.568,3222.4368
3283.3575112177773,24.585,3319.8682
3171.266724266667,24.64,3197.8987
3316.028214880001,24.772,3362.0483
3171.7126133333327,24.896,3206.8638
3387.415699555556,24.874,3432.6323
3310.647279839999,24.71,3304.0786
3288.6418160000003,24.822,3292.454
3360.375883591111,25.078,3396.484
3366.355296497777,24.909,3379.9727
3346.840199715556,25.274,3374.6262
3409.543264711111,24.857,3430.8352
3451.050690400001,24.677,3449.7073
3359.7823359822232,24.838,3359.7769
3213.4222925422223,23.973,3219.7395
3206.582293475556,24.164,3243.6838
3151.6679481777774,23.86,3179.9128
3092.2016917333326,23.836,3115.0127
3042.165723555556,23.86,3066.7551
3094.352585973333,23.957,3106.8687
2996.958962666667,23.888,3004.1624
3026.5073191733327,23.942,3025.958
3028.8412559288886,23.981,3021.904
3062.047375804444,23.941,3040.9985
3049.43720168889,23.981,3026.3987
2999.001479733334,24.109,2989.3523
3042.637838239999,23.957,3032.9268
2810.1450595822234,23.752,2835.9414
2856.193987448889,23.792,2879.1807
2915.8564551111112,23.807,2922.5437
2831.0088671555554,23.958,2843.3826
2891.89476536,23.741,2891.7114
2865.937345919999,24.015,2875.4446
2798.03373696,23.767,2821.1252
2891.696856382221,23.774,2901.8735
2970.3708533333324,23.822,2964.3096
2809.723326915556,23.807,2830.184
2633.714798720001,23.766,2643.7822
2693.300147555555,23.9,2756.3157
2554.694695111111,24.086,2514.1404
1707.600800346666,23.967,2071.7068
2088.450381502222,24.035,2241.5342
2292.031467146667,24.071,2355.817
2346.3994609333336,24.209,2365.2415
2371.286351866666,24.349,2360.053
2385.0734311466667,24.402,2367.2385
2403.736462008889,24.584,2387.7258
2424.3727744000003,24.48,2402.937
2335.9495210666664,24.79,2364.2246
2384.7026312800003,24.96,2399.3496
2338.847217777777,24.854,2389.611
2319.374930631111,24.537,2437.6719
2413.47164608,24.76,2418.1174
2384.177558826667,24.777,2410.0923
2301.2190409422224,24.843,2416.641
2267.0878864,24.677,2374.2664
2372.723899288889,24.519,2407.715
2330.39527128,24.491,2448.784
2281.8947011200003,24.653,2389.3218
2307.8108456622226,24.499,2424.849
2308.9676408711107,24.33,2429.8296
2221.853050755556,24.226,2313.471
1864.8590377066664,24.259,1951.0137
1794.7693147199996,24.126,1895.3468
1794.7693147199996,24.126,1880.5948
1800.5103285866671,24.085,1876.3359
1804.432760862222,24.295,1875.8083
1917.09996528,24.449,1974.3958
1801.668758675556,24.436,1865.433
1749.8080210488888,24.873,1806.2152
1884.6539248711103,24.59,1923.3052
1900.4884037333327,24.545,1947.3093
1859.8400143288889,24.385,1906.3259
1922.5167069866663,24.513,1963.7681
1759.3940118399994,24.594,1818.6403
1959.9791926933333,24.516,1988.8961
1899.681192213333,24.59,1951.946
1955.2255136,24.711,1997.6245
1868.6299024,24.323,1919.0906
1879.3145383733329,24.565,1924.7468
1860.2403654666664,24.309,1910.314
1856.812910577778,24.437,1911.825
1860.4162373333336,24.387,1915.0759
1795.7718361777777,24.503,1857.804
1795.0705727999996,24.394,1855.2322
1682.660020088889,24.372,1758.0122
1653.62933832,24.372,1718.9585
1636.9478204444447,24.352,1698.0046
1599.204708284445,24.454,1658.094
1586.1223076977778,24.526,1636.9045
1591.400133511111,24.376,1631.8259
1641.8748131199998,24.364,1689.1726
1590.346590755556,24.313,1640.3817
1543.4168829333332,24.232,1577.5972
1623.4440144,24.107,1652.0427
1620.1242298666662,24.319,1666.7196
1600.985054177777,24.427,1645.9788
1608.1875191822223,24.884,1661.5548
1253.15814632,24.723,1320.7822
915.068815466667,24.741,1088.4348
537.0917010044444,24.526,934.42847
819.8485368888887,24.572,979.8557
1072.81341216,24.698,1100.0647
1219.09326264,24.701,1207.4657
1187.5354523022224,24.578,1208.277
1157.9280386666665,24.572,1190.8175
1144.0088356977776,24.521,1179.5902
1205.8315026755554,24.549,1213.3566
1186.4296248266664,24.539,1211.312
1197.5851132266666,24.492,1216.1324
1201.418713528889,24.515,1220.3353
1212.2330930666665,24.522,1228.0615
1214.6643354577773,24.547,1231.4218
1193.8431349066668,24.539,1218.7177
1231.715704177778,24.558,1238.6411
1205.4989978933336,24.555,1228.1516
1216.5816339911112,24.564,1233.0167
1175.0943694933335,24.425,1204.8293
1223.9922294666665,24.356,1227.72
1194.6477683466662,24.314,1215.0619
1200.4354845866665,24.2,1215.533
1235.0381389866668,24.282,1248.9822
1210.6497932977777,24.298,1246.2866
1212.1296554666667,24.251,1246.8757
1216.5826610311108,24.245,1244.3972
1209.9073365333331,24.239,1236.1259
1226.17704048,24.111,1240.1272
1183.86993024,24.082,1217.7172
2088.07005648,24.198,2134.4102
1870.40695408,23.987,1973.5798
1962.248432915556,23.973,2014.9106
1766.7811751999998,24.036,1837.963
1713.0051022933335,24.023,1770.7264
1629.2142232177775,23.976,1689.8643
1620.564902222222,24.084,1677.0762
1487.0556408888883,23.986,1546.689
1458.7881301866669,24.186,1506.652
1506.9010113777776,24.171,1541.9879
1461.5980114844442,23.991,1501.2974
1485.2455213155556,23.978,1518.2954
1457.1389205333332,23.945,1490.1301
1436.30758,23.931,1453.939
1565.4822504533336,23.923,1591.6885
1470.3711082666666,23.895,1519.0695
1570.6748261244445,23.894,1602.4249
1473.67299296,24.005,1527.2412
1633.237115608889,23.98,1668.262
1700.1679162399996,23.994,1762.229
1753.2424509600005,23.862,1823.8268
1739.9737287822225,23.764,1813.4006
1739.9743971733333,23.644,1804.8647
1794.8088802133334,23.703,1840.9651
1793.5700568799994,23.718,1852.9352
1821.4903314133333,23.725,1878.8036
1841.41414936,23.555,1903.9596
1817.792656711112,23.766,1888.1404
1822.5007536266664,23.678,1890.8687
1931.953506826667,23.763,1996.9491
1575.9289752888888,23.653,1669.2057
1389.822579333333,23.55,1437.3456
1715.817855111111,23.577,1739.752
1610.507579253333,23.338,1670.5399
1818.3144861866665,23.359,1885.3425
1769.851305173333,23.45,1855.1997
1884.4205201333327,23.548,1957.4633
1889.9555111733328,23.62,1966.1628
1812.9440183377776,23.624,1892.3861
1886.9853603999995,23.687,1955.918
1840.1133053866668,23.676,1921.4645
1911.256771413333,23.642,1979.5299
1924.919791946666,23.706,1996.2213
2100.390767173333,23.794,2143.6472
1953.316437208889,23.725,2023.8591
2017.143412337777,23.816,2066.9924
2099.35516152,23.727,2139.063
2036.3220778311115,23.776,2088.9937
1986.65033856,23.943,2044.8254
1983.8460559111115,23.963,2041.3599
2027.0604663288889,24.022,2080.0818
2116.6180702044435,23.986,2156.159
2078.1642917777785,23.941,2123.9485
2261.3436167466666,23.975,2278.0457
2347.929069333333,24.001,2339.5781
2429.8202539466665,24.056,2385.4321
2383.1806290311115,24.032,2385.5405
2407.1184022577777,24.031,2442.5466
2409.299356631111,24.216,2434.4521
2156.6587500266664,23.932,2260.0403
2379.671789955555,24.042,2435.136
2469.3529344,24.148,2486.592
2417.653529386667,24.047,2451.4075
2419.49178776,24.337,2457.3694
2423.898645226666,24.251,2466.277
2417.2320389244446,24.276,2465.3613
2372.0759965777784,24.336,2448.2812
2402.072657208889,24.272,2461.3784
2228.2928128000003,24.259,2404.2205
4234.158848515555,24.224,4355.8433
3687.530592044444,24.239,3424.5107
3361.834690275555,24.286,3092.441
3126.000781653333,24.294,3089.2356
2841.8441170311107,24.407,2941.2148
3069.570192284445,24.369,3164.59
2906.45901,24.431,2983.0046
2987.1971780266667,24.631,3032.7253
3037.879566577777,24.553,3065.8584
3011.394284675556,24.668,3028.5806
3027.4368753777785,24.616,3046.0264
3079.5306206666664,24.773,3091.3362
3105.275351999999,24.71,3100.625
3097.997625457778,24.696,3087.8162
3208.510223386668,24.746,3224.6028
3253.2015056800005,24.842,3275.7222
3260.733552711112,24.82,3280.352
3230.042248568889,24.803,3257.1904
3283.9577508888883,24.86,3327.2922
3265.91979264,25.211,3314.805
3290.749982115556,24.978,3327.9072
3353.0722272000003,24.972,3385.7817
3295.7649555555568,24.95,3310.9602
3365.5025342399995,25.068,3405.8845
3340.6689096533323,25.235,3379.9233
3356.539283679999,25.094,3391.5889
3494.9561345511115,25.127,3537.9507
3520.047276026667,24.915,3514.4905
3491.787137422223,25.002,3484.0508
3522.83856464,25.078,3542.4207
3480.744824871112,24.917,3492.4453
3489.649461955556,25.029,3518.7424
3243.5686867555555,25.148,3292.293
3151.7964679111105,25.461,3260.7468
3236.871144657777,25.361,3352.6853
3239.6497862399992,25.184,3296.2798
3265.681836088889,25.457,3312.228
3329.612502666668,25.481,3378.2825
3305.197502844444,25.598,3339.0193
3293.8705057511106,25.58,3329.3013
3264.623018400001,25.459,3296.6843
3332.3992860444446,25.585,3378.8389
3386.7549472000005,25.62,3422.915
3324.8674847111097,25.328,3326.1033
3409.322486044444,25.3,3427.2964
3416.522164533333,25.212,3419.3918
3499.541964799999,25.238,3507.4238
3473.815036657777,25.061,3460.7822
3437.835674728889,24.822,3426.818
3383.4223980266665,24.762,3393.6921
3403.403896728889,24.92,3445.067
3390.733783999999,24.87,3429.7283
3390.4912768,25.053,3438.6528
3417.629060968888,24.893,3459.9658
3396.2477870933326,25.1,3437.5981
3456.8652901688897,24.635,3481.854
3471.1361344,24.553,3476.9785
3373.3042444800003,24.535,3378.691
3421.2156255466675,24.594,3463.541
3412.6358661333325,24.872,3462.7305
3403.702672213334,24.95,3453.6184
3425.77483776,25.086,3481.9885
3418.460454506666,25.247,3472.0767
3315.1304910933336,25.273,3364.558
3402.710954471112,25.036,3459.0652
3349.039886506666,25.087,3380.8906
3359.8163866666664,25.391,3412.4927
3304.3368736,25.039,3340.0806
3316.816946666665,25.052,3355.2588
3186.652195679999,25.306,3238.6763
3185.598333866666,25.119,3244.8027
3282.3296561066663,25.205,3340.3281
3291.9425548800004,25.316,3322.0054
3244.3976070133326,25.317,3265.154
3267.295029475555,25.294,3300.585
3305.40904280889,25.329,3339.1924
3248.829600177777,25.445,3275.9116
3210.123769599999,25.445,3249.2278
3207.780851484444,25.358,3252.2424
3201.3095656000005,25.619,3255.9775
3224.280469164444,25.416,3267.2961
3189.0628996,25.446,3220.777
3152.80287977778,25.653,3199.5728
3129.767249404444,25.859,3195.0906
3182.412757377778,25.804,3245.3457
3144.10324896,25.859,3186.5857
3316.3041393066665,25.817,3376.8594
3391.5285173333323,25.835,3416.6558
3471.6530545777773,25.85,3474.596
3401.5675282488883,25.826,3389.1704
3334.611934266666,25.914,3355.8818
3349.34614704,25.986,3404.536
3293.1255792,25.898,3338.7935
3396.711776284444,25.905,3453.114
3302.268982124445,25.755,3321.7498
2916.308487786667,25.711,3021.1836
3150.932999751112,25.901,3276.471
3185.408290711111,25.882,3257.4976
3216.496978986668,25.891,3235.2559
3248.7126294044447,25.86,3267.5137
3232.8523045333345,25.851,3246.6687
3241.9938571555563,25.835,3265.5457
3213.935159288889,25.883,3242.2583
3098.83956304,25.901,3136.5466
3030.24862328,25.932,3090.1812
3175.3333136,25.788,3240.764
3063.7422875733328,25.884,3090.315
3038.9621540711105,25.834,3069.656
3049.796170799999,25.901,3092.6958
3090.0302916266664,25.857,3121.7424
3028.014011306667,25.863,3049.143
3065.956710408888,25.886,3092.3179
3122.0350436888884,25.871,3146.434
3092.555659555555,25.872,3100.6611
2950.94326688,25.866,2983.8914
3097.522033742222,25.81,3142.7153
3040.168994773333,25.79,3056.9758
2966.8342236266667,25.81,2987.6357
2852.1340715466667,25.794,2905.7935
2751.0464427022216,25.816,2818.541
2841.913050977778,25.91,2893.339
2835.0496000000003,25.886,2863.6838
2835.869336284444,25.902,2848.914
2905.484604053333,25.934,2914.816
2854.471247786666,26.001,2865.6697
2770.677699804444,25.906,2790.634
2704.7615646222225,25.89,2731.0908
2808.161501831111,25.98,2840.6672
2475.1791343644445,25.964,2368.1448
2235.8465266488893,25.955,2042.658
1025.5946694311117,25.948,1544.4792
1380.198030293333,25.94,1634.124
1952.4367856,25.713,2149.1863
2363.39107968,26.039,2354.6228
2400.38707264,25.706,2337.3909
2342.9663875999995,25.806,2307.463
2317.3806727999995,25.639,2298.8486
2378.150864817777,25.585,2343.1611
2327.82625648,25.614,2339.0486
2375.9789116,25.597,2409.4229
2353.953570693333,25.472,2415.0513
2481.8212256177776,25.464,2507.2324
2259.9127811822223,25.48,2371.5164
2252.8557844,25.407,2335.8445
2350.4492182222216,25.375,2394.5762
2311.2066311555554,25.343,2432.6677
2394.840781831111,25.453,2431.1663
2236.8919963111107,25.491,2329.601
2216.3516492799995,25.485,2288.1763
2196.2046178133337,25.436,2261.881
2235.290446204444,25.419,2307.0244
2176.025191502222,25.389,2237.5105
2242.892248115556,25.358,2321.8057
2068.6560451200003,25.295,2157.3853
1980.983280888889,25.108,2056.1272
1905.57054,25.242,1972.4781
1942.24230272,25.191,1986.051
2030.138106968889,25.044,2061.7454
1991.6625872,25.034,2030.4441
1719.9324672977773,24.562,1787.5095
1573.297274951111,24.674,1632.9446
1659.9689453333333,24.627,1693.8005
1797.9607145955551,24.646,1845.1716
2012.6980257333328,24.589,2052.7524
2073.0541284977785,24.573,2098.1357
2067.15318168,24.452,2088.0388
1940.850237333333,24.362,1972.5747
1952.3195004266663,24.405,1977.6257
1992.9036928444448,24.416,2022.5088
1964.3058618577784,24.356,2002.5757
1983.488620373333,24.363,2024.742
1882.006384595556,24.376,1939.0261
1956.5642870222227,24.376,1999.2917
1951.8741283733327,24.376,2000.1665
1887.092679093333,24.447,1945.3503
1836.5514258666665,24.461,1895.7502
1750.032574844444,24.496,1819.9451
1698.5465868799995,24.5,1766.2605
1751.2565224000002,24.5,1817.6371
1744.6746771733328,24.497,1814.512
1721.2094355022225,24.52,1785.7894
1685.728028444444,24.518,1749.0918
1758.1047901866664,24.503,1829.263
1772.995774444444,24.494,1855.4529
1724.6831432888882,24.55,1804.3385
1723.3145333066668,24.526,1789.7081
1714.3151139377778,24.54,1773.11
1744.3848911999996,24.56,1801.6989
1763.6141541333332,24.591,1826.1467
1751.5402998399998,24.574,1818.0798
1714.170324586666,24.549,1776.8132
1716.8438599199997,24.58,1775.0287
1740.457760391111,24.59,1800.7887
1690.2679597866668,24.59,1752.1672
1708.2432977066665,24.573,1766.7441
1919.97767896,24.575,1975.8301
1453.9222987911114,24.6,1548.2539
1346.5437809600005,24.625,1386.473
1424.2077155111112,24.577,1424.8718
1466.7615168000002,24.608,1473.5186
1600.068365084444,24.613,1628.3052
1539.6679423999997,24.613,1585.2369
1556.4531505599998,24.625,1594.1896
1508.584527893333,24.672,1549.6093
1532.8251311999995,24.687,1566.2972
1604.05289136,24.669,1637.6714
1599.5318263466663,24.73,1644.4941
1542.7620296533337,24.73,1589.4125
1570.2904418488886,24.744,1608.4268
1586.9664879999996,24.745,1627.9478
1525.6072675822222,24.745,1569.4066
1464.9925661599996,24.745,1500.4833
1570.058892071111,24.721,1594.0339
1452.6679056711105,24.734,1495.0637
1462.6713614399996,24.752,1485.9429
1468.0307775466665,24.766,1491.9855
1495.997898844444,24.819,1524.0406
1545.834579342222,24.821,1573.243
1460.2501006666669,24.786,1496.2262
1249.948624195555,24.815,1307.853
1578.4094375822226,24.746,1579.3833
1595.4801046399996,24.775,1642.5374
1548.9364043288886,24.878,1601.6825
1552.6965200355555,24.644,1590.5403
1600.824838266667,24.716,1642.0251
1553.809724266667,24.728,1602.7719
1536.350446,24.754,1582.1483
1542.4575518844445,24.855,1585.9951
1588.9622433066668,24.909,1629.8735
1522.2405128533333,24.843,1570.5815
1498.825929173333,24.796,1541.102
1564.1996242133337,24.746,1597.2188
1554.015015822222,24.754,1596.9235
1587.482546488889,24.748,1630.9817
1578.267088906667,24.729,1627.369
1600.98403296,24.721,1646.4252
1632.7394704799992,24.758,1685.6732
1675.5953181777782,24.737,1732.9265
1734.0520618400003,24.548,1794.7456
1740.4650684444443,24.602,1807.9565
1765.719660657778,24.573,1831.9053
1755.112941155555,24.587,1828.25
1788.526214533333,24.606,1864.5137
1737.0012514488883,24.502,1807.3325
1781.26116064,24.493,1847.345
1697.3663188,24.532,1772.0554
1780.1448100799998,24.543,1846.9243
1770.4999333333335,24.486,1844.3228
1890.0816822222223,24.444,1958.2052
1391.481860266667,24.458,1504.2074
1466.2893928,24.496,1492.8777
1569.2132981333336,24.554,1602.3401
1667.1267853333331,24.472,1720.3281
1707.1808516088884,24.563,1777.6779
1672.4494271199997,24.552,1740.0908
1789.7006277866667,24.551,1853.4312
1707.250664711111,24.489,1779.9207
1650.4915319999998,24.468,1714.5432
1794.19172,24.44,1855.7439
1746.3905862044446,24.462,1822.4276
1771.3822794666671,24.412,1838.9023
1841.7722078755555,24.494,1909.8379
2075.9619675200006,24.459,2116.0283
2103.5634031911104,24.475,2138.2075
1944.9634207466663,24.579,2002.3156
1988.1401311111108,24.572,2028.4333
2028.781331235556,24.6,2070.4895
2112.872143253333,24.551,2143.5671
2060.9230790222223,24.535,2104.9045
1994.662247324445,24.605,2044.726
2111.596522311111,24.569,2142.7288
2177.612566826667,24.637,2205.2744
2034.7660703111103,24.623,2095.0312
2303.010373368889,24.698,2310.9763
2400.0302996711107,24.737,2376.7217
2387.093537315556,24.908,2380.1875
2394.7295948533324,24.854,2403.956
2424.140980088889,24.833,2455.1726
2461.3831039999995,24.88,2462.788
2477.3638988,25.013,2489.6873
2280.073740568889,24.794,2452.9263
2374.461069911112,24.908,2447.4082
2384.6414758222213,24.977,2456.1443
2382.382062346666,24.977,2453.4148
2281.95653312,24.869,2467.045
3955.324933973333,24.914,4262.6665
4158.394645688888,24.954,4067.7832
3750.600710888889,25.016,3315.15
3320.6404,24.991,3133.7283
3184.150001360001,24.932,3177.0933
3032.974190648889,24.868,3084.5361
3180.6965607288885,24.981,3257.133
3104.4199161777788,25.241,3145.1997
3124.8020629511107,25.099,3161.5063
3097.4334824,24.903,3128.1003
3056.0122989599995,24.87,3085.9136
3150.899909733334,25.039,3177.3376
3133.067916088889,25.064,3136.1448
3086.489339502222,24.953,3081.1152
3156.839436924444,24.942,3158.4658
3229.956671217777,24.375,3211.7224
3188.3783459999995,24.509,3158.146
3295.0477381244445,24.498,3310.715
3313.0174156800003,24.812,3334.75
3228.558937315556,25.019,3257.559
3319.561105555555,24.97,3371.9124
3299.00741632,24.944,3328.7236
3263.22233496,24.69,3278.4531
3295.0652944533326,24.587,3322.5322
3251.637469315556,24.589,3275.3027
3306.9352242488894,24.491,3339.0667
3265.6936866400006,24.358,3282.6042
3288.8090768,24.3,3309.627
3340.5148874222214,24.499,3372.7393
3297.119283626668,24.58,3321.32
3224.433809031112,24.394,3249.6743
3300.2800888888883,24.403,3342.832
3303.963282559999,24.67,3341.6084
3288.193230080001,24.577,3315.9302
3326.8007070222216,24.558,3360.6067
3317.025202897777,24.646,3347.4556
3269.5609452088884,24.435,3292.3013
3329.047015839999,24.598,3371.3525
3199.80122112,24.547,3230.1594
3084.010705386667,24.681,3140.421
3112.756175119999,24.588,3176.027
3095.624919688888,24.506,3132.3845
3169.465980799999,24.58,3193.6418
3171.6050466133324,24.486,3175.8875
3172.6762143999995,24.313,3166.5566
3160.7056183822224,24.703,3176.1648
3194.471992071111,24.487,3209.702
3233.8783710577773,24.409,3240.4905
3445.23456288,24.572,3479.1865
3306.5551693777784,24.569,3286.315
3250.819065155555,24.723,3273.24
3233.463063795556,24.644,3282.1577
3276.382025546668,24.56,3318.8516
3342.3147354311104,24.652,3376.3655
3314.113942737778,24.65,3331.2847
3329.5175888,24.674,3358.387
3271.0553082044444,24.647,3301.2166
3122.8225190399994,24.728,3172.7397
3195.607711999999,24.629,3257.957
3214.7210265422223,24.645,3254.8403
3210.596417599999,24.652,3231.4473
3227.6427664,24.751,3255.4644
3195.66931344,24.765,3221.4312
3304.4583903644434,24.762,3342.1614
3234.650369777777,24.646,3241.626
3242.7227004,24.987,3275.6038
3184.115418524445,24.972,3224.738
3141.0862490933328,25.046,3189.4214
3176.088781866667,24.934,3223.0662
3147.1802608,24.88,3175.6284
3195.286218204444,25.466,3253.7295
3118.1543753777773,25.128,3153.0562
3136.387572533334,25.057,3167.97
3269.651715982222,24.846,3296.2554
3271.802964213333,24.892,3266.6362
3225.2367260799992,24.419,3203.0203
3293.447322186667,24.689,3308.8735
3240.21922752,24.608,3249.8716
3191.190159111111,24.745,3217.7722
3230.3976637955548,24.708,3270.8533
3181.587152293333,24.958,3220.6543
3071.334078755556,24.429,3097.4868
3396.7468866133336,24.651,3479.1558
3314.970091199999,24.621,3304.872
3353.3086862755545,25.271,3390.938
3347.352131413333,25.374,3407.111
3340.4512610133324,25.192,3384.3674
3322.337833955555,25.416,3374.067
3331.8890637511104,25.374,3384.1968
3442.9516416,25.208,3485.312
3542.933510506667,25.328,3559.8552
3519.9614343466656,25.435,3514.1921
3520.29921872,24.701,3488.2207
3475.0468325688894,25.096,3472.8865
3452.19402696,24.789,3460.708
3435.700934826667,24.773,3455.479
3396.7088803111105,24.813,3426.2175
3417.351841679999,24.983,3468.1523
3382.176775502221,25.094,3432.4338
3429.5053032177784,25.205,3490.2693
3432.088912,25.355,3486.3298
3410.502394311111,25.516,3464.9375
3371.641756666667,25.54,3428.632
3356.653084835556,25.608,3421.204
3353.5520132444444,25.646,3417.619
3195.486470044445,25.512,3248.401
3132.825187644445,25.686,3216.571
3200.810524302224,25.655,3287.3633
3249.33629071111,25.732,3306.8955
3242.5697645955565,25.458,3258.3323
3407.767626666667,25.183,3415.753
3321.855171733333,25.363,3301.9485
3407.5990966222225,25.456,3424.4673
3298.812877244444,25.555,3315.1968
3300.0424770133327,25.582,3342.3022
3250.2658119822217,25.54,3296.6108
3253.031856604445,25.464,3298.5032
3227.694254639999,25.464,3269.6196
3249.7280389333328,25.527,3297.653
3213.4682030933345,25.272,3240.3003
3155.403538355555,25.198,3179.495
3003.8754925155563,25.182,3053.9707
2969.2120168533334,25.069,3024.8691
2982.0537197866656,25.11,3021.2517
2966.8737087733343,25.052,2984.6228
2913.374441777777,25.142,2931.4443
2985.325299813333,25.108,2988.8647
2840.9507063466663,25.082,2857.2017
2943.168802311111,25.089,2946.2942
2859.878718186668,25.078,2868.6084
2671.7477248,25.182,2668.2566
2832.790109671111,25.034,2857.6494
2457.9131433955563,25.008,2333.4258
1140.090779404445,24.995,1684.8608
1530.2684234133326,25.108,1829.7812
1792.6723808355553,25.106,2067.8318
1925.887558231112,25.221,2125.1438
2127.298808782222,25.139,2208.066
2312.965833066666,25.101,2300.365
2372.899891093333,25.139,2308.7766
2383.960357333333,25.125,2312.2688
2380.9103722488894,25.051,2320.319
2334.221764977778,25.174,2326.151
2331.6464889600006,25.12,2337.237
2372.0291684444446,25.128,2398.1074
2393.538042142222,25.085,2409.0664
2397.7635304000005,25.044,2422.2612
2342.1949315111106,25.044,2376.6548
2392.3067690666658,24.972,2433.0876
2354.713739822222,25.078,2412.318
2410.311052746666,25.037,2455.547
2272.7720742133333,24.977,2414.8853
2194.44936336889,24.9,2279.892
2220.088338693333,24.888,2314.1802
2245.5551858400004,24.868,2340.2869
2358.698107733333,24.968,2497.0242
2082.373525555556,24.833,2179.704
1901.958941031111,24.917,1995.875
1838.28012632,24.989,1933.5519
2007.851685973333,24.865,2070.0137
1906.906434915556,24.873,1981.1112
1946.4869332800004,24.956,1995.0743
2071.2818999466663,24.856,2095.9912
2018.43068704,24.929,2049.6375
2056.3749371822223,25.09,2077.5068
1956.4524223377773,24.948,1993.3824
1864.6811245688884,24.984,1912.3359
1740.1545623466673,25.003,1798.3746
2012.1055785244448,25.018,2039.6078
1964.70515568,24.996,2011.6522
1943.712559386666,25.03,1986.2169
2010.74922432,25.115,2038.7498
1946.1221617422225,25.033,1984.0227
1938.59769408,25.188,1977.242
1931.0141844266664,25.172,1978.6263
1879.70227392,25.06,1936.7571
1856.0995393066664,25.134,1914.7339
1818.221288711111,25.121,1878.6096
1831.7690036266663,25.126,1889.0151
1766.4621290666669,25.081,1840.549
1712.4885989866666,25.162,1789.5804
1785.0181148800002,25.1,1856.1096
1758.1688858666666,25.021,1830.8972
1738.5569597066667,25.062,1811.2996
1732.439841928889,25.048,1799.3505
1763.6197632622222,25.063,1826.292
1723.3811325422223,24.962,1787.7026
1732.7448041066666,24.992,1793.1111
1706.6719963733328,25.139,1774.829
1707.7028627377774,24.974,1772.602
1704.819446773333,25.068,1773.7224
1724.005098933333,24.978,1782.2051
1707.4480613333335,24.904,1767.6888
1752.6400244622223,24.977,1813.4958
1715.614720106666,24.853,1775.6826
1726.2974941333334,24.921,1786.1245
1728.6922300266665,24.864,1788.533
1693.3043639555551,24.852,1753.7067
1711.174953111111,24.818,1769.6587
1550.0025149333335,24.88,1613.5596
1402.6363181333334,24.836,1445.4382
1511.4091813333334,24.83,1523.0198
1502.5604422400002,24.906,1532.6333
1454.60794464,24.839,1479.1914
1592.40238016,24.839,1616.4119
1530.3010162133328,24.831,1573.7742
1570.9248637866667,24.795,1605.8315
1531.3711360000004,24.843,1573.1665
1543.2868855199995,24.773,1576.8251
1542.9986657244444,24.892,1582.1125
1544.5729829688887,24.8,1580.6155
1592.4859896,24.85,1630.4897
1575.6096194133331,24.858,1620.3275
1566.5230576800002,24.904,1609.8207
1533.0907817333332,24.858,1574.4398
1583.5832121333328,24.893,1619.8159
1487.5968839822224,24.886,1532.7344
1566.530569511111,24.9,1596.5134
1583.648124088889,24.989,1624.6946
1500.4710656000009,24.872,1545.0227
1592.917716693333,24.839,1622.9877
1570.290441848889,24.734,1611.8983
1591.0499338311108,24.686,1635.6755
1345.1867956266667,24.666,1403.3179
1638.9058919999995,24.652,1653.6367
1602.6564732799998,24.672,1657.8958
1635.828627475556,24.653,1687.8386
1613.8536988622222,24.638,1665.9524
1626.000517244444,24.518,1674.4528
1636.6745113600002,24.445,1685.4856
1644.70575456,24.564,1700.2312
1658.2776177244446,24.532,1714.0444
1660.814956142222,24.579,1719.3911
1668.8710625600004,24.623,1728.1907
1672.3955820444446,24.555,1729.6136
1661.66304432,24.679,1722.6337
1669.15839272,24.579,1726.8707
1658.0374021511109,24.451,1715.6394
1663.598923893333,24.479,1721.4302
1686.4282973866666,24.389,1746.7571
1731.97388832,24.389,1795.221
1773.0855170133334,24.535,1844.46
1802.8594485333333,24.532,1876.8254
1824.8220736266665,24.439,1894.265
1810.60248824,24.514,1883.5331
1788.1349926399994,24.447,1860.9858
1690.70886736,24.491,1771.7659
1807.49383728,24.589,1873.8027
1807.177747671111,24.654,1886.6776
1898.9827246666664,24.041,1961.1152
2148.2624313688884,22.777,2171.0054
2154.7636888888883,22.93,2192.5654
1945.7151977244448,23.431,2022.5354
1711.5112877511112,22.995,1787.4562
1891.804848071111,22.508,1943.8374
1900.128781368889,22.415,1983.0157
1957.1160124444443,22.565,2041.9958
2017.004695564444,22.468,2097.2825
2490.6756937777777,22.685,2416.9321
2638.251481262222,22.637,2584.0085
2502.999244551111,22.565,2457.0596
2516.8684684,22.71,2509.8213
2469.808828373333,22.713,2506.0078
2635.1347968000005,22.785,2607.7378
2557.3398377955546,22.767,2564.037
2637.345629653334,23.081,2615.632
2631.0669091111104,23.057,2617.8323
2478.3601683555544,22.968,2510.4202
2497.508866871112,22.941,2523.03
2510.7494001777777,22.806,2538.4214
2594.619105155556,22.898,2636.103
2560.4349963377776,22.761,2609.1667
2520.87990848,22.897,2568.7131
2504.377970062222,23.486,2552.437
2565.15303760889,23.208,2631.4197
2408.914546168888,23.306,2457.2932
2548.04800896,23.51,2607.4297
2528.838312186665,23.048,2574.1309
2519.843235031111,23.285,2550.085
2323.5388605333333,23.444,2431.69
4453.007391457778,23.461,4392.7144
4739.523200728889,23.51,4375.659
4377.2776107733325,23.6,3864.3745
3934.449801013333,23.501,3662.999
3760.672264533334,23.61,3717.998
3706.961696284443,23.783,3791.5469
3733.445699626667,23.869,3906.4243
3690.441871999999,23.864,3835.6655
3739.714952071112,23.708,3863.6904
3841.196341297778,23.754,3943.5913
3726.170832959999,23.639,3779.982
3738.0838425422216,23.731,3837.7385
3825.239565493333,23.81,3955.3242
3800.359989600001,24.098,3913.3418
3883.475018133333,24.14,3991.4238
3835.099851653334,24.248,3911.4773
3885.33933095111,24.305,3947.4453
4425.71451144,24.408,4338.3594
4218.639759431112,24.523,4124.129
4153.458894062222,24.542,4105.926
4110.001517653333,24.724,4096.236
4123.1700848,24.595,4107.0107
4125.706081777777,24.41,4091.1113
3979.782650275557,24.465,3954.9744
4056.697946026667,24.507,4063.5742
4154.01416871111,24.509,4135.1606
4259.553835466667,24.561,4202.7793
4151.9627844,24.744,4109.9116
4032.4710750133327,24.754,4025.1348
4068.303714613333,24.742,4080.6729
4009.786367440001,24.571,4004.401
4073.643700800001,24.52,4063.4307
4055.461892906666,24.552,4033.4954
3982.291063893334,24.627,3972.3267
4087.4562150399984,24.742,4087.0872
4039.263008142222,24.695,4019.4868
4091.35109656,24.747,4072.5696
4116.790964693335,24.751,4085.434
4116.654567493334,24.595,4073.3286
3993.290246586666,24.679,3968.4937
4089.807838542221,24.788,4089.4023
3910.903758542224,24.851,3910.2666
3858.855090062223,24.822,3890.8567
3926.0913792,25.0,3969.274
3897.71000912,24.66,3898.4023
3993.402218400001,24.877,3994.8542
4052.270403368888,24.852,4025.292
4075.680095217777,24.897,4037.6177
4221.461341066666,24.878,4162.0654
4030.773708595557,24.899,3975.8374
4130.829739804444,24.903,4112.2285
4071.667438293333,25.03,4053.2197
4096.616564124443,24.951,4082.7349
4073.7710351288897,24.972,4059.7673
4094.725030088888,25.128,4088.9072
4027.2135396444432,25.544,4047.1792
4168.310725039999,25.032,4153.1133
4088.1700683911113,24.985,4048.1685
4106.677026435556,25.047,4082.4536
3957.388115271111,25.129,3954.7026
4069.9237153422223,25.261,4093.4092
4147.727260959998,25.214,4134.1675
4137.576539066667,25.226,4106.3643
4125.603614159999,25.263,4102.104
4084.662302933332,25.328,4074.591
3610.881556995555,25.279,3605.3315
3611.5755495822223,25.073,3714.8774
3628.20674832,25.146,3728.144
3679.36448056,24.981,3735.9465
3578.7192451200003,24.961,3596.3345
3538.908187920001,25.024,3578.1624
3640.259003333334,25.078,3699.1045
3555.0660038933333,24.976,3563.773
3643.413610257778,24.933,3673.7234
3534.7725074400005,24.91,3536.7505
3530.5114267733343,24.839,3555.255
3589.4387759999995,25.234,3647.7976
3328.67252352,25.43,3368.5142
3456.7367157066674,24.89,3528.1099
3530.443160053333,24.972,3574.9907
3532.786335511112,25.097,3548.3853
3573.4351697333336,25.066,3595.2903
3530.1098424888887,25.189,3550.2832
3559.8691043377776,25.505,3611.5808
3503.5528575911108,25.337,3536.851
3532.259907644445,25.337,3572.8823
3503.2751329333323,25.535,3546.0908
3572.769029493334,25.288,3606.5068
3537.826997759999,25.411,3553.2163
3535.4919000533328,25.568,3567.835
3574.890491235556,25.96,3638.5278
3617.3814602666657,25.77,3654.9106
3477.864048702222,25.638,3480.1965
3567.311038506666,25.463,3598.0234
3590.8453771466666,25.454,3604.4458
3638.311892693333,25.242,3630.2322
3592.5081700444443,25.562,3596.6577
3773.250648151112,25.167,3784.909
3909.976599928889,25.376,3891.2473
3884.203465466666,25.252,3827.604
3685.609504408889,25.331,3652.802
3664.4489917333335,25.611,3723.1653
3858.5967231288887,25.62,3930.75
3718.8916170933335,25.342,3710.5432
3409.63909616,25.328,3424.4434
3482.409980426666,25.423,3595.7314
3621.029701973333,25.46,3716.5908
3665.731429333332,25.5,3699.9639
3698.4264861866654,25.458,3709.2822
3749.084183857779,25.39,3747.8262
3746.152096444444,25.678,3750.1868
3656.446917866667,25.321,3642.7236
3601.5976196,25.337,3616.713
3696.755245244444,25.376,3741.984
3260.3201341777776,25.457,3291.9329
2940.107373066667,25.304,3092.4531
2964.588524977778,25.373,3133.9893
3049.596607146668,25.317,3150.1611
3107.9293677511114,25.298,3135.272
3050.619492408888,25.284,3055.4192
3055.3168776,25.274,3059.7444
3011.6752697777783,25.34,3024.6904
3051.6517188444445,25.369,3060.2979
3009.3775530666658,25.378,3015.6987
2995.458818204444,25.356,3001.6714
2997.2286759466665,25.5,3010.8079
2948.179404426667,25.507,2966.5376
3015.4424268800003,25.53,3036.368
2908.83176584,25.527,2931.844
2901.332148586667,25.762,2940.1968
2849.8084850222217,25.81,2900.8862
2982.5262932622213,25.664,3015.976
2818.1409351111106,25.661,2846.8784
2975.037527466666,25.69,3000.106
2843.8447327288886,25.792,2877.893
2921.354440106667,25.71,2944.9011
2861.7248225866665,25.587,2884.6604
2859.427372533333,25.699,2882.5906
2816.331524684445,25.778,2850.7742
2758.62783656,25.829,2800.4082
2363.864254008889,25.487,2120.3625
939.0193952533332,25.455,1515.0714
1598.8020399022218,25.389,1865.5958
1947.04238376,25.482,2172.2576
2380.8426970666665,25.43,2382.124
2407.2054514666665,25.417,2357.6553
2369.065179911111,25.447,2325.909
2418.325683982221,25.451,2360.7498
2383.781836355556,25.485,2383.6814
2389.106200355556,25.507,2365.1665
2380.9944055466667,25.491,2394.0457
2412.7723063644444,25.557,2435.9385
2417.8200810400003,25.525,2446.4153
2351.505833946667,25.606,2398.544
2157.4982085066663,25.638,2220.4436
2450.325335777777,25.78,2499.9768
2307.007883200001,25.832,2360.9895
2281.148622933333,25.76,2382.8806
2350.3867760533326,25.794,2398.808
2330.7384505244445,25.775,2380.0957
2296.076432746667,25.609,2416.8374
2274.244765733333,25.551,2387.0576
2338.9600373066664,25.61,2523.1426
2278.6346945066666,25.499,2427.8345
1989.6323107733328,25.171,2100.955
1772.3722295822224,25.212,1898.4573
1944.950260195556,25.339,2012.7231
1952.2081888533328,25.014,2007.9531
1722.2055595022225,24.657,1801.1187
1644.4246017777773,24.847,1709.0098
1755.7034542222218,24.973,1803.1044
2007.1265444977776,24.887,2041.2943
2002.8841217244449,25.102,2042.1555
2021.2690122222216,25.262,2045.2612
2044.9259412444444,25.089,2053.7622
1996.852376355556,24.962,2011.53
1989.86325504,25.089,2013.0991
1989.8848182222216,25.124,2020.3629
1985.59112496,25.476,2013.8553
1991.6740977333327,25.43,2022.8318
1958.554940897778,25.55,1994.8503
1950.732064551111,25.395,1982.2083
1950.4272595733337,25.404,1985.3813
1923.943260888889,25.05,1962.8938
1924.8139602488889,25.022,1965.8049
1859.3476266666669,25.03,1911.6161
1859.3076804,24.872,1913.8452
1789.48280448,24.94,1867.2999
1747.7235397333327,24.884,1827.0955
1700.0236776711113,24.906,1771.6675
1691.6605794488887,24.877,1760.387
1629.2865445333337,24.951,1704.7975
1642.9573971199995,24.996,1710.1553
1574.4339881511107,24.962,1628.339
1598.0464994399997,24.944,1633.7395
1628.08776528,24.974,1668.2109
1555.2587146844446,25.006,1594.0571
1574.750299004444,24.974,1602.3154
1613.0330263644448,24.948,1646.3319
1243.1342988000006,24.884,1315.7847
-209.4192153422214,24.892,851.6222
759.0463832000002,24.914,912.3428
918.8297241600004,24.97,1017.3153
1144.9498127733336,24.928,1149.353
1230.3654144000002,24.979,1225.4774
1199.6182308977775,25.0,1221.4
1215.2807504266664,25.015,1229.3284
1169.76667984,24.974,1202.8666
1196.978034773333,24.988,1215.1232
1180.463110471111,25.023,1208.5918
1194.3870713599997,25.023,1216.3939
1191.7736702666666,24.995,1216.579
1235.5117255288892,24.976,1243.6597
1198.9303050666667,25.002,1227.2803
1225.0149773244443,25.036,1241.1504
1216.381088711111,25.07,1238.626
936.4063982222232,25.062,1094.5065
2083.9083064177785,25.007,2111.5422
2085.006742,25.006,2138.4604
2057.02191183111,25.006,2084.4712
1950.7623144888887,25.013,1978.5684
1848.67300608,24.965,1881.8531
1742.3880669333334,24.978,1812.9645
1678.2273492177778,24.963,1774.0527
1644.5632219022225,24.957,1726.4265
1610.6317777333334,24.941,1686.4723
1521.9466641333331,24.948,1592.3107
1588.6990346133334,24.934,1641.5715
1658.2311866666662,24.879,1720.3785
1536.6451051733327,24.858,1609.387
1419.546671466666,24.822,1478.8882
1625.593002444444,24.829,1664.248
1572.31138176,24.883,1640.0581
1574.58773208,24.878,1635.6824
1642.807961635556,24.92,1704.8856
1562.1875899733332,24.85,1630.967
1620.9015710577778,24.85,1679.6721
1636.436912293333,24.833,1703.5288
1618.5544609422225,24.901,1691.4143
1654.0594060799997,24.847,1720.353
1627.1040484355551,24.832,1665.3528
1554.3813908,24.874,1590.8383
1603.100243057778,24.844,1630.4396
1570.0005184711113,24.838,1608.2107
1669.473432,24.874,1709.9008
1630.861430026666,24.866,1685.6406
1630.861430026666,24.866,1682.6007
1610.7800522666662,24.777,1661.9905
1676.2260779377775,24.766,1728.4258
1698.101106533333,24.773,1761.9515
1691.3316844444446,24.804,1755.1389
1722.354975191111,24.754,1783.3555
1711.817224568889,24.782,1781.3726
1729.8215897599996,24.694,1799.0006
1734.8942497777773,24.677,1801.546
1766.9179205688888,24.684,1836.529
1754.9883141599994,24.685,1827.2871
1746.9706250933327,24.664,1816.1907
1771.5112020977776,24.6,1841.595
1855.62378224,24.622,1924.6127
1564.322973813333,24.589,1650.4978
1332.444960106667,24.625,1396.6334
1484.4393205333336,24.619,1487.1918
1594.4866099555554,24.64,1628.5383
1706.7100876800002,24.632,1767.2291
1783.0990929688885,24.625,1856.1199
1869.5864085066664,24.667,1939.6697
1914.1224156266665,24.742,1975.9973
1934.4646277777777,24.766,1992.2806
1883.199594311111,24.737,1947.7542
2011.5079576888888,24.704,2055.5527
2044.3158014666667,24.781,2087.9097
2028.298303377778,24.852,2073.732
2088.729589662222,24.837,2121.9387
2121.89308272,24.851,2150.902
2029.0292892,24.856,2073.4854
2000.0890661333333,24.885,2047.4756
2125.1116805244446,24.773,2156.2861
2102.073593173334,24.812,2141.5007
2093.182929422222,24.873,2132.2295
2146.794352213333,24.861,2178.931
2116.905761342221,24.884,2153.4893
2223.921767822222,24.941,2249.0554
2173.5933331199994,24.962,2217.1577
2241.8779203555555,25.011,2281.4941
2405.850291982222,25.006,2400.0933
2358.161249937777,24.972,2389.228
2361.33029248,24.933,2405.5522
2207.1116848,24.92,2288.8477
2356.567913822222,24.926,2431.8826
2719.742678044444,24.855,2757.6963
2373.1263813599994,24.953,2449.5989
2412.656255502222,24.988,2463.2043
2396.4092232888893,25.033,2466.7427
2396.3723010844446,24.899,2465.0715
2387.0964158222223,24.918,2461.096
2367.17878224,24.968,2453.9253
2167.422228204445,24.715,2311.3936
4156.268806799999,24.731,4334.8647
3725.002676266666,24.855,3497.1328
3363.529250382222,24.716,3073.4927
3148.88879424,24.89,3096.8428
2793.05992896,24.744,2906.4268
2997.997006666666,24.938,3096.3765
2858.4826750577768,25.192,2957.0703
2988.382663982222,24.97,3027.2744
2972.33097431111,24.954,2994.112
2963.2719144266666,24.97,2977.7375
2993.8911522666663,25.117,3017.7832
2937.550213475556,25.108,2968.3066
2996.9004493333337,25.162,3015.8184
2983.465482915555,25.101,2994.796
2953.418939813334,25.091,2965.1567
3039.446894826666,24.978,3031.8325
3102.1284315733333,25.13,3098.2576
3114.806045653333,25.081,3110.0317
3172.490452906666,25.156,3194.329
3132.6809711999995,25.132,3151.1812
3138.7395279022207,25.303,3174.3926
3170.369816755556,25.004,3194.795
3120.6264979200005,25.134,3140.632
3105.3211076800003,25.078,3129.935
3122.890485333333,25.189,3159.4072
3178.6613074666666,25.188,3214.75
3213.223776888888,25.128,3234.05
3219.024950613333,25.264,3239.771
3195.2319830399992,25.232,3218.0107
3233.524994773334,25.326,3271.9612
3263.0527999999995,25.254,3294.172
3232.9515571199995,25.337,3258.413
3178.224675733333,25.325,3212.1782
3192.46721232,25.397,3244.081
3118.9442261955546,25.525,3171.8625
3050.336439253334,25.291,3099.126
2939.369997937779,25.435,3009.8284
2923.7669139822224,25.531,2995.1992
3097.0684989333326,25.431,3144.0815
3057.691144888888,25.507,3060.162
3118.588375466667,25.331,3112.087
3073.508469155556,25.459,3076.4163
3108.002084977778,25.434,3122.5579
3060.0795136,25.481,3078.1863
3282.09236911111,25.485,3342.6196
3247.337998079999,25.383,3243.5955
3200.672542293333,25.64,3213.291
3255.366546755556,25.777,3313.987
3163.36954472,25.597,3200.4324
3158.2188820622223,25.413,3194.8628
3286.53324,25.376,3330.8477
3302.826463395555,25.1,3300.4102
3228.5731598400007,25.247,3228.2393
3254.1258544888883,25.376,3293.1135
3261.704671431111,25.411,3304.6877
3235.616148355556,25.454,3271.9475
3318.8563325422224,25.54,3369.038
3307.9383884800004,25.635,3343.4917
3229.6762008,25.734,3267.0112
3212.692549182222,25.336,3249.1938
3211.699984888888,25.553,3259.16
3144.309092462222,25.11,3167.8477
3086.550017537777,24.905,3106.1704
3081.3430784444445,25.156,3115.414
3036.4919749866667,24.892,3057.9954
3084.6628536622216,24.786,3091.2324
3001.911251733333,25.064,3016.6711
3010.920688817778,25.311,3037.9458
3022.4103588,24.978,3034.0261
2977.932777679999,25.176,2988.6243
2872.9798779733333,25.286,2907.8894
3000.554656488889,25.393,3029.874
2952.132341653334,25.385,2965.4712
2957.229966195557,25.297,2959.7935
2734.7249046755555,25.369,2772.6826
3054.023359146667,25.366,3108.144
2989.101432453333,25.312,2983.831
2934.155364195555,24.995,2914.2073
2986.330211875555,25.169,2995.1995
2897.494850008889,25.271,2921.287
2998.254989333333,25.129,3015.7776
3259.78035712,25.374,3329.811
3234.367140791112,25.18,3207.7163
3273.476603911111,25.326,3267.8987
3283.504552604445,25.537,3309.131
3317.3313609600004,25.671,3358.4988
3352.487704035555,25.936,3407.8594
3425.4952546488894,25.297,3439.1304
3497.1884828444445,25.12,3481.428
3610.425653706666,25.443,3607.6255
3513.935690524445,25.598,3502.3167
3504.14447688,25.826,3539.5435
3480.8265525688885,25.966,3537.6445
3444.4768029866664,26.064,3505.2988
3464.067234666667,25.827,3512.7832
3562.491517066668,25.654,3593.4783
3537.5601979199987,25.74,3540.3901
3555.480680026666,25.706,3565.275
3563.255287822222,25.772,3581.5117
3543.4370162844443,25.866,3566.6216
3516.6505193866665,25.837,3543.9585
3224.6225934222216,25.926,3274.5784
3349.076929813333,25.785,3448.9094
3362.754503573333,25.76,3426.4275
3387.1670301155555,25.92,3430.2
3421.9228928000007,25.799,3454.6018
3479.7584728888896,25.753,3502.3506
3483.773083751111,25.804,3494.3535
3444.8430370666665,25.625,3445.496
3453.7798663822223,25.856,3487.7603
3424.084288,25.595,3447.5454
3428.390161351111,25.667,3461.1484
3391.286545777777,25.855,3436.9688
3386.2800401777768,25.724,3432.19
3403.93636224,25.74,3449.4307
3387.873415884444,25.723,3423.142
3453.0660817333323,25.708,3495.0552
3349.9090488,25.513,3359.8892
3397.598563608889,25.633,3440.5493
3345.75714528,25.542,3378.4175
3349.899861333333,25.521,3386.3494
3337.0847822577784,25.293,3361.579
3348.890958719999,25.039,3359.1936
3323.449971555555,24.989,3330.4395
3329.2561803377776,25.0,3347.8596
3355.3734512177784,25.009,3382.0144
3332.99722128,24.951,3351.1968
3333.8577527111106,25.0,3361.9402
3336.8034035733326,25.009,3370.813
3186.3809628,25.012,3217.016
2800.796781973333,25.039,2942.7507
3036.887553066666,25.066,3135.6692
2969.670055733334,25.111,3015.4238
2829.270473866666,25.14,2869.3418
3340.5739154400003,25.209,3499.2834
3275.55782944,25.314,3256.2354
3197.27338224,25.31,3162.9346
3242.86647552,25.244,3267.1643
3149.0304,25.362,3176.536
3077.2647782933327,25.417,3123.7073
3082.4922232533336,25.371,3139.6426
3043.950933333334,25.646,3103.4592
3025.580040622221,25.581,3078.23
3022.69479648,25.52,3067.0977
3022.370789813333,25.52,3059.5283
2798.885118186667,25.47,2866.9875
2728.23270304,25.571,2803.7314
2818.3101684800013,25.458,2875.7046
2932.5493368,25.29,2941.7488
2846.843838577778,25.303,2842.697
2848.3044117244435,25.239,2850.6665
2732.1635507555548,25.104,2745.4812
2774.8005876977777,25.167,2797.6685
2648.666863911111,25.088,2634.2607
2617.6181987555547,25.099,2577.0845
2580.4025845866663,25.002,2517.8823
2565.156073315556,25.054,2494.7415
2590.3916711111115,25.126,2527.2095
2304.5982983111107,25.163,2297.4736
875.705987866667,25.111,1414.6582
1199.736622293333,25.087,1401.8921
1819.31777152,25.109,2010.4814
2119.6170468,25.132,2207.0244
2268.0931873866666,25.169,2260.421
2303.886403555556,25.227,2246.5986
2394.421900888888,25.283,2310.4163
2362.5220361600004,25.411,2312.6802
2359.3148382666664,25.43,2328.913
2295.379853928889,25.314,2312.9958
2295.327732231111,25.376,2335.5503
2225.167665155556,25.313,2266.3027
2238.369788097777,25.37,2281.0205
2205.6698743466663,25.485,2247.293
2212.7588351288887,25.334,2247.4175
2148.354342133333,25.503,2169.5962
2135.210279555555,25.393,2145.3394
2078.802988391112,25.406,2090.2595
2019.4127119466668,25.462,2035.6754
1968.0510342488883,25.469,1993.9103
1953.06225296,25.35,1982.0254
1928.507205404444,25.414,1969.2224
1912.109051591111,25.386,1977.5017
1906.9279445333327,25.399,2010.8215
1851.7944391466665,25.358,1951.921
1872.71847528,25.398,1945.5078
2031.898392977778,25.35,2070.1926
1578.293201573333,25.306,1671.3307
1593.7296092800004,25.327,1631.6897
1553.7237393599994,25.346,1589.887
1620.9015710577778,25.361,1646.7682
1740.19280736,25.34,1780.3191
1664.7788461333332,25.305,1711.65
1723.5777559733333,25.271,1761.1282
1736.4580858577776,25.3,1782.8599
1649.5935986133334,25.286,1693.7554
1641.3091073777782,25.294,1676.4979
1720.5319628888888,25.342,1761.9275
1684.5107403466668,25.329,1734.862
1674.6972683466668,25.357,1721.9126
1716.7027571999995,25.382,1767.1854
1674.8691985688888,25.327,1729.5703
1747.527226044445,25.367,1802.2195
1714.6850952000002,25.31,1775.773
1749.7693708088889,25.274,1807.4534
1758.1253822222218,25.358,1821.3287
1680.6648842666664,25.234,1742.7778
1672.3835114133335,25.24,1728.6011
1652.186440275555,25.286,1706.7947
1681.5804170666668,25.408,1734.9769
1677.72743808,25.26,1745.1832
1669.2933017600003,25.28,1737.0955
1635.716909511111,25.256,1702.5532
1692.5768621511108,25.247,1753.3066
1630.6350026400005,25.265,1694.5044
1641.0130357333337,25.217,1698.2495
1598.1930505955556,25.258,1655.7654
1491.1430155555554,25.254,1545.5193
1227.667245244444,25.248,1300.3434
1434.2001847466663,25.207,1422.9619
1538.6438507733328,25.138,1554.2104
1517.5590968533338,25.24,1556.558
1577.93972864,25.128,1613.6224
1485.3222768355556,25.149,1529.1978
1532.9353120977771,25.155,1564.3633
1533.7936962933334,25.177,1569.3552
1530.040977137778,25.19,1567.2346
1618.538386951111,25.248,1654.6321
1702.1079307555558,25.209,1751.6201
1762.1277058666667,25.184,1823.5896
1777.2190339555557,25.218,1842.2251
1741.717428444444,25.14,1805.4996
1762.3868762666668,25.205,1823.4609
1805.1437217333337,25.197,1868.8269
1820.163721777778,25.24,1888.2815
1826.0124234666664,25.254,1894.7827
1812.9675436088887,25.192,1880.0518
1816.159674755556,25.176,1884.1487
1846.4117947022216,25.159,1913.3552
1861.4356618666668,25.143,1931.5107
1886.6625612622229,25.136,1959.4653
1900.8338420000005,25.128,1978.0105
1898.5565589600003,25.109,1970.688
1879.177371475556,25.134,1951.9358
1864.8668324977773,25.072,1938.818
1933.144328266667,24.987,1997.2073
2187.509159199999,24.964,2210.8994
2349.9712510399995,24.938,2323.1147
2420.722616017778,24.932,2364.5024
2441.9249788266657,24.929,2395.3208
2415.4262918399995,24.936,2413.758
2021.6878011733336,24.947,2083.7388
2092.305950213333,24.924,2145.9941
2098.7293098933337,24.981,2172.4956
2177.3855339288893,24.951,2248.3247
2195.938735555555,24.951,2256.0652
2203.917963022222,25.003,2251.9043
2505.790155884444,24.996,2481.6182
2493.9096983466666,25.004,2488.655
2561.567737617778,24.935,2575.7434
2445.8781536,24.965,2485.6943
2463.929307333333,25.0,2515.321
2410.6630340266665,24.974,2482.3193
2404.962844417777,25.029,2480.0093
2235.024617511111,25.051,2458.2727
4112.433953599999,25.075,4332.132
4279.50834584,25.082,4135.9766
4232.622422293334,25.039,3830.2861
3595.162365120001,25.075,3276.5115
3457.200140142222,25.132,3402.4956
3335.292666160001,25.187,3372.1946
3246.1146048000005,25.068,3293.9268
3262.49006592,25.165,3344.12
3253.966936933334,25.194,3337.8906
3486.6046353599986,25.152,3594.7446
3704.760486399999,25.141,3770.7485
3646.005512213332,25.225,3611.235
3468.873902968888,25.227,3446.8477
3446.660918826667,25.261,3497.5447
3570.684871893334,25.325,3654.3188
3746.7608796444447,25.347,3810.688
3832.54120623111,25.388,3839.0977
3838.056607822223,25.369,3813.8516
3820.68567712,25.283,3796.6477
3950.608822186669,25.303,3947.271
4025.7457981777775,25.166,3987.9175
3963.4214768888887,25.217,3916.0742
3867.179736000001,25.175,3846.025
3818.683648951111,25.333,3847.776
3706.055671173333,25.376,3753.3267
3580.1171723200005,25.317,3642.6958
3648.04608,25.214,3729.766
3448.7593175822217,25.276,3496.3457
3728.8891260444448,25.201,3819.5732
3685.445566933333,25.326,3700.8276
3547.077252435555,25.417,3553.2607
3639.3265104000006,25.391,3695.0122
3834.110734115555,25.245,3858.3496
3736.927175422223,25.312,3700.4175
3651.447759911112,25.258,3639.8638
3792.195819244445,25.415,3831.552
3867.029289777777,25.534,3878.5925
3869.371765404444,25.36,3848.6533
3865.291229520001,25.362,3849.8452
4254.062147786668,25.443,4201.7144
4457.265727528888,25.544,4306.599
4303.075424000001,25.427,4193.832
4235.686578666667,25.637,4196.2275
4177.50859136,25.54,4168.29
4258.858515413333,25.477,4243.6997
4174.2438338133325,25.107,4142.3354
4090.421310960001,25.311,4090.809
4150.139327279999,25.481,4168.6133
4185.8953906844445,25.315,4178.8564
4019.715949688889,25.201,4013.9165
3956.645896053332,25.306,3991.0508
4113.280527999999,25.449,4142.5195
4066.1617027555553,25.744,4084.21
4071.992256577777,25.589,4080.3179
3878.140006453332,25.582,3887.4336
3906.207154693333,25.445,3945.1636
3727.532785813333,25.613,3763.2715
3827.519702586666,25.49,3892.8525
3863.586489839999,25.578,3900.3428
4004.214739484446,25.561,4009.8252
4046.898325093334,25.624,4021.3962
4123.800240213333,25.549,4081.8594
4204.001820595556,25.559,4151.7656
4103.630561466666,25.633,4063.9429
4046.2176456,25.511,4035.1006
4034.396439653333,25.553,4045.0703
4161.207095751111,25.585,4161.1494
4126.403351111111,25.559,4109.0225
4126.949501173333,25.653,4121.031
4086.151860266665,25.741,4093.6313
4214.151097413333,25.677,4204.923
4208.201912320002,25.502,4173.7217
4135.191993226667,25.704,4122.448
4190.902776604443,25.559,4181.615
4128.804531039999,25.567,4121.217
4194.539175911111,25.642,4190.7437
4154.9663,25.567,4145.158
4207.482858560002,25.523,4192.0024
4297.96319616,25.581,4256.4614
4120.532066186667,25.502,4098.1514
4113.086925137777,25.946,4148.5264
3983.083813013333,25.643,4016.3242
4000.9809689688896,25.627,4043.94
4156.220383377778,25.644,4164.1763
3989.879286053334,25.855,3995.1348
4002.435608106666,25.659,4027.6248
4123.891834248887,25.759,4133.6255
4152.936046862223,25.887,4141.616
4221.180686666667,25.736,4189.7764
4221.180686666667,25.736,4185.384
4144.360682062222,25.889,4133.742
3987.234419342223,25.835,4003.4854
4109.082829208888,25.836,4144.834
4096.7583329066665,25.812,4105.7373
4086.3924496266654,25.886,4096.19
4101.765901644444,25.815,4108.1943
4059.834448168888,25.852,4068.575
4070.838719484445,25.69,4077.591
4070.838719484445,25.69,4074.9731
4120.211133653333,25.878,4127.8877
4130.109039520001,25.771,4125.253
4161.737369777778,25.904,4158.2754
4096.760298488889,25.805,4092.5786
4231.070536906667,25.711,4214.15
4106.400114560001,25.401,4071.2214
4175.6698544,25.497,4162.8706
3988.7084360000017,25.624,3998.5776
4123.01401431111,25.448,4143.9697
4156.417692666669,25.521,4149.454
4159.725261013334,25.534,4144.539
4255.580029066668,25.277,4212.8193
4395.959487004447,25.513,4307.8955
4417.316366933334,25.691,4330.513
4421.800074239999,26.046,4356.334
4404.868538497777,26.194,4362.7817
4397.346971466667,26.088,4361.971
4483.909002417777,26.124,4397.09
4457.59763728,25.974,4386.793
4221.168886186667,26.365,4258.2886
4372.365318044444,26.09,4360.7925
4310.1708125155565,25.938,4301.233
4334.2037767466645,25.805,4310.445
4329.150781866666,26.027,4313.18
4380.566290666667,25.974,4345.0356
4440.265526826665,25.768,4367.1274
4365.200398222222,25.606,4320.3184
4359.633049600001,25.602,4324.588
4372.99639336889,25.66,4335.5625
4344.788842240001,25.677,4318.929
4405.4031396,25.684,4352.445
4427.78625024,25.584,4358.5176
4360.069052533334,25.509,4319.593
4295.087363057778,25.507,4281.6064
4379.629122488889,25.384,4331.6377
4344.931500657779,25.308,4299.7725
4367.472928,25.407,4318.7124
4250.030062106669,25.424,4242.592
4267.308441599999,25.321,4259.3306
4220.458905777779,25.395,4221.759
4203.663424888889,25.332,4206.526
4232.858403946667,25.422,4228.004
4227.698587591111,25.4,4215.5913
4038.38416,25.312,4046.139
4027.883814826666,25.191,4060.0679
3888.5836618133335,25.294,3932.36
3896.635620479999,25.262,3957.448
3918.458904657778,25.296,3967.269
3853.879212844443,25.264,3883.4539
3716.335890933335,25.296,3750.671
3878.0136106666655,25.264,3939.5508
3853.2748650133335,25.336,3872.9175
3788.1876035111113,25.375,3802.9092
3626.455620666666,25.51,3661.001
3460.660745599999,25.484,3522.7227
3338.531153840001,25.404,3421.2698
3192.9665703466662,25.418,3286.412
3219.861733200001,25.433,3313.2842
3127.5850187999995,25.535,3201.379
3189.5834260622228,25.458,3243.021
3087.3922800000005,25.497,3127.9316
3292.63826968,25.61,3352.25
3565.298934399998,25.563,3627.8247
3064.6488774399995,25.626,3067.8862
2672.8217617777777,25.675,2865.1047
2910.8774024533327,25.747,3049.5232
2841.276769422222,25.789,2930.3047
2912.1601998666656,25.856,2938.7334
2944.9027416,25.923,2963.3179
2946.4930885866665,25.956,2957.2202
3038.077829546666,25.96,3052.2534
2908.995432,25.986,2928.5955
2848.0630072533327,25.992,2889.0613
2954.5069070400004,25.95,2996.7085
2633.943185866666,25.872,2625.902
2466.233859333332,25.715,2283.8198
1198.8400082222224,25.648,1740.6344
1925.511471786666,25.67,2144.562
2267.267071111112,25.705,2285.879
2052.6636978666666,25.578,2210.7942
1948.7266560000005,25.389,2095.6462
2009.313632,25.414,2099.032
2015.5371241066664,25.322,2087.4333
2087.7890457600006,25.314,2124.3945
1997.4264241777776,25.24,2047.1283
2082.973623164444,25.395,2086.701
2108.649844408889,25.335,2102.4465
2150.844295813333,25.429,2131.667
2149.030787706666,25.296,2118.5757
2126.201526,25.272,2095.952
2101.7726634666665,25.215,2072.1455
2010.3060705333328,25.325,1999.4451
2148.5991432888886,25.296,2114.7986
2126.3009567466665,25.32,2100.996
2102.22125288,25.396,2082.0654
2059.6970063555555,25.432,2047.0902
2068.500526577778,25.441,2059.2378
2022.471938062222,25.435,2039.6437
2021.541723946666,25.4,2057.2522
1929.751130168889,25.526,2016.5775
1920.939844266666,25.556,1982.9475
1878.88927744,25.597,1940.2866
1794.1137697599995,25.645,1873.8938
1721.369013297778,25.665,1801.6648
1741.5836081599998,25.63,1812.0051
1710.6663179555558,25.665,1781.9897
1664.0705553333332,25.707,1726.8818
1655.3773079999996,25.754,1712.3813
1678.797628897778,25.732,1729.9353
1720.4272676888884,25.78,1774.9517
1752.5454296533328,25.781,1809.2498
1757.1186547911109,25.813,1815.5776
1791.998856853333,25.786,1849.5747
1867.6776406933336,25.725,1923.9266
1617.7058650666668,25.719,1688.275
1561.624040782222,25.655,1599.8555
1505.80164424,25.724,1540.2178
1583.488991111111,25.566,1604.252
1488.2983849066666,25.566,1522.3416
1565.2696950933337,25.614,1586.4385
1606.6339139111112,25.6,1640.5718
1547.0563540444446,25.551,1585.1147
1533.450060586667,25.584,1567.4583
1580.9441094222225,25.598,1613.8654
1520.725307466667,25.503,1559.7225
1554.8842736000004,25.49,1590.1543
1531.2103518399992,25.51,1573.6584
1599.1864684266666,25.53,1638.3345
1636.7101154133331,25.59,1687.1514
1588.3166264,25.499,1642.3662
1575.4753543111117,25.383,1622.3118
1649.6503582933333,25.364,1694.7998
1565.2696950933337,25.268,1616.9844
1558.90117376,25.483,1604.0521
1536.633535253333,25.377,1576.616
1564.8708402666668,25.398,1599.763
1565.7931047199995,25.377,1603.6826
1564.408672266666,25.438,1612.449
1544.6406604800004,25.494,1595.9775
1507.3869352088884,25.506,1558.7422
1509.5645616,25.508,1553.5581
1473.818880382222,25.563,1521.5941
1513.895388995555,25.558,1551.4329
1268.4383461333337,25.538,1330.1929
1547.8222173066663,25.507,1553.0366
1551.584764373333,25.593,1596.28
1510.327268053333,25.593,1558.5205
1577.061816711111,25.56,1618.1458
1519.29852184,25.595,1571.6483
1564.0323494400002,25.584,1606.117
1516.432031075555,25.56,1563.8452
1691.776327555555,25.56,1732.7046
1749.482129146666,25.61,1815.4921
1753.8526349866663,25.624,1821.6172
1794.8802932622225,25.582,1857.104
1774.6754552799998,25.576,1842.7256
1759.344434453333,25.614,1827.8408
1810.5182045866668,25.571,1877.6238
1816.3556810311109,25.574,1887.8677
1848.1985136,25.583,1917.6514
1865.0605739288883,25.619,1934.7285
1868.2992723733328,25.618,1938.0581
1907.7073910399995,25.64,1973.4781
1910.6326361777776,25.612,1977.3486
1947.3990193244445,25.506,2007.5529
1935.6637132800004,25.722,2003.0585
1941.44885144,25.726,2011.1578
1961.8459019377783,25.626,2020.5474
1919.6880571733327,25.552,1986.6218
1938.584923617777,25.564,2003.0605
1903.2182900266669,25.649,1976.4889
1923.4424100444448,25.475,1992.2112
1936.743246435556,25.598,2007.1033
1927.4887264,25.453,1998.4729
2069.1928202399995,25.475,2110.611
1538.572670613333,25.462,1661.2781
1416.09996016,25.473,1484.3604
1584.5035960088887,25.444,1616.7903
1625.2313993599996,25.427,1683.0381
1714.435030755555,25.449,1784.082
1729.525522773334,25.49,1803.2065
1993.1165113688887,25.484,2046.479
1950.548019448889,25.464,2010.2831
1877.1579674666664,25.591,1938.7809
1854.670895226667,25.622,1914.5469
2051.798259466667,25.618,2083.656
2004.030740853333,25.49,2049.0413
2023.080690986667,25.626,2060.4924
2000.9151602844445,25.589,2041.2488
1991.946235386667,25.42,2030.6827
1941.657653795556,25.572,1993.6056
2103.193134311111,25.678,2133.058
2064.3237668266665,25.811,2104.4053
2059.028683946667,25.908,2095.3657
2131.020595635556,25.759,2154.2952
2029.6637658666664,25.663,2066.1514
2168.7076828800004,25.394,2183.7803
2225.883892808889,25.572,2247.6938
2238.076221173333,25.615,2275.0457
2043.441752,25.444,2099.061
2056.772187404444,25.463,2103.8284
2242.0919126400004,25.644,2289.1597
2366.1378050044445,25.48,2384.8606
2405.3687639288887,25.552,2415.6755
2414.7372108800005,25.354,2448.4338
2370.241313048889,25.44,2447.291
2348.699433173333,25.563,2471.2834
2352.1217260800004,25.54,2440.783
2412.4647928888894,25.54,2463.5544
2378.6207274666667,25.231,2453.335
2383.109805191111,25.117,2455.6582
2212.5691273333346,25.108,2360.7073
4205.659998800001,25.288,4351.0913
3958.703359928889,25.146,3729.3428
3402.713407955556,25.227,3052.2178
3215.197024648888,25.417,3134.1108
3032.288729946667,25.441,3067.1165
3036.299842817778,25.664,3105.2983
3062.50381008,25.417,3106.2622
3014.816987466667,25.497,3042.7612
3100.4741123377776,25.383,3115.7554
3115.789983742222,25.262,3119.5273
3145.01077271111,25.342,3143.8572
3117.9069798400005,25.392,3118.291
3099.0294816,25.377,3102.9976
3154.3783859200007,25.466,3164.3472
3167.378707146668,25.521,3173.0051
3167.445291244443,25.373,3165.7253
3222.5013832000004,25.28,3237.2017
3269.8491032888887,25.29,3287.0671
3311.9554225511106,25.338,3328.042
3314.594692942222,25.412,3332.3376
3265.884803413333,25.524,3295.7114
3305.4629612444432,25.453,3352.2708
3305.879615768889,25.501,3347.329
3261.694127386667,25.591,3304.7751
3272.2071428800004,25.53,3321.6023
3170.5470300622223,25.367,3206.9453
3326.570088799999,25.393,3384.3655
3291.2422824444443,25.317,3307.7334
3297.415602133333,25.463,3320.289
3248.10848768,25.497,3283.2522
2977.43358384,25.369,3048.669
3146.125312559999,25.497,3234.8577
3175.8684782933333,25.369,3220.8755
3190.63612576,25.649,3214.4214
3098.7763896000006,25.338,3111.4897
3171.631096400001,25.241,3195.0698
3065.7334270222227,24.976,3071.6938
3105.1255764977773,25.297,3129.682
3093.7152785422218,25.4,3125.3235
3151.044735182223,25.454,3184.3503
3122.609481600001,25.261,3133.4915
3163.1399384,25.391,3185.708
3169.12932128,25.639,3206.6135
3167.040356853334,25.238,3182.4043
3191.813700479999,25.331,3211.9883
3228.5341358133323,25.117,3241.2773
3113.9353672533334,25.126,3122.3582
3215.7344728177773,25.242,3260.53
3145.110985964444,24.747,3151.309
3218.7443556,25.454,3265.5803
3190.2442226666662,25.309,3227.2349
3244.6345307022216,25.334,3281.4534
3270.4776762222214,25.616,3316.3745
3224.33972192,25.356,3246.5754
3251.4025158666664,25.022,3265.5247
3231.4072662400004,25.305,3258.4473
3243.6227228000007,25.364,3283.995
3185.254645759999,25.456,3229.0796
3188.018790008889,25.388,3237.3213
3259.2145861688896,25.138,3295.192
3165.2302908444453,25.286,3185.7332
3212.4979227733324,25.294,3250.5962
3241.2934379999992,25.413,3283.3125
3249.7083248888885,25.551,3287.838
3209.018185493333,25.528,3242.9917
3086.3870116177777,25.45,3127.7947
3088.132581377777,25.361,3138.834
3105.954339555555,25.32,3146.3003
3084.337830435556,25.282,3105.9836
3049.192289911111,25.044,3060.1826
3138.242404444444,25.002,3149.9382
3023.575258542222,25.14,3032.6687
3024.954909786666,25.246,3048.966
3171.755676817778,25.314,3218.124
3137.0832,25.228,3136.0137
3172.6264344,25.173,3173.9895
3149.58334576,25.238,3161.1875
3194.8103563377776,25.258,3221.259
3218.395102613333,24.943,3227.8237
3222.84655248,24.826,3221.757
3187.689436213333,24.812,3193.7686
3204.171898133333,24.808,3227.276
3221.6132113511103,24.866,3250.2776
3207.578261439998,24.693,3223.6697
3224.9925141333324,24.531,3236.7031
3195.6445457066657,24.621,3209.6646
3268.09585984,24.608,3294.0107
3271.20280256,24.394,3276.0972
3348.82636,24.96,3388.555
3399.0956071555543,24.653,3420.6863
3464.140413013334,24.79,3481.3174
3491.37397856,24.889,3505.0786
3346.9340912,24.988,3366.9185
3370.358800888888,25.112,3435.8486
3438.111253315556,24.942,3493.9954
3518.071915964445,25.017,3550.267
3526.618595840001,24.825,3525.735
3508.7086601066662,24.709,3503.5527
3487.453312746667,24.504,3487.2417
3377.338895431111,24.745,3404.1445
3554.217633919999,24.696,3614.6355
3355.756609333332,24.66,3370.7295
3346.003201706667,24.477,3385.0164
3317.500454595556,24.621,3372.629
3323.744967253333,24.511,3369.054
3444.525597866666,24.524,3489.8535
3327.592058808888,24.606,3339.6445
3413.444910488889,24.616,3456.0728
3386.3735276,24.934,3430.1929
3347.516769884445,25.02,3393.8696
3307.4930490311112,24.896,3355.1755
3447.298689706667,25.082,3514.7466
3301.281148968888,24.88,3319.0715
3374.321074631111,24.896,3414.2974
3399.0878286666675,24.757,3424.399
3406.296933333333,24.755,3417.0618
3435.396327804444,24.809,3451.497
3364.435632977778,24.846,3380.4968
3359.377167537777,24.808,3392.0088
3292.1636467822223,24.773,3327.0732
3208.207527217778,24.7,3250.103
3207.563316959999,24.571,3252.3381
3209.7660033600005,24.597,3245.7832
3163.72759392,24.632,3190.3088
3144.125977751112,24.659,3173.2593
3086.271211111111,24.698,3116.71
3115.705788586666,24.789,3147.1821
3192.5169550577784,24.793,3219.2424
3147.9486404266663,24.83,3151.4795
3137.43388176,24.942,3154.1553
2926.9192362666663,25.153,2984.497
2504.1849261333327,25.278,2459.2034
2800.007500568889,25.314,2894.6704
2623.824808746666,25.244,2634.9492
2816.593500231111,25.193,2829.518
2970.3582121244435,25.064,2951.8552
3091.211364337776,24.695,3033.5542
1887.7288104355555,24.669,2179.9126
2425.7604451733323,24.615,2356.665
2480.7836520533338,24.657,2415.9182
2471.395230222224,24.64,2378.4353
2451.3455195288884,24.642,2373.7083
2400.2282517333333,24.717,2359.0532
2360.10173256,24.836,2350.584
4151.763330204444,24.799,4202.748
3622.165688560001,24.782,3375.648
3254.8888019822234,24.787,3055.752
2993.286269955556,24.852,3025.207
2825.7921758400007,24.809,2950.9668
1277.3893420800011,24.846,1831.6213
1913.8888327288885,24.856,2153.7188
2299.65415104,24.904,2351.6091
2473.192989217778,24.892,2459.4932
2459.843203075556,24.998,2440.736
2432.1891880800003,25.023,2433.6382
2256.1699586400005,25.07,2339.7307
2088.32656496,25.102,2185.2112
2001.7893180444448,25.094,2106.8186
2095.315586133333,24.878,2159.443
2133.3986555199995,24.862,2177.63
2121.8258081066665,24.925,2170.6099
2068.789541688888,24.901,2095.4004
2067.52669936,24.806,2078.1309
2113.5881601422225,24.894,2108.3909
2080.2547897777777,24.893,2077.1917
2076.7343365333327,24.876,2067.5195
2122.9497916000005,24.905,2091.6602
2223.7346474222227,24.992,2156.1973
2023.93686856,24.987,2002.2876
2117.311324533334,25.065,2089.5693
2105.38359288,25.132,2103.588
2079.2326334577774,25.202,2102.119
2079.2326334577774,25.202,2139.0942
2014.18360416,25.372,2064.4946
2037.4398560000009,25.417,2066.9236
2001.5421530666663,25.407,2031.762
1924.859269946666,25.447,1967.9116
1855.638649866667,25.428,1910.7355
1703.1508933688892,25.474,1779.0317
1582.365278933333,25.461,1650.4595
1574.0496178488888,25.484,1625.1602
1557.3679986666666,25.492,1599.9019
1576.1200187022218,25.52,1611.7163
1572.9982199999995,25.573,1609.7532
1599.462551217778,25.519,1633.9099
1598.0307922488885,25.587,1635.359
1622.3315926755552,25.576,1657.158
1648.674272053333,25.571,1688.2136
1741.3832375466664,25.544,1789.7561
1180.6825639999995,25.678,1297.9569
1356.2708115911116,25.658,1351.7172
1316.181350862222,25.646,1333.0604
1413.3752789333334,25.631,1405.1654
1389.9591954488887,25.575,1397.842
1504.2309169777775,25.626,1501.5316
1457.1703873155554,25.715,1475.1804
1465.1554777600002,25.612,1475.6731
1502.4399548444444,25.679,1514.979
1502.9581582399996,25.714,1524.2922
1499.7646938044445,25.631,1524.1456
1405.02962176,25.575,1432.6141
1478.9471915288889,25.466,1496.7954
1512.9619679999998,25.495,1546.877
1463.7731506222224,25.419,1504.2015
1493.9175932266664,25.354,1527.1326
1487.167001368889,25.382,1525.3315
1468.5592979200003,25.383,1506.4628
1475.3011913777775,25.458,1510.9941
1498.6590060622218,25.519,1533.9535
1486.052996,25.499,1523.2251
1487.3161678666672,25.559,1522.5508
1480.296292408889,25.636,1518.5729
1433.63354512,25.628,1482.7632
1468.575376568889,25.634,1509.1218
1459.4430731288894,25.642,1504.9558
1487.034317582222,25.646,1527.8431
1465.8871587555557,25.682,1512.3705
1462.3107760800003,25.654,1501.9564
1438.4457410399998,25.696,1474.7665
1405.2175246666668,25.738,1434.4777
1464.3946984622226,25.756,1492.2739
1444.5515648711105,25.687,1476.4762
1437.1874528533335,25.672,1465.2504
1445.954969617778,25.698,1478.44
1427.3179571022224,25.762,1455.957
1429.2240548444452,25.805,1454.475
1461.4846737777775,25.782,1494.8646
1198.4371337333332,25.839,1275.1578
1735.5311217066671,25.778,1743.0845
1775.4206426666667,25.591,1849.2888
1727.1395388444444,25.648,1797.2473
1741.2171714666663,25.501,1800.1556
1798.1097634844443,25.44,1856.7662
1799.20679824,25.441,1865.8105
1805.8312272,25.483,1875.4707
1843.813395146667,25.474,1913.327
1887.6296812800003,25.447,1954.0454
1808.2381222222227,25.406,1884.6211
2030.7277769777768,25.406,2074.0703
2049.4001525066656,25.426,2095.7456
2078.439516373334,25.456,2115.0486
2066.653708373333,25.468,2104.8528
2045.9782659911111,25.578,2088.8142
2044.276105555556,25.551,2087.6104
1989.609904533334,25.549,2046.0852
1994.1497706666664,25.596,2051.5378
1988.047661413333,25.624,2049.7124
2009.828832293333,25.608,2068.6445
2004.595317084444,25.596,2065.3723
1973.9108132977776,25.596,2041.1313
2160.6328114399994,25.634,2199.7288
1674.4903372533329,25.634,1792.7533
1486.2731179199995,25.593,1572.2742
1675.551657333333,25.56,1732.5177
1796.1188522666664,25.594,1882.2383
1807.261295395556,25.751,1899.1348
1785.0310751466666,25.67,1866.8691
1932.418116666666,25.754,1994.357
1862.4665491911112,25.795,1936.2823
1846.563517155556,25.766,1914.1941
1988.0728728,25.621,2035.6469
1891.4203461866664,25.52,1952.1726
2041.539408426668,25.543,2072.5264
2180.4992059733336,25.612,2193.0227
2237.813264,25.608,2239.8865
2295.900373404444,25.528,2288.1785
2230.8368677333333,25.547,2245.0688
2275.1944179199995,25.579,2299.9817
2170.9995191466664,25.617,2213.7957
2050.619802097778,25.498,2091.3203
2127.6346159288887,25.587,2169.272
2088.077259733333,25.655,2135.3027
2101.5842959466668,25.415,2137.7922
1886.58641824,25.23,1949.876
1807.126846311112,25.583,1898.3462
2183.8238089777788,24.997,2221.5273
2381.4758288,25.457,2366.817
2382.7799600000003,25.463,2362.5994
2391.875985173333,25.287,2377.3687
2384.091811466667,25.377,2406.904
2374.630092515555,25.425,2439.8496
2402.0490888533323,25.465,2453.1409
2415.89374176,25.369,2467.208
2405.809876444445,25.276,2466.2861
2378.3878968,25.4,2458.7134
2388.0261501866657,24.924,2460.7495
2368.1913039466663,25.376,2454.7012
2056.2587081599995,25.471,2158.236
4260.262872675556,25.637,4373.6343
4145.307792266666,25.592,4004.225
3720.457773911111,25.381,3248.2437
3360.372881653333,25.45,3166.7927
3461.7416597866663,25.576,3478.8848
3411.1101586222226,25.502,3412.227
3685.478058426666,25.428,3814.6084
3681.72667256,25.517,3710.8833
3602.021098933334,25.42,3594.288
3606.6073216,25.611,3641.983
3606.003517564444,25.337,3629.806
3651.962150915555,25.612,3703.44
3624.8919872,25.613,3664.191
3612.946603733333,25.765,3667.8745
3675.6250384,25.571,3728.2236
3631.51442496,25.685,3657.8657
3799.541913813334,25.609,3853.884
3904.7047383999993,25.519,3908.9077
3901.793317546666,25.611,3875.4824
3797.396003395556,25.631,3777.2666
3726.963246720001,25.433,3731.609
3779.1276609777774,25.626,3821.0164
4275.437545875557,25.666,4229.226
4585.333173173332,25.594,4365.5776
4690.293146879999,25.601,4422.258
4485.24844656,25.366,4364.951
4464.659538702222,25.489,4385.3013
4427.106566346666,25.557,4374.4526
4431.41733735111,25.245,4367.769
4355.15280768,25.389,4326.0576
4439.168813457778,25.434,4372.976
4119.341694222223,25.097,4117.881
3987.231221777777,25.075,4042.9297
4050.61779936,25.623,4135.3184
4143.804149813333,25.492,4177.2686
4202.05844432889,25.363,4184.9854
4117.252843911111,25.386,4097.044
4081.266486,25.344,4078.203
4138.116510586668,25.235,4128.959
4158.845570977778,25.216,4134.0913
4099.796764373332,25.057,4070.804
4057.3234064000007,25.262,4056.705
4058.172426133333,25.107,4060.7134
4034.486774924445,25.371,4050.819
4046.1585733333327,25.23,4055.9731
3992.2615193066654,25.086,3994.4785
3893.8424873866666,25.231,3917.8281
4013.964455822223,25.294,4051.388
3989.2241288533337,25.211,3995.5977
3824.6018691377785,25.223,3833.4282
3975.710033777778,25.07,4006.2688
3977.636044684445,25.436,3991.6707
3983.423993813334,25.371,3987.8938
4023.505173013332,25.334,4020.5396
4079.6918089422215,25.522,4068.991
4280.310814577776,25.47,4223.8535
4218.6007668444445,25.364,4150.6436
4063.9659960355534,25.526,4036.8726
3868.019585733334,25.428,3885.3447
3948.9336291200007,25.544,4013.6887
4049.600886533333,25.527,4077.6582
3939.5314936266655,25.351,3931.0088
3998.275877191111,25.292,4004.179
4214.118680444444,25.143,4172.76
4201.104339306667,25.339,4142.532
3787.94888192,25.16,3741.0046
3898.02301528,25.272,3972.9429
3976.370203911111,25.555,4032.629
3968.533393822224,25.624,3997.4333
3975.511882595557,25.634,3995.879
3877.816136026666,25.363,3877.3916
3930.7993049422216,25.222,3940.4946
3895.54580295111,25.209,3897.0137
3923.6975376,25.389,3943.6387
3957.9420263555535,25.534,3978.5945
4016.838409511112,25.401,4014.4985
4335.6818736177775,25.226,4247.876
4516.015248622223,25.085,4332.2354
4294.185477546667,24.886,4176.35
3718.4335327999993,24.836,3666.8787
3867.80212224,24.589,3972.1367
4004.539153706666,24.465,4048.4277
3994.7054529777774,24.43,3992.249
4007.4347183199993,24.299,3998.2344
4163.058175822222,24.479,4130.659
4074.9776930133335,24.516,4042.707
4120.944952568888,24.436,4097.758
4148.263445706666,24.752,4125.654
4278.430743333334,24.771,4220.093
4403.119185457777,24.628,4283.4927
4466.151350399999,24.57,4317.895
4428.044271333333,24.788,4313.93
4354.422673066666,24.686,4280.6055
4316.519894613333,24.81,4269.9014
4569.692125999999,24.827,4388.1997
4534.560547164444,24.683,4374.351
4506.062148088889,24.588,4368.7397
4539.752590684444,24.712,4388.1987
4522.966797973331,24.617,4383.893
4529.235371546668,24.514,4385.7715
4479.337929173333,24.645,4371.069
4423.664085466666,24.695,4350.743
4291.443464728888,24.621,4267.3906
4003.4921038933335,24.563,4035.5823
4150.560738560001,24.523,4185.2803
4194.427601173334,24.493,4179.2393
4124.201630035556,24.361,4097.9214
3728.1424143999984,24.324,3731.1328
3728.1424143999984,24.324,3820.088
3876.1627960888895,24.415,3948.9429
3892.743246008889,24.427,3907.0981
3954.1616120533336,24.488,3945.0125
3898.772546044445,24.455,3873.174
3913.163602862223,24.489,3898.5405
4053.0631326933344,24.473,4026.6145
4016.221763982222,24.507,3965.5771
3981.564576319999,24.576,3947.6821
4000.4814001777777,24.623,3982.7603
3685.574168177778,24.662,3677.5796
3300.999046,24.74,3380.596
3046.084018559999,24.609,3224.4275
3129.907495093333,24.722,3293.8503
3166.629932106667,24.765,3262.165
3205.4740032,24.716,3240.6733
3121.9665277777776,24.585,3139.2305
3197.36628744,24.666,3211.2234
3267.1793582222226,24.687,3268.6023
3208.6068780977785,24.679,3192.691
3089.33426592,24.648,3100.309
3173.9535994755565,24.706,3202.4604
3021.4771089777773,24.829,3054.546
2811.0187736888893,24.876,2890.2573
2902.7372941777785,24.968,2969.2563
3044.9473531022227,24.926,3076.8428
3030.173274408888,24.857,3019.6448
2959.4062581333337,24.936,2963.1953
2962.1857357866675,24.705,2979.1785
2847.1827361600003,24.791,2881.063
2850.077766293334,24.749,2885.6458
2901.837533777778,24.692,2925.0212
2841.7570235733333,24.691,2858.4531
2853.350917155556,24.644,2866.4785
2917.5071832000003,24.472,2916.12
2917.2560649333336,24.625,2913.5322
2891.315651039999,24.518,2892.8604
2853.239009386667,24.69,2872.695
2866.1959294400003,24.791,2892.9673
2769.365175288888,24.768,2808.2502
2814.1840178133334,24.878,2849.708
2806.7317317333336,24.823,2837.101
2812.863579733332,24.946,2837.4138
2765.889972355555,25.062,2800.0454
2566.906060977778,24.997,2519.6218
2634.5178182400005,25.093,2661.3186
2772.7608513244445,25.151,2812.3262
2428.7659321777774,25.078,2375.9211
2396.60986056,25.196,2364.5588
1717.3690441599992,25.162,2054.511
2209.3147624533326,25.089,2301.3848
2405.3342626044446,25.206,2394.2207
2374.209080640001,25.078,2368.6804
2315.137882933334,25.079,2359.0422
2350.3785946666667,24.967,2422.857
2344.9029623466668,25.05,2367.2844
2317.1733294933333,25.098,2385.4094
2238.8416081777777,24.93,2306.5227
2377.757855502222,25.025,2386.0398
2417.263524337778,25.094,2425.418
2313.85426808,24.937,2392.4236
2297.00122288,25.264,2392.7224
2288.145047644444,25.287,2394.274
2252.5970506666667,25.312,2338.4875
2204.8525181866667,25.335,2265.0994
2194.950026737777,25.287,2243.6665
2210.4933816800003,25.365,2261.4688
2157.8699375999995,25.346,2197.7427
2015.2460269688888,25.383,2041.411
1993.7084299200003,25.397,2017.9944
2082.008641066667,25.414,2115.0737
2266.135402284444,25.437,2293.8535
2374.054499475555,25.416,2379.0146
2325.59617536,25.447,2337.609
2326.43252128,25.45,2347.7104
2309.3158586666664,25.505,2363.1309
2368.1927234044447,25.596,2435.9805
2343.9101640000003,25.608,2436.4282
2375.607424711111,25.608,2438.6506
2381.1427464533326,25.6,2447.7783
2405.46760896,25.629,2461.8086
1993.624499093333,25.646,2071.062
2143.7277260533333,25.673,2211.4536
1981.9497581333333,25.709,2056.5078
2152.2126822222226,25.696,2209.2695
2174.194946835556,25.659,2226.702
2097.7103010666665,25.665,2134.912
2131.09219616,25.631,2160.3845
2089.6250299733333,25.687,2124.189
2078.319028977777,25.68,2112.821
2131.361378453333,25.68,2166.738
2153.1913861333337,25.673,2192.6555
2108.8472829511115,25.652,2148.0288
1858.0604521066664,25.727,1928.241
1910.86732064,25.761,1954.4641
1827.6525993600003,25.773,1890.0879
1813.6461014844444,25.769,1873.6123
1970.48104,25.803,2011.5493
2094.7312912,25.817,2119.3372
2060.6653525333336,25.782,2081.5635
2131.1827806222213,25.79,2136.2866
2193.6111811200003,25.796,2193.4248
2093.966170853333,25.79,2106.1997
2030.0694583111112,25.817,2053.662
1981.5827136,25.845,2029.2335
1991.023016088889,25.811,2036.1453
1984.2735723733329,25.797,2036.5753
1974.7466049422217,25.816,2022.0767
1964.2228032000005,25.773,2011.5957
1958.16414752,25.786,2008.2592
1959.8081101866665,25.777,2008.7511
1980.5017761244444,25.806,2027.801
1794.4617849422225,25.772,1870.273
1610.0846332355554,25.797,1681.6245
1421.9707886222225,25.688,1487.6207
1478.1736778666664,25.765,1509.1343
1246.3229750399998,25.773,1326.1512
1504.993099431111,25.685,1499.462
1583.8095976000004,25.768,1612.248
1810.7940929155552,25.78,1875.5876
1932.8500079466664,25.689,1992.7786
1973.6560049066663,25.721,2013.6228
1988.60096,25.761,2018.5825
1950.608116426667,25.777,1981.3279
1983.3924,25.702,2007.8893
1917.9148271999995,25.708,1962.969
1992.0147676000004,25.676,2027.6628
1951.7895408,25.71,2000.8497
1958.2674244266664,25.726,2003.8691
2020.4670046044448,25.697,2056.6907
2030.047804302222,25.703,2065.9834
1986.220971795556,25.729,2028.6495
2006.71809232,25.673,2043.1537
2065.0535311466665,25.729,2094.803
2080.104751111111,25.696,2109.228
2015.3446437688888,25.73,2060.8755
2024.7743055644444,25.7,2073.1746
2042.68505408,25.688,2096.0205
2051.964656248889,25.712,2106.637
2044.5260523911109,25.698,2105.3254
2056.48199504,25.682,2109.4941
2092.200364213333,25.672,2137.212
2248.975512,25.676,2269.6958
1754.1937846044443,25.613,1857.7361
1686.9178135288887,25.632,1758.9648
1763.6679596177776,25.601,1834.2502
1787.191767022222,25.61,1869.6904
1986.1958069866664,25.555,2047.5529
1878.2125,25.568,1957.9355
1722.0752709777776,25.637,1799.4464
1740.5122657066663,25.675,1805.1841
1755.822320711111,25.572,1822.6498
1812.12966528,25.512,1878.4995
1906.38634512,25.325,1966.7444
1972.2798283644445,25.347,2025.1853
1989.3265952,25.425,2035.5143
1976.4986047644447,25.23,2016.3606
2052.139085368888,25.306,2079.2485
2016.8414858666663,25.203,2053.8965
2006.9944988266668,25.334,2045.826
2082.100861573333,25.188,2107.9807
2054.0195106044443,25.409,2089.111
2053.6507054311114,25.422,2086.358
2123.8524596177776,25.196,2143.404
2057.320712933333,25.288,2086.059
2157.40234096,25.339,2172.7488
2195.1669301333327,25.242,2224.9834
1940.9742995733327,25.134,2008.1938
2093.3618346666663,25.289,2129.5176
2417.393187555555,25.278,2388.505
2440.5048759466667,25.321,2409.5454
2406.2223785599995,25.359,2406.7058
2386.145940373333,25.305,2429.3926
2406.8913775111114,25.154,2444.6982
2370.668185573334,25.244,2443.902
2417.477225511111,25.219,2463.9788
2394.5406486044444,25.136,2458.0225
2327.0383013777787,25.15,2441.8728
4508.59124224,25.233,4419.4785
4509.541091217778,25.251,4269.0996
4073.1739452799993,25.093,3543.2476
3558.6013620266667,25.234,3279.4646
3089.856812693333,25.158,3073.8123
3050.6531099200006,25.128,3151.1729
3186.3494471111103,25.18,3288.6365
3146.7676981333325,25.152,3171.8289
3140.9342227200004,25.168,3155.408
3190.1164202311115,25.109,3231.4773
3176.7501560355554,25.076,3195.9136
3131.464522666666,25.061,3142.7761
3194.834446364445,25.327,3217.926
3136.444990124445,25.197,3138.0505
3180.4148979199995,25.35,3196.439
3136.4784120088884,25.36,3149.8394
3229.942954062222,25.496,3281.9373
3148.994278933333,25.321,3169.387
3328.207722711111,25.334,3373.5513
3276.694434346666,25.567,3296.8262
3341.754679573333,25.444,3365.258
3314.8368205333336,25.477,3336.2256
3343.2029503644435,25.375,3370.0654
3345.9613329422214,25.409,3378.464
3352.44569088,25.278,3377.1077
3350.8858942577776,25.487,3386.6726
3277.9361466666664,25.462,3315.4302
3333.59592272,25.104,3367.7473
3261.207796000001,25.399,3296.0884
1469.992426275556,25.39,2045.8167
1935.579943146668,25.508,2187.1704
2294.11352176,25.6,2009.2274
2461.307752800001,25.627,2381.6292
3646.612852666666,25.462,3928.975
3550.660447111111,25.726,3440.8455
3326.57643968,25.588,3145.594
3312.879337022221,25.437,3260.419
3355.6970165600005,25.438,3332.4197
3292.327565626667,25.622,3282.6064
3417.062722933334,25.337,3455.035
3313.9215741866656,25.443,3333.837
3415.433718720001,25.558,3470.716
3436.4444,25.563,3469.9548
3430.481807493333,24.924,3413.7095
3400.9215154311114,25.241,3401.752
3335.143331982222,25.086,3347.0476
3415.014498924444,25.371,3466.7349
3370.988781635556,25.256,3395.628
3297.761104444445,25.499,3333.8813
3418.481852337778,25.421,3488.9946
3327.834405315556,25.423,3352.448
3267.1421798399992,25.2,3288.5283
3406.7459174933324,25.133,3460.3616
3352.2579079111115,25.145,3363.5122
3318.800172551112,25.239,3343.163
3384.886852266666,24.775,3407.4604
3346.330862400001,24.682,3347.6726
3340.485188266666,24.633,3350.0254
3334.8146,24.789,3362.3745
3384.247445342222,24.974,3430.111
3366.433175706666,24.9,3396.2144
3369.3097715200006,24.582,3384.2256
3349.564993893332,24.374,3357.6023
3342.1937543111103,24.284,3355.7488
3318.409184711109,24.34,3342.7283
2560.2807121066658,24.909,2736.343
1883.5580114755555,24.451,2173.1743
1997.8785337066668,24.552,2200.7979
2628.2024980444444,24.601,2660.7493
3568.6405872,24.46,3834.1501
2824.681223644443,24.39,2714.6992
2853.00722672,24.905,2832.9084
3062.1477695466665,24.975,3126.9128
2820.6008647555554,24.591,2852.0193
2915.6247842311104,24.865,2943.5422
3525.131879751112,24.496,3667.0818
3478.727788177778,25.212,3441.1433
2849.701701973333,25.602,2905.789
4086.770219857777,25.557,4231.993
4049.7625358755545,25.438,3942.7673
3607.14721976,25.633,3426.5
3508.31967744,25.819,3541.724
3402.903387066667,25.997,3515.5093
3400.7812546044447,25.997,3515.2207
3484.028598959999,26.005,3582.5586
3555.6917192799992,25.862,3617.938
3598.690564248889,25.877,3628.5283
3403.407597333334,25.842,3411.4592
3515.755764933333,25.718,3574.6533
3452.426073955556,25.438,3463.849
3566.874352044445,25.451,3588.315
3652.3732813155552,25.364,3655.3928
3584.2289584,25.357,3559.1975
3623.9248555377776,25.405,3635.5063
3598.921860177777,25.308,3606.872
3526.9148968800014,25.276,3539.6128
3597.2002919466668,25.094,3635.1523
3639.547028231111,25.055,3663.5317
3451.36268,25.105,3461.8145
3668.8434874577774,25.37,3759.2217
3530.2350144444445,25.391,3562.7444
3597.547053022222,25.311,3647.645
3606.678348053334,25.517,3656.5078
3708.478523742224,25.581,3751.9692
3444.338378488888,25.474,3448.1106
3451.72428192,25.345,3507.5137
3322.7192593777777,25.334,3383.4255
3335.137852106666,25.272,3403.844
3404.6794780800005,25.252,3463.9668
3541.5482035555547,25.278,3583.3584
3475.0968408000003,25.318,3470.5803
3449.6067769599995,25.423,3468.1587
3390.853750888889,25.318,3419.617
3388.460406506665,25.296,3427.8938
3384.436774693333,25.268,3422.1523
3394.182123199999,24.982,3415.2002
3321.612552746667,25.02,3339.9321
3278.169413999999,25.032,3316.4827
3264.924490737778,25.085,3316.3945
3361.2093184,25.099,3416.9004
3365.686141511111,25.192,3396.5146
3369.302740604444,25.263,3399.0818
3305.8371589599988,25.296,3339.122
3308.8376190577783,25.353,3360.8499
3241.406709333333,25.327,3289.0986
3232.522033155555,25.462,3292.871
3299.5997203022216,25.518,3367.3113
3212.6239599111123,25.501,3251.5813
3372.06102304,25.536,3435.227
3373.6169117866675,25.322,3385.7244
3332.5906555022225,25.608,3349.3804
3408.2185601066667,25.599,3451.3633
3120.717212799999,25.482,3160.3557
3065.4237663111103,25.538,3148.2954
3086.1520348799995,25.578,3174.3794
2987.6034352266674,25.55,3055.2505
2952.1286946133337,25.597,3014.3276
3035.375746693333,25.653,3078.9934
3035.375746693333,25.653,3053.5005
3124.007880399999,25.658,3135.583
3094.779427057777,25.726,3098.3416
3081.7535462755563,25.908,3101.7485
3110.537655768889,25.943,3148.164
3101.143451306667,26.061,3139.5627
3071.05295392,26.163,3114.962
3162.170619911112,26.211,3228.8574
3117.543314524444,26.242,3160.4653
3081.2876520533327,26.3,3129.7344
3071.958069599999,26.285,3131.4673
3024.1482048,26.288,3082.5564
3173.0640116622217,26.337,3241.6667
3078.4094038933345,26.31,3107.1523
2988.2178671466663,26.282,3032.211
3090.255785128889,26.24,3143.8296
2927.13811456,26.183,2980.7256
2807.1415940533325,26.16,2887.6287
2769.9678044,26.094,2849.9941
2642.40014064,26.224,2695.4016
2612.677661262221,26.15,2615.787
2607.504969644444,26.059,2580.7185
2699.1213275999994,26.079,2704.3145
2599.6497543466667,26.13,2533.644
2723.069151146666,26.212,2727.0605
2521.208183999999,26.254,2435.439
2543.246191733334,26.221,2473.7397
2558.726960115556,26.25,2505.5232
2494.817676231112,26.239,2420.6921
2548.2968484088883,26.261,2491.7969
2330.2749189599995,26.306,2301.5054
2574.9132723733337,26.299,2555.048
2410.0788916355546,26.291,2366.1191
2366.9773566399995,26.284,2342.0737
2313.9171399288903,26.271,2325.3447
1353.8549934311109,26.284,1748.7139
1629.4296174933338,26.267,1864.064
1875.0815999999995,26.015,2026.7786
1979.695102577778,26.029,2059.377
2014.5644054399995,25.952,2048.694
2046.7709592177785,25.839,2047.7559
2013.75680616,25.952,2014.1686
1810.1202789866663,25.717,1860.7921
1715.7105131288886,25.851,1776.1532
1707.174090844444,25.98,1761.7847
1729.3755190399995,26.026,1775.571
1768.8925808,25.934,1807.5642
1743.3535916622222,25.753,1777.3147
1755.5602881066663,25.747,1787.7217
1748.3058877155552,25.755,1779.538
1742.892719688889,25.715,1771.9158
1743.2440127822222,25.672,1772.5397
1733.2239054577778,25.515,1761.2502
1734.638351466667,25.405,1765.3165
1751.002789955555,25.538,1780.375
1751.298215333333,25.538,1788.9429
1735.63970848,25.68,1780.0181
1725.7791230577775,25.762,1781.9999
1596.76451248,25.801,1680.0898
1456.9151236266669,25.812,1514.0273
1324.597048204444,25.801,1371.6
1479.0452435733328,25.802,1474.2512
1552.26174792,25.78,1565.8374
1512.34784,25.817,1538.2898
1506.2125545600002,25.791,1530.2268
1604.6488540266666,25.783,1638.2
1685.2224604355551,25.791,1736.7124
1939.675045066666,25.786,1998.0642
1958.605611697778,25.779,2016.0562
1928.9696062933333,25.756,1979.1885
1906.5247719466663,25.721,1955.8467
1936.0474210133336,25.756,1982.5437
1855.829872604444,25.841,1921.2594
1874.7497449777773,25.749,1934.7832
1866.9988510933329,25.777,1933.1093
1798.402791271111,25.792,1873.3313
1790.8758060799996,25.742,1861.8756
1829.290104017778,25.783,1899.1039
1810.6991685688888,25.796,1885.1444
1822.2032928,25.768,1893.136
1846.7992158488887,25.729,1916.5491
1816.2010474666672,25.75,1895.5588
1723.4828665599998,25.851,1813.9072
1772.9492490666669,25.936,1858.1831
1721.1134713066665,25.964,1809.0164
1795.7951506844447,25.861,1873.8771
1834.5358493866663,25.783,1917.0688
1758.5781100711108,25.777,1847.156
1823.208866266667,25.762,1898.0461
1790.3592363999996,25.699,1867.2034
1772.4115552,25.74,1839.5833
1825.1665826666672,25.768,1889.1074
2065.69810704,25.749,2102.1946
2088.6998276266672,25.764,2121.5508
2023.494144453333,25.72,2058.801
2046.62493672,25.685,2075.1187
2051.06913792,25.726,2082.544
2073.054128497778,25.725,2105.0771
2065.0433515733325,25.678,2102.3618
2083.803073244444,25.658,2118.8877
2077.998497013333,25.737,2115.2393
2068.819470240001,25.826,2108.7437
2073.4342264533334,25.791,2111.7273
2100.441307555555,25.797,2135.8252
2167.287698773333,25.789,2199.0557
2126.1703072444443,25.824,2165.0925
2111.3235485866667,25.852,2149.168
2068.2598591999995,25.853,2112.92
2140.7682730311108,25.888,2179.5981
2168.831679911111,26.012,2211.5981
2106.8197499555554,25.962,2152.1658
2133.5565646666664,25.832,2171.672
2215.86366904,25.922,2258.3335
2227.8389868800004,25.817,2272.7979
2346.2937934222223,25.935,2375.5757
1887.6862173866664,25.974,1963.8033
1989.6697895822224,25.963,2028.8345
1706.434191200001,26.08,1812.755
1986.1453737333336,26.094,2040.0774
1989.7256153777769,26.107,2054.7195
1954.268787413333,26.146,2014.689
1904.994875928889,26.077,1965.3923
1963.1770913333337,26.042,2010.0492
1961.6136325333327,26.043,2012.8265
2045.2777152533329,26.043,2082.7473
2024.7739771911108,26.081,2066.3323
2119.822530488889,26.085,2143.2512
2170.755592488889,26.066,2188.1116
2268.55366112,26.128,2278.7139
2053.662043626666,26.093,2087.5828
2005.3956141333333,26.113,2039.858
1804.1872132977776,25.996,1873.9073
2232.8153380266663,26.092,2257.2166
2303.164572595555,26.087,2324.8718
2319.59194232,26.19,2328.4084
2318.03374215111,26.26,2336.239
2330.1833971200003,26.037,2365.6147
2318.990165582222,26.092,2385.4158
2337.943748622223,26.107,2437.5852
2302.459324488889,26.04,2425.627
2309.5247553422214,26.158,2450.1252
2322.164797457777,25.583,2461.998
2337.166230435556,25.651,2487.748
2400.695917075555,26.034,2460.743
4296.8286278666665,26.048,4361.108
4300.188905955554,26.319,4113.6855
4013.111933439999,26.43,3562.6016
3487.3352427377763,26.084,3169.8025
2908.2199050133327,26.055,2945.997
2968.1377865777777,26.034,3075.0503
3002.8778687111103,26.072,3090.9736
3209.584650453333,26.11,3261.0786
2736.918659786666,26.333,2850.122
3037.14049951111,26.397,3116.961
3142.8730227200003,26.294,3189.8286
3096.558280133333,26.252,3070.6274
3156.762707022221,26.306,3136.7998
3119.227748622221,25.93,3083.8071
3154.864766213333,25.807,3113.6804
3087.827735644445,25.799,3060.3855
3132.9887734577783,25.848,3134.829
3163.2136966400008,25.974,3190.1272
3160.955484871111,26.291,3206.48
3246.3674674044446,25.894,3277.041
3259.0913436977776,25.721,3255.2686
3135.845272124444,25.776,3141.7495
3237.875899519999,25.924,3292.5432
3274.80624576,25.882,3319.5369
3290.614014595555,25.692,3300.015
3399.3765876000007,25.757,3422.6118
3377.071040604445,25.303,3348.3982
3381.2174758933334,25.567,3376.4604
3401.667842808889,25.439,3410.1357
3344.6988131644443,25.537,3357.1707
3299.964182097777,25.933,3354.1963
3077.9566562488885,25.754,3147.7434
3265.697495537778,25.728,3364.2363
3314.810597244445,25.946,3381.1465
3287.056273511111,26.22,3330.5452
3278.2751793244447,25.956,3315.905
3403.158159359999,26.344,3478.328
3291.9540968533342,26.265,3322.7976
3360.9847156977767,26.038,3393.6533
3505.293179199999,26.133,3545.6729
3714.776161848889,25.868,3705.059
2919.110611555556,25.996,3004.663
3028.323506666667,26.168,3182.057
3144.130736835555,26.277,3301.7727
3225.153794346666,26.048,3278.9248
3240.341321848889,26.107,3255.5137
3208.7736521599995,26.313,3235.5762
3323.088597866667,26.048,3365.489
3314.7304974399995,26.474,3351.8147
3426.3878968,25.975,3443.3127
3368.8171893955555,26.066,3358.2725
3368.8171893955555,26.066,3383.1965
3411.3155491555567,26.27,3457.8147
3379.3342967466674,26.239,3412.0786
3391.657491200001,26.557,3450.5166
3470.48874288,26.253,3515.2666
3595.8119155200006,26.376,3627.0088
3590.7170250933327,26.437,3585.396
3613.23011568,26.1,3589.9534
3561.4709222666665,26.184,3545.6372
3471.853234222223,26.167,3478.6348
3346.263175573333,26.6,3412.0532
3433.8554208,26.357,3523.6362
3544.6649671999994,25.943,3575.9302
3602.954191555555,26.022,3592.4592
3531.902778355556,26.264,3522.9048
3385.453444151112,26.439,3415.4004
3414.29305456,26.135,3472.4312
3397.157169297778,26.088,3436.276
3403.5918636800006,26.019,3432.1357
3439.270427484445,26.75,3524.8672
3572.5009627377763,26.476,3643.5386
3764.052099466666,26.303,3779.502
3550.34399303111,26.236,3480.2388
3282.144567662222,26.345,3294.7153
3167.145185964444,25.579,3228.8416
3193.4161902933333,25.99,3284.0088
3158.8090038755554,25.017,3182.0337
2837.506013022222,24.606,2930.2786
3363.8679476799985,24.225,3441.4282
3317.01758976,24.161,3248.469
3227.9113851022225,24.362,3155.7573
3255.9183676622224,24.585,3260.6157
3243.3103664000005,24.524,3251.0342
3153.5251322666654,24.631,3159.5547
3119.4650344533334,24.909,3152.3682
3159.574719253333,24.888,3202.0847
3189.113605333333,24.999,3229.0352
3196.390302506666,25.225,3240.0706
3225.88172583111,25.474,3288.5088
3321.753875546668,25.248,3375.3433
3261.27176592,25.424,3289.9575
3287.734787137778,25.71,3347.3057
3275.75437136,25.561,3327.5088
3363.773527537778,26.817,3493.2761
3559.04308704,27.034,3696.4082
3605.7878100533335,27.013,3646.2349
3798.3940044800006,26.819,3790.7986
3780.24700416,26.005,3654.4097
3661.619604826668,25.973,3546.1826
3563.704744746666,26.65,3568.65
3600.4355215111104,26.461,3650.3823
3523.61479728,26.205,3535.4426
3503.968943866668,26.248,3528.8564
3485.2133350133336,26.261,3522.826
3375.693211715555,26.241,3410.1553
2908.087225884444,26.196,3051.0925
3178.9935700444444,26.305,3337.7883
3236.704011946667,26.197,3321.3296
3288.4693501333327,26.605,3333.2244
3504.4013777777773,26.29,3563.3984
3630.258651973333,26.072,3604.4038
3262.57766824,26.018,3201.408
3413.331223448889,25.897,3452.255
3486.75252912,25.928,3525.8098
3487.971036391112,25.922,3488.8335
3456.111127244445,25.54,3438.9243
3520.909586728889,25.567,3534.763
3558.2332159288885,25.386,3558.3853
3499.3188782044444,25.236,3481.907
3479.8373407111108,24.744,3465.1094
3517.451441742222,24.924,3537.4482
3442.9759552000005,24.575,3442.2085
3367.28407136,24.408,3377.5315
3401.537476266666,24.676,3454.323
3345.8888392888894,24.885,3398.903
3340.3174896355545,24.63,3384.1926
3245.4844424000003,24.992,3295.7754
3238.6421784888885,25.231,3313.7153
3207.7260434133327,25.3,3278.4553
3225.380141386667,23.731,3217.3801
3187.5424309244445,23.843,3162.3906
3109.431524373333,23.679,3091.834
3180.99730063111,24.334,3209.7021
3096.163900266667,24.343,3111.6523
3106.6809773422224,24.584,3135.9492
3005.1888018666664,24.481,3031.2356
3082.60220736,25.036,3128.2139
2782.726296133334,25.172,2860.993
2635.426802204444,25.287,2692.2197
2485.099172826666,25.407,2400.6785
2410.3903618933336,25.342,2311.4148
3061.5188507733337,25.344,3239.9907
2961.2884102400003,25.317,2905.941
2961.7702375555564,25.289,2899.6611
2998.12364,25.165,2988.0115
2934.85237968,25.12,2940.5776
2938.744330293334,25.097,2959.871
2938.744330293334,25.097,2967.187
2964.384714595556,24.423,2967.634
2936.5331131733337,24.795,2950.4392
2864.413945173334,25.502,2920.105
2545.8132677333333,25.694,2521.9268
2487.508364133333,25.771,2437.0894
2455.6058561155555,25.907,2411.2688
2454.316585555556,25.938,2410.3513
2559.94029376,25.956,2553.2952
2597.0839289599994,26.008,2593.7825
2724.898680844444,26.071,2749.4404
2688.837140577777,26.0,2697.7812
2570.1225301777777,25.986,2538.1672
2509.50478024,26.059,2486.6475
2453.4310267200003,25.908,2434.5166
2489.4994942666667,25.874,2468.518
2221.128391359999,25.848,2292.2495
2217.9191778133336,25.827,2281.5845
1040.890370328888,25.86,1482.1083
1605.2171983999997,25.873,1796.903
2133.535915573333,25.866,2207.549
1903.4449561244448,25.883,2010.5872
1993.65634432,25.848,2023.0562
2260.9350131911106,25.874,2216.8687
2302.4586025333338,25.88,2249.3184
2253.44749568,25.821,2208.1506
2162.2118248888883,25.786,2135.1572
1987.63137136,25.679,1998.4354
1864.8841058666665,25.587,1905.4529
1917.2171386666664,25.696,1949.4447
1834.4591194844447,25.645,1884.71
1975.7983870577773,25.568,1988.3994
1911.311663324444,25.678,1937.7389
1928.89170496,25.601,1940.0984
1935.6204448533333,25.655,1949.9899
1858.8879284533327,25.618,1890.554
1771.8201059200003,25.718,1814.6812
1856.85114744,25.671,1892.2225
1716.4583426399995,25.786,1773.728
1712.2892309599997,25.837,1767.4332
1756.4532679466663,25.778,1822.854
1764.32048168,25.916,1866.1665
1712.4939193333328,25.826,1788.0986
1775.955416106667,25.776,1830.6909
1740.6161784,25.79,1807.0201
1706.1804704000003,25.71,1759.405
1681.545106453333,25.724,1722.8455
1705.7468056711111,25.802,1747.1287
1702.599809555555,25.607,1747.1024
1724.1669590399997,25.597,1776.3053
1678.1267400533336,25.582,1739.2324
1690.4131986133334,25.584,1750.3906
1663.290187751111,25.509,1721.5095
1675.686674666666,25.528,1733.5474
1678.0340479466663,25.373,1730.5494
1692.8163744,25.287,1747.5109
1674.649958133333,25.27,1730.4729
1668.417043342222,25.091,1719.5083
1639.7398170400004,25.063,1694.1692
1713.6699476711108,25.119,1770.5654
1721.0843613600002,25.03,1782.7349
1406.0504343111113,24.915,1475.1172
1397.5578847999998,24.867,1419.9302
1705.379076444444,25.086,1735.5718
1923.79958824,25.01,1995.1812
1770.128002791111,24.963,1852.9985
1827.4741703733328,24.915,1882.8755
1774.558924666666,25.03,1839.7732
1798.226832071111,25.171,1862.9895
1785.7333888533335,25.141,1855.739
1716.5588563199997,25.151,1787.6545
1788.7363373688886,25.074,1852.3217
1800.3665127111108,24.963,1869.5054
1796.3568099822223,25.027,1868.9574
1752.25829512,24.938,1823.946
1753.47719248,24.98,1823.565
1789.196728426666,25.042,1860.5311
1856.7093076266665,25.007,1926.8564
1851.5727731733327,24.897,1923.3613
1826.34109024,24.895,1898.927
1843.621979111112,24.801,1912.6013
1785.7375319466666,24.746,1861.8262
1799.216395591111,24.937,1872.3577
1769.3994145599995,24.889,1847.3976
1647.3467774400003,24.937,1736.6385
1895.0704393600004,24.886,1966.156
1995.8818119111108,24.937,2056.9893
2058.9747748266664,24.866,2097.5488
2072.577724,24.889,2107.5027
2039.581618666666,24.937,2075.1597
2024.5005504977776,24.855,2062.168
2008.200297351112,24.814,2051.6038
2002.35199856,24.932,2052.7686
2041.6591179733327,24.935,2089.0835
2091.18582336,24.887,2129.6265
2121.0612432000003,24.883,2154.4172
1964.2000616,24.814,2022.9036
2029.13839648,24.78,2073.1528
2047.9868255288884,24.739,2095.9321
2070.036941155556,24.796,2115.0083
2063.747371484445,24.768,2107.8335
2048.117960604444,24.658,2092.7302
2069.70967288,24.661,2111.7952
2086.9382840177777,24.639,2128.6326
2040.71811528,24.565,2091.679
2002.0377103466672,24.607,2059.2195
2067.5567210666663,24.584,2116.9175
2153.9969697599995,24.587,2194.5825
2119.566086053333,24.57,2158.8206
2131.5409288,24.619,2162.9355
2351.30431752,24.584,2335.141
1740.9334778666664,24.597,1852.7217
1758.2539659999998,24.578,1819.8057
1689.4587570666672,24.538,1766.6099
1954.702794488889,24.518,2019.3218
2031.45715936,24.547,2095.5232
2099.134208186666,24.558,2138.853
2128.6023158400003,24.587,2153.0718
2136.340914355556,24.572,2155.32
2237.901355386666,24.594,2246.657
2221.12977472,24.59,2239.25
2215.945185973333,24.571,2238.5818
2170.096469191111,24.523,2202.5356
2257.6828363022223,24.549,2289.9397
2250.86908032,24.539,2294.3184
2267.330363324444,24.514,2310.2966
2226.154788,24.546,2278.0645
2272.09544,24.484,2324.5835
2283.179578231111,24.422,2342.0535
2285.5184068177778,24.517,2347.003
2256.47449696,24.498,2322.7524
2378.999833315555,24.439,2431.6482
2320.748985555555,24.45,2400.2937
2233.5668728,24.527,2312.5923
2265.15158064,24.591,2361.4006
2434.982479537777,24.512,2471.7698
2358.4220412444447,24.489,2486.9285
2302.303981777778,24.621,2413.5442
2234.2103448,24.67,2342.3706
2355.998727555556,24.732,2490.3137
2389.8655252622225,24.816,2451.6252
2360.643774462222,24.788,2435.708
2362.2847771111115,24.844,2438.7585
2401.75119136,24.795,2458.6748
3531.2664013155545,24.89,3948.5752
4241.083196444444,24.746,4212.3027
3887.211850773333,24.767,3452.3804
3115.3811973688885,24.765,2967.6743
3008.663725333333,24.84,3060.7483
3018.5695436000005,24.858,3115.011
3039.5975238666665,24.965,3107.3276
3093.4538537777767,24.872,3126.6538
3094.3718062933326,24.935,3110.6401
3041.473010693333,25.029,3064.2158
3014.065669279999,24.888,3044.9695
3066.9205455288898,25.033,3092.7915
3084.5548293155566,24.885,3083.458
3084.254928977778,24.852,3068.3706
3099.9007748266667,25.019,3089.7456
3160.485950595556,25.056,3168.7864
3134.5216597688886,25.075,3136.797
3174.4215396266663,25.065,3200.8682
3162.9193553600003,25.145,3194.3936
3156.0873397244445,25.156,3191.0132
3162.128322631111,25.128,3197.251
3279.018643333333,25.156,3319.4397
3255.1363186222216,25.309,3276.1743
3276.57988096,25.362,3310.1978
3337.059085297778,25.432,3382.641
3194.819047751112,25.493,3227.4143
3310.3729902933333,25.142,3354.5107
3308.38404,25.256,3335.2134
3223.5979521777786,25.245,3244.567
3288.72432504,25.139,3330.455
3317.7455783022224,25.067,3344.6973
3295.395826666666,24.889,3301.5986
3278.4566533333336,24.898,3294.0342
3207.4859675733337,25.093,3242.29
3209.032207733333,25.116,3259.4426
3245.4844424,25.192,3297.8616
3146.195731173333,24.976,3170.3108
2945.55342384,25.014,3010.0288
3039.3721864,25.016,3095.77
3174.493656,25.071,3218.9902
3094.856839324444,25.355,3099.544
3136.9446544000007,25.499,3169.105
3192.3101427377783,25.5,3236.5823
3281.59250688,25.243,3301.5847
3162.433796,25.61,3176.7917
3259.734524586666,25.59,3312.8772
3317.00826256,25.228,3340.6753
3355.494467271112,25.466,3369.4272
3316.0479219377785,25.164,3315.2925
3391.5544728,25.27,3414.0332
3305.0100529066667,25.431,3329.135
3414.2644930666665,25.462,3464.111
3396.322216053333,25.542,3428.2158
3401.961392266667,25.407,3424.4404
3430.13108032,25.37,3456.2332
3396.580252284445,25.406,3419.6318
3435.009825404444,25.368,3468.919
3350.175038186668,25.609,3390.3674
3366.3692092800006,25.52,3421.2397
3385.300984604444,25.582,3439.419
3386.9596844799994,25.55,3425.88
3437.3513392,25.601,3477.2437
3398.874601422221,25.514,3418.9258
3393.991318497777,25.382,3413.9011
3380.2713170400007,25.046,3388.1816
3320.8348913333343,25.303,3346.1602
3452.369644977778,25.363,3510.6436
3362.646804106668,25.342,3381.9775
3442.658732586667,25.648,3499.2783
3284.179974631112,25.189,3302.963
3285.122338560001,25.17,3324.079
3330.056568213334,25.123,3375.8232
3358.1414101866667,25.415,3403.9187
3217.3696940000004,25.244,3243.169
3258.8502152,25.457,3324.0676
3216.340562657777,25.333,3267.255
3161.2030317866656,25.179,3195.8577
3199.1344416,25.036,3231.5117
3248.231565964445,25.106,3274.9873
3252.4748655644444,24.964,3259.599
3268.558738151112,25.188,3290.3438
3243.038515200001,25.296,3274.4258
3265.558514435555,25.356,3309.0464
3163.72696512,25.218,3194.1206
3270.295062222222,25.105,3313.3135
3235.055383351111,25.182,3259.3655
3225.3462316,25.278,3256.558
3278.74398,25.286,3324.886
3291.3121828800004,25.228,3320.7817
3287.684670613333,25.199,3309.915
3304.6741432888884,25.006,3322.0767
3242.487462826666,24.878,3252.6738
3497.859645333333,24.914,3548.063
3411.92071792,24.998,3401.1052
3522.8533437688893,24.91,3530.8862
3573.845658524444,25.006,3579.2212
3493.3772387111107,25.062,3489.6702
3483.0720369600003,25.198,3517.8557
3516.842516479999,25.134,3562.7266
3491.0359776,25.296,3533.034
3563.754991688889,25.538,3626.6235
3602.7641553866674,25.314,3632.0403
3718.168235093333,24.66,3693.6003
4026.655260728889,24.729,3973.4028
4025.810869662223,24.92,3924.0452
4045.999812977778,25.058,3976.8042
3375.3191455822225,25.151,3366.5112
3229.614005493333,25.403,3392.6584
3426.7059508266666,25.456,3628.8022
3580.4290769155555,25.577,3701.0698
3515.911155386666,25.329,3528.2644
3618.1527323733335,25.111,3631.146
3503.6531628355547,24.892,3483.6929
3633.4177885866666,24.956,3647.7349
3442.84197888,25.175,3446.9575
3512.331910506667,25.278,3574.3198
3460.407933066667,25.197,3503.9126
3530.0756474133336,25.24,3574.7979
3410.1690802399985,25.477,3445.886
3369.9634300800008,25.372,3420.2979
3371.445105288889,25.371,3429.3657
3357.11063232,25.311,3400.1167
3394.5716857600005,25.391,3441.5999
3161.34301664,25.429,3204.1738
3238.687135360001,25.511,3322.724
3249.157654453333,25.545,3320.2915
3170.100160533333,25.612,3216.4512
3293.7257408533333,25.674,3361.8203
3252.5597360977777,25.723,3287.5593
3220.0723986666667,25.724,3250.703
3153.9237681777777,25.829,3202.9185
3187.206643573334,26.019,3256.6367
3310.1787155466664,25.952,3378.946
3206.877596586666,26.097,3235.0786
2725.2333782755545,25.661,2886.7642
2984.1263423999994,26.048,3102.6565
3073.66060848,25.853,3141.2751
2973.5413607466658,25.892,2985.7585
3131.98874624,26.036,3169.2705
3075.403753866666,25.677,3072.7188
3083.684842595556,25.554,3072.8699
3053.45954912,25.434,3054.8955
2937.781406933334,25.525,2968.1458
2851.698056968888,25.539,2906.5222
2907.2471164800004,25.474,2947.401
2755.066002453334,25.348,2790.9172
2772.514735511112,25.374,2802.009
2800.565899422222,25.451,2824.0928
2722.201025208889,25.646,2741.8452
2776.028720266667,25.753,2799.8044
2660.4283466666666,25.816,2660.2632
2412.6672199111104,25.857,2309.4949
2391.463096462224,25.848,2319.594
2800.3607650666668,25.874,2844.0881
2904.419300408888,25.916,2885.4248
2948.8730802844443,25.971,2900.3057
2964.020136355556,26.017,2942.6694
2900.3047872,26.064,2907.7227
2866.141489333333,26.136,2903.498
2695.689771537777,26.094,2754.9243
2615.9111756000007,26.023,2655.3503
2705.3328759999995,26.056,2775.4873
2691.836068266667,25.987,2740.294
2546.083712284444,26.018,2506.8464
2593.358131759999,26.038,2603.305
2096.4140822666664,26.039,2176.8303
2288.882683608889,26.062,2317.7324
976.543554595556,26.091,1466.0032
1536.6165297066668,26.06,1751.029
2132.454135039999,26.098,2243.6255
2327.698168755556,26.158,2335.0278
2068.177847377778,26.175,2115.1963
1938.6530005333336,26.106,1983.3333
1927.924114506667,26.135,1968.9509
1973.666436,26.163,2008.7625
1908.6522724977767,26.208,1959.5686
1869.2128,26.103,1910.508
1965.867543715556,26.152,1972.9833
1936.927835333333,26.155,1947.8727
1857.77909904,25.996,1877.8772
1784.9967636266665,26.036,1814.065
1763.6051739377776,25.912,1790.5975
1710.0213531377776,26.108,1748.9875
1726.3385407999997,26.03,1756.9573
1664.39373408,26.059,1695.7698
1666.793057884444,26.129,1691.2511
1641.0484511466664,26.026,1665.81
1618.6786372977776,26.125,1645.4297
1610.134130275555,26.064,1646.8237
1603.5249206044443,26.149,1647.1511
1573.9370533333336,26.141,1643.7773
1585.1463355733338,26.146,1628.8019
1588.4318016,26.208,1614.4067
1611.3424963999998,25.8,1627.7001
1589.2460836266666,25.712,1620.9402
1259.5129004266669,25.846,1336.1313
1269.4847252266663,25.763,1293.506
1335.28720248,25.862,1336.5237
1352.1548265244442,25.781,1357.2498
1428.0643508533333,25.664,1422.8948
1369.8279352177778,25.833,1386.643
1408.3397972977775,25.89,1412.7354
1395.610421333333,25.849,1407.1968
1390.2237199644446,25.423,1395.2594
1416.4031325866663,25.607,1424.9924
1460.8399255466666,25.852,1476.5868
1549.1513351555552,25.904,1573.9733
1655.4999822222223,25.896,1694.0845
1593.2482034933328,25.932,1644.5784
1717.910687822222,25.507,1756.506
1664.7530024533332,25.618,1722.9777
1577.6134559644447,25.508,1631.7927
1598.5216102399995,25.615,1645.0508
1596.9612640000005,25.65,1647.3953
1571.82742584,25.798,1624.5361
1474.3159200000002,25.781,1528.9849
1548.931045555555,25.918,1586.405
1480.9773014400002,25.803,1532.3594
1449.134669155556,25.762,1502.4443
1440.1202622222222,25.716,1476.2283
1418.9013153955557,25.853,1453.7534
1501.2237811199998,25.825,1538.1881
1470.4943367644446,25.894,1519.0911
1428.03301216,25.929,1466.0687
1494.6147472799998,25.956,1532.172
1409.80686688,25.796,1448.1628
1562.20593696,25.808,1594.5034
1513.90376368,25.733,1566.0533
1522.1192802133332,25.747,1567.4431
1491.144523511111,25.704,1534.3052
1517.2617839111106,25.705,1552.5095
1467.5259722488893,25.731,1509.6334
1622.2356983466664,25.71,1650.2329
1663.609731102223,25.583,1712.7263
1631.2863218311106,25.543,1687.6895
1649.0496738044444,25.499,1700.5793
1750.667597635556,25.516,1807.3308
1732.483994168889,25.418,1798.858
1723.4005077333336,25.368,1789.8667
1741.0222225066664,25.272,1804.4999
1760.9575661244448,25.294,1830.7617
1780.7063867022223,25.202,1852.7036
1774.1327496444444,25.21,1849.6758
1808.2396825777785,25.187,1881.6821
1827.6785035911112,25.222,1901.3394
1838.34687344,25.154,1912.1289
1784.905050817778,25.151,1864.3381
1820.52641944,25.146,1893.4163
1813.3552430577784,25.114,1892.5471
1838.24358256,25.073,1911.4023
1812.0208805511115,25.016,1890.4462
1857.5482083377776,25.036,1931.0989
1807.223570888889,24.996,1889.3345
1822.674817111111,24.918,1899.061
1964.6945161511107,25.001,2028.786
1398.3514373866665,24.932,1518.5618
1421.17297184,24.955,1456.0852
1398.2513254399998,24.94,1426.7745
1643.2336906755556,24.948,1671.3783
1618.8902448,24.901,1675.2355
1664.4500978488886,24.871,1718.8159
2093.691074346667,24.859,2133.2146
1902.9539984000005,24.879,1977.4124
1858.9946253333333,24.879,1916.8798
1838.0670225066667,24.872,1897.7134
1885.3470254933336,24.955,1944.4009
1981.1513684444449,24.985,2032.6174
2019.020254577778,24.981,2065.6746
2011.31112,25.022,2056.3838
1976.4912431466664,25.093,2025.8988
1935.66371328,25.142,1990.1471
2016.122598622222,25.198,2058.793
2054.4313140533336,25.171,2093.8806
2068.604561537777,25.171,2105.3374
2141.2464044,25.22,2165.2788
2109.161133333333,25.282,2140.3696
2128.267634711111,25.373,2154.9963
2188.692528195555,25.284,2211.13
2018.9599316977767,25.442,2080.9407
1815.4289229866663,25.339,1909.9221
2472.3489148799995,25.297,2412.3545
2368.049184666667,25.436,2376.1624
2344.02002584,25.395,2354.0388
2317.005526062223,25.471,2357.8638
2338.8073681600004,25.543,2397.7466
2338.7026869333336,25.583,2428.0103
2311.4049884444444,25.486,2423.821
2360.8670066133336,25.444,2489.688
2392.302716800001,25.576,2450.6416
2355.8791041777777,25.562,2442.9155
2362.892741706666,25.552,2446.7969
2251.291951813334,25.442,2402.2524
4053.840192088888,25.449,4293.8486
3555.4521360000003,25.376,3314.4346
2888.0149307911106,25.358,2779.551
2954.280445884444,25.401,3007.0103
2829.2314766222216,25.371,2929.8164
2885.5613694933327,25.428,2958.978
2950.0791804,25.321,2988.6423
2914.631442088889,25.426,2946.3105
2883.637069155555,25.086,2913.2595
2839.825035573333,25.272,2884.2036
2899.766108213334,25.604,2946.5571
2900.5697914666675,25.15,2925.8794
2894.728784426666,24.955,2904.8354
2880.5229557866664,24.747,2888.2078
2922.74458416,24.925,2922.2676
3012.2442685688884,24.804,2987.1055
2992.607212533333,24.918,2965.4575
3137.054359039999,24.882,3136.6865
3077.9593437866656,24.964,3063.8105
3139.162595022222,25.147,3157.4285
3151.480139591111,25.526,3193.2031
3145.002303706666,24.973,3156.316
3095.8469547911104,25.208,3117.763
3064.298095537778,25.104,3094.5684
3064.284073297778,25.076,3096.471
3025.172575893333,25.012,3052.6572
3097.074385199999,25.101,3126.8103
3085.369150933333,25.077,3101.3335
3054.6709952,25.184,3072.683
3080.8976784444444,25.031,3099.9016
2928.893228106668,25.145,2967.0327
2896.7283824,25.339,2953.0635
3074.081634328889,25.235,3117.1636
2968.039309511112,25.572,2988.1565
2921.591427839999,25.249,2941.6743
2890.79352696,24.951,2913.6326
2839.6118479199986,25.478,2881.8257
2967.080954266667,25.245,2988.528
2965.4803031111105,25.249,2965.4424
2955.524943555556,25.509,2963.5037
2937.9748188266663,25.161,2947.0532
3028.9938773333333,25.32,3040.962
3007.09786312,25.618,3025.5815
3021.374649511112,25.538,3039.9084
3057.9925264000003,25.354,3070.484
2985.3050233422227,25.81,3017.8604
3011.278439920001,25.626,3049.4016
3163.78562168,25.691,3216.8813
3080.190028088889,25.827,3096.5244
3131.356141999999,26.016,3176.8345
3039.6152991111107,25.662,3070.9248
3158.776383128889,25.806,3205.1191
3116.528184462223,25.704,3139.0894
3135.71132608,25.678,3154.3162
3049.9877347199995,25.454,3068.7388
3203.226737208889,25.9,3266.0415
3089.8145328799988,25.283,3093.9897
3143.06132736,25.278,3146.7822
3090.9188,25.541,3115.038
3159.834395022221,25.261,3178.1665
3116.4179255466674,25.371,3126.9128
3071.1367799466666,25.752,3106.982
3032.95178208,25.378,3065.489
3121.8654831111107,25.503,3156.2656
3227.121520311111,25.631,3265.664
3101.494668711111,25.236,3086.2568
3074.555765831111,25.076,3075.0137
2843.08263528,25.017,2903.5073
3051.676254853334,25.427,3111.4985
3140.937266577778,25.312,3172.6934
3152.4200512,24.893,3117.982
3041.205092986668,24.942,3024.3604
3183.6774663111114,25.228,3221.8525
3016.134671635556,25.438,3045.7034
3070.0621491022225,25.691,3125.1565
3019.4128098133338,25.69,3072.4558
3077.786344604444,25.077,3089.4888
3095.8114625244443,24.905,3085.0964
3101.0717448177784,25.02,3093.6838
3095.8791936,25.326,3113.5454
2999.415728515555,24.978,3015.9312
3027.125992,25.027,3051.4053
3039.8016509777776,25.028,3060.7974
3025.883376071112,25.018,3036.9976
2988.7595503999987,25.365,3016.9795
3099.356539111111,25.217,3128.28
3043.5479936355555,25.373,3055.229
3103.584798746668,25.478,3128.5703
3258.9911758577778,25.624,3320.4136
3191.679511066666,25.518,3194.5671
3327.7926390222224,25.539,3363.3296
3407.728341804444,25.364,3418.744
3356.7453973333327,25.346,3342.7305
3444.1063862222218,25.297,3453.813
3393.1388997511112,25.239,3392.1855
3341.627787733333,25.318,3361.4905
3409.080359617777,25.604,3469.5957
2829.981731671112,25.574,2984.0889
3110.2886416533333,25.616,3257.7283
3012.9878781333337,25.426,3098.2236
3032.199835093333,25.322,3059.6123
3122.4468902222216,25.261,3137.4253
3214.442833777778,25.461,3228.7551
3089.046286,25.15,3068.4504
3081.353193973334,24.96,3075.625
3207.519568782221,24.902,3221.9011
3104.3680040799995,24.837,3086.1404
3094.8758756622224,24.711,3089.308
3150.48232016,24.86,3171.2297
3124.79768464,24.85,3134.4478
3166.3125546222223,25.352,3210.3723
3117.4312297599986,25.614,3171.5012
3186.157616533334,25.54,3245.781
3173.658912355555,25.048,3187.0583
3198.301441128889,25.437,3225.5571
3214.6395212533325,25.543,3258.6526
3084.662240000001,25.456,3117.712
3178.4903600355565,25.639,3248.869
3204.629920711111,25.771,3267.309
2986.613742453333,25.906,3048.3591
3101.4005920800005,25.685,3173.016
3004.530588,25.534,3052.3943
2998.1333060533334,25.368,3027.604
3084.9196986666666,25.357,3106.0068
3084.9196986666666,25.357,3086.3958
2962.591142942222,25.424,2982.5762
3038.691114488889,25.384,3064.7483
2963.4021272622217,25.448,2992.6726
2973.1086834666667,25.51,2999.5366
2994.9139793066656,25.587,3021.106
2589.408757733334,25.678,2587.3604
2486.6431737600005,25.662,2390.8735
2422.445515208888,25.802,2329.1348
2279.556557226667,25.85,1976.6725
2104.7931112533333,25.354,2209.0364
2392.552406293333,25.197,2342.7231
2408.45692416,25.261,2357.672
2372.085076915555,25.275,2339.5017
2391.5429307733334,25.915,2358.7341
2388.77008696,25.708,2362.5781
2351.719766844444,25.587,2342.871
2361.3477859288896,25.49,2353.21
2338.555408,25.397,2348.464
2019.267778204444,24.969,2108.8877
2385.956275662223,25.409,2375.5625
2425.5675945422217,25.352,2419.8562
2271.627043386667,25.229,2333.3613
4007.181705502224,24.919,4177.124
3480.746067333333,24.912,3241.015
2803.564927253333,24.94,2727.6548
2441.308584817777,25.201,2450.8135
2450.6482164266667,25.165,2534.2827
2477.319085155555,25.412,2568.41
2498.54642064,25.355,2571.8276
2575.8366931199994,25.409,2650.115
2594.87997448,25.454,2659.1199
2514.4773597511107,25.527,2562.2253
2262.651397315556,25.601,2401.3503
1186.153675946667,25.913,1591.3813
1302.69772464,25.795,1513.2933
1566.767645742222,25.847,1740.1924
2052.4778176,25.936,2152.823
2258.642488737777,25.884,2284.4539
2255.211108506667,25.904,2240.8015
2238.3703388800004,25.935,2210.7224
2241.760625866667,25.926,2219.6023
2211.684732942222,25.994,2205.9988
2202.86070336,25.96,2195.6387
2085.837101511111,26.007,2087.3965
2132.7685175733336,26.028,2118.6104
2076.301762888889,26.054,2043.4009
2074.2457836800004,25.982,2052.5276
2060.654395111112,26.076,2064.826
2051.054008293334,26.103,2066.4148
2002.5119093866665,26.103,2021.5712
1957.417580266666,26.11,1981.0399
1912.6593587200005,26.099,1943.2946
1792.4742343111106,26.14,1840.3167
1657.3513033333336,26.177,1710.993
1698.9239088000002,26.146,1744.9276
1674.6041256,25.848,1740.4542
1660.247864711111,25.891,1755.9631
1621.3396595111108,25.95,1703.7
1597.1151674577775,25.719,1652.7236
1611.5169592888888,25.706,1647.04
1577.6791958400004,25.772,1609.8022
1558.1396562044447,25.734,1583.8142
1506.8371299555552,25.677,1531.6604
1524.3928533333335,25.702,1539.5166
1500.082187733333,25.707,1518.1213
1160.838802773333,25.565,1244.2845
1168.6567290666662,25.572,1211.2723
139.18704237333296,25.606,882.80835
932.54269936,25.619,993.5718
1017.4495843200004,25.591,1088.2571
1143.0352832888886,25.594,1166.795
1227.8045495466663,25.547,1227.0815
1186.615655306666,25.6,1215.7688
1194.8628563733337,25.64,1218.0879
1218.2075943466666,25.67,1233.631
1181.7108522844442,25.61,1216.431
1199.2764233688888,25.64,1226.3414
1202.973925733333,25.658,1229.3109
1090.6231847111112,25.702,1168.5378
-184.19499649777785,25.709,850.70337
-235.23783184,25.713,833.209
-299.0933731200004,25.717,827.3452
-27.874154382222244,25.728,832.8511
25.426408320000125,25.734,836.90015
2411.0080053511115,25.733,2273.7048
2601.78664032,25.76,2380.3074
2485.915058293334,25.785,2293.4878
2410.3341157333334,25.785,2293.5518
2429.190383822223,25.926,2398.1077
2155.1364601599994,25.867,2168.218
1787.5309394133333,25.83,1851.4485
2133.7082976,25.767,2171.6875
3213.65716448,25.716,3436.6577
3263.580521564445,25.681,3091.5703
2559.18269456,25.71,2527.6934
2164.583313813333,25.599,2518.5098
1866.28336752,25.558,1995.5065
1394.2569619377775,25.558,1575.2601
1436.9061510222225,25.522,1549.7151
1574.7747895999994,25.563,1667.4315
1589.7032957511112,25.536,1681.5726
1646.8302391999994,25.548,1737.0391
1803.7374349866664,25.614,1913.3523
1970.053863555556,25.58,2059.8486
2003.0472301155555,25.643,2084.745
1970.1946495466664,25.55,2044.9106
1977.892498328889,25.632,2024.7626
2005.802859946666,25.573,2004.3643
2054.8304797866667,25.539,2044.4153
2026.1081382488887,25.423,2026.5361
2025.5660160000004,25.495,2028.5143
2021.2323881155555,25.471,2028.2024
1990.7945416088887,25.552,2015.7721
1970.281658,25.609,1999.5364
2056.3349292,25.634,2048.493
2062.48135488,25.55,2030.5934
2062.94758912,25.516,2041.098
1995.6904051911115,25.49,2014.9573
2093.03474688,25.544,2114.5994
2086.22922352,25.483,2124.6487
2045.008477066666,25.52,2101.226
2022.773212444444,25.648,2082.498
2093.928369493333,25.669,2141.2646
2220.686643057777,25.677,2254.303
2293.89629232,25.62,2312.8638
2369.890580053333,25.593,2366.0308
2151.175676906666,25.579,2188.5947
2008.3108776533336,25.558,2050.1543
1917.480307768889,25.51,1981.3369
2053.4050530666664,25.502,2103.1543
2128.3050052266667,25.459,2175.2527
2067.6230641244447,25.516,2112.8877
2188.7155818666665,25.538,2215.38
2268.0687445333338,25.501,2287.6873
2170.8542244266664,25.472,2200.8308
2302.692841013333,25.494,2324.8884
2263.529598026668,25.524,2309.5308
2285.787321288889,25.488,2333.7615
2376.3476853333327,25.477,2420.564
2368.4286945777776,25.527,2439.586
2337.76836,25.54,2436.8418
2273.8841664,25.518,2385.8635
2371.697723306667,25.533,2445.145
2391.926373013334,25.574,2457.6206
2301.489535564445,25.566,2456.9482
2322.0867820088883,25.467,2474.6687
2321.926913102221,25.665,2492.6423
2413.7644328266665,25.624,2465.6274
2338.6427064000004,25.538,2439.3228
2284.212181946666,25.538,2443.5833
2174.3519628533336,25.578,2291.7097
2425.9333570222225,25.723,2482.377
2346.6629129955554,25.704,2441.2336
2354.8358784,25.724,2434.9985
2368.6524123022223,25.632,2445.981
2366.051080675556,25.484,2443.9731
2392.7573904355554,25.413,2454.347
2406.714012826667,25.85,2467.1274
2251.853389866667,26.166,2431.5293
2224.701069937778,25.85,2359.0125
2623.81254016,25.346,2690.8862
3481.313669955556,25.577,3819.32
3467.440987706665,25.816,3388.9253
3042.735775004444,25.756,2921.835
2059.6883673422226,25.692,2128.4404
1930.125374462222,25.814,2184.122
2710.093707111112,25.513,2880.6052
3575.759280906668,25.568,3916.1921
3525.355648711111,25.49,3382.2688
3448.9068957777786,25.51,3284.0444
3449.947602862222,25.462,3361.0264
2747.966951760001,25.592,2872.7656
2257.9598762666656,25.439,2021.0673
2726.871565297778,25.364,2915.8271
3535.449481671111,25.294,3852.7483
3639.481060124444,25.172,3574.122
3456.8682501866665,25.204,3306.8005
3418.8801156266663,25.354,3389.1929
3375.206626479999,25.371,3381.2524
3365.7927324266666,25.78,3402.2002
3339.690012444445,25.865,3394.7961
3379.9336293155548,25.937,3462.2764
3350.359136853333,25.298,3377.7205
3371.725387066667,25.374,3397.004
3354.563400782222,25.646,3394.7046
3317.1833321244435,25.662,3360.6523
3341.069448266666,25.898,3405.3877
3315.888197422222,25.69,3358.2373
3326.6570937599995,25.658,3362.9575
3267.959906293334,25.529,3294.7622
3318.300323128888,25.633,3362.8696
3299.1785617066657,25.699,3337.3745
3359.143518266667,25.696,3398.2864
3314.229499875555,25.693,3337.0688
3177.060575964445,25.859,3220.2192
3392.649015644445,25.709,3478.3904
3276.2384751644445,26.054,3315.826
3194.4072559466663,25.964,3240.1074
3201.5764446222224,25.823,3263.8435
3262.939195635555,26.023,3330.474
3260.849831804445,25.939,3300.0476
3176.887346222222,25.73,3196.8223
3177.392536951112,25.917,3223.0852
3234.8453501777767,26.005,3296.1113
3268.504496,26.076,3315.6353
3279.994253315556,26.026,3310.4158
3272.5721158666665,26.244,3314.5208
3309.199549351111,26.035,3346.785
3147.054305173333,26.019,3175.657
3284.244095928889,25.712,3328.8896
3326.9207600800005,25.97,3364.1982
3290.954472533333,25.942,3306.0566
3241.002488746666,25.553,3248.0564
3322.7200511999995,25.718,3358.9536
3310.211607608888,25.587,3325.2078
3293.5858258666663,25.757,3316.1226
3285.371939555555,25.862,3326.7605
3289.1648797866665,25.654,3322.036
3301.053927431111,25.701,3333.0598
3175.9311347200014,25.66,3202.6653
3994.4124904,25.862,4072.1797
2525.234887617777,25.652,2672.345
2462.2069577600005,25.688,2275.321
3014.7818608355565,25.565,3237.4705
3399.274448355556,25.82,3570.8853
3382.3247018666657,25.592,3307.035
3433.260072960001,25.969,3414.5408
3352.809249066667,25.573,3333.2275
3599.134318888888,25.794,3628.5242
3072.8553555555554,25.7,3106.1692
3481.955111164445,25.288,3587.929
4244.964597191111,25.253,4176.6396
4334.009414666667,25.44,4128.0215
4059.490630808889,25.286,3856.5168
3446.0582000533336,25.45,3396.8916
3127.78299648,25.6,3289.7288
3296.707237973333,26.147,3549.0068
3290.280140426667,25.977,3443.293
3283.716334773333,26.272,3387.7393
3328.8666969599994,26.247,3426.855
3296.918626559999,25.85,3337.3567
3439.5083700622217,25.518,3451.1343
1576.7305555555554,25.568,2116.775
1751.9603708444442,25.625,2073.3474
2666.0022511111106,25.609,2808.6436
3590.768643751112,25.6,3880.4458
3668.3073830577778,25.733,3555.7944
3485.527782755556,25.818,3308.8828
3495.90146432,25.913,3418.9482
3145.8585651200005,25.895,3177.3113
4322.3530975466665,25.846,4242.377
3811.8612423111103,25.836,3653.3657
3794.6064649422224,25.817,3721.9106
3914.662738915554,25.821,3894.1353
3823.3612746844447,25.76,3777.8086
3823.3612746844447,25.76,3812.5688
3684.85263648,25.786,3689.7446
3608.975775982221,25.845,3655.475
3602.170054666665,25.774,3660.6929
3444.2826062577783,25.817,3488.5527
3489.2641240000003,25.685,3558.412
3399.5025385688887,25.775,3447.9648
3470.995043324444,25.614,3524.7407
3601.3148272800004,25.654,3651.4097
3566.1414984533326,25.552,3556.4963
3590.688923555555,25.309,3577.578
2866.836598622222,25.509,3001.626
2826.81154448,25.755,3030.5293
3078.3207337777767,25.855,3247.393
3192.8775276088886,25.902,3255.6213
3205.5055014222216,25.985,3207.916
3285.05104312,25.945,3307.215
3260.0659487644443,25.82,3262.439
3211.394877155556,25.831,3223.2844
3254.6652892,25.851,3290.1943
3272.320592373333,25.904,3310.6667
3287.167862222222,25.929,3325.9817
3334.25327256889,25.931,3376.5532
3284.645093333333,25.974,3317.0198
3286.6568434488886,26.167,3342.0847
3274.784857244444,26.23,3336.1775
3333.8111924,26.266,3396.5437
3276.2868974222224,26.292,3317.7598
3214.1867235377777,26.225,3258.3936
3245.051971226667,26.268,3309.3916
3196.595654613333,26.383,3256.116
3201.609559093333,26.351,3259.5872
3105.9407691199995,26.432,3164.129
3250.875441733333,26.409,3325.8037
3218.966374400001,26.467,3255.4521
3126.7317686400006,26.387,3153.5293
3194.4561055555564,26.366,3244.2312
3185.9389688,26.438,3226.978
2873.366411813333,26.479,2973.049
2879.710697564444,26.702,2995.0886
2937.660527120001,26.929,3044.669
3053.87060616,27.056,3132.6577
3138.5164972000007,27.05,3191.4043
3117.4270738577766,27.076,3137.3975
3132.997730364443,27.072,3167.1484
3140.371671457778,27.071,3183.3328
3108.496980853333,26.991,3143.479
3138.7479724533323,26.935,3176.0571
3072.191310151112,26.953,3108.5735
3166.5777975999986,26.96,3219.399
3054.72071232,26.887,3088.176
3130.984268515555,26.911,3174.1028
2953.8471537777777,26.957,3017.6462
2981.563307022222,26.996,3048.4854
2926.60464064,26.781,2991.7969
3038.074273333333,26.73,3064.2856
2976.619215644446,26.853,2999.6973
2999.419334800001,26.786,3013.4412
2948.8930761244446,26.804,2975.307
2921.9263127466666,26.793,2953.5063
3081.922768,26.811,3114.6433
2889.1047972266665,26.811,2915.2612
2846.425283679999,26.774,2888.188
2609.522585066666,26.552,2656.3103
2544.7219306044435,26.357,2494.9155
2685.9745111111106,26.349,2704.0867
2822.2740631288893,26.379,2815.7095
2819.102747591111,26.3,2783.5923
2817.68157808,26.292,2787.3787
2735.06836688,26.258,2719.2273
2722.0264121066657,26.305,2724.5173
2692.8859546666663,26.269,2696.4712
2670.9021145600004,26.307,2668.8982
2667.002427377777,26.257,2664.4453
2693.705723555555,26.327,2705.061
2515.8630102133325,26.328,2447.583
2502.61071136,26.305,2443.0596
2349.014638968889,26.267,2301.1958
2429.220110924445,26.259,2376.4006
2413.897991111111,26.339,2372.4456
2308.5020168,26.356,2317.1836
2373.626443875555,26.332,2358.3674
2390.6727274666664,26.375,2375.055
2129.0785316977776,26.38,2239.8481
1308.7401048799998,26.398,1671.8735
1600.929022275555,26.402,1804.4514
1678.72995488,26.449,1858.196
1678.9643994666667,26.464,1818.9792
1769.79070632,26.462,1856.1814
1737.1266528,26.486,1808.0507
1696.2717654755556,26.495,1754.9072
1685.1166205866666,26.472,1731.9937
1633.6509055999993,26.477,1680.2356
1639.0395119999996,26.499,1674.1528
1653.811649564444,26.484,1683.0597
1391.834992017778,26.412,1459.4434
1344.8914610755558,26.371,1384.831
1317.958567893333,26.342,1344.2327
1444.088949724444,26.352,1436.3937
1461.1778147199998,26.317,1463.7871
1467.6782489777777,26.36,1474.686
1447.6334860088884,26.319,1453.6802
1497.3707427466666,26.335,1494.0142
1530.4871177244445,26.357,1531.2699
1492.714309902222,26.345,1498.438
1416.7164356800004,26.304,1427.3346
1536.9369382399996,26.206,1544.6034
1537.4025529955554,26.192,1586.1333
1504.529695955555,26.212,1545.4961
1522.0957281599997,26.265,1557.083
1639.7353420799998,26.188,1674.0745
1986.444578897777,26.24,2036.4948
2000.2014257066664,26.167,2050.2207
1871.055071048889,26.185,1927.676
1914.23454464,26.219,1956.2441
1899.3578912,26.137,1950.2397
1906.3997711644447,26.157,1960.4177
1896.247054577777,26.182,1957.3068
1870.795606044444,26.169,1944.0658
1849.60895392,26.117,1927.0562
1814.7255566222227,26.036,1896.3939
1816.766303733333,26.109,1896.3208
1762.8263108177778,26.057,1847.259
1761.7143595288892,26.088,1843.7703
1752.3881038933334,26.109,1836.6282
1836.053432568889,26.086,1913.6533
1756.286072355555,26.059,1843.3461
1750.8538866222225,26.073,1832.6821
1782.816499768889,26.005,1864.7708
1777.215372942222,26.024,1860.2646
1803.2881550577777,25.973,1884.6045
1663.643081955555,26.051,1754.8342
1990.4045121066663,26.004,2048.7073
1947.555653404445,26.012,2017.1818
1981.0688675555548,26.008,2023.5188
2108.6292011377773,25.934,2128.405
2189.817914844444,26.027,2202.5786
2193.5115896800007,26.011,2205.3042
2150.00025408,26.03,2169.0818
2138.028495946666,25.969,2161.329
2194.995013884444,26.045,2226.436
2190.3754508444445,26.053,2230.3943
2201.8105735911104,26.03,2244.3005
2177.9001135733333,25.985,2222.5903
2190.9652536,25.971,2238.3774
2222.131690666667,26.089,2279.4348
2192.19508975111,26.03,2249.2646
2263.8728040533338,26.003,2325.2095
2291.57699496,26.018,2360.7456
2310.135045333333,26.172,2390.284
2276.588700408889,26.053,2366.0664
2282.239544355555,26.056,2380.6963
2345.7504741244447,26.034,2462.0078
2236.061934897777,26.031,2350.0715
2260.44981248,26.07,2375.683
2291.0865577422223,26.071,2415.93
2382.478396835556,26.083,2449.866
2310.507299591112,26.146,2455.7422
2431.044104853333,26.16,2475.3606
1981.098314026667,26.105,2061.0715
1974.90678592,26.146,2032.9818
1904.82023488,26.174,1986.9227
2067.778403342222,26.168,2125.776
2127.455715342222,26.147,2175.8896
2166.7059400000003,26.167,2199.959
2198.416011928888,26.147,2222.5496
2174.19833304,26.127,2198.4695
2172.6614515200004,26.027,2197.0762
2234.5217195733326,25.895,2264.9905
2292.479389333333,25.854,2330.8203
2287.6509156444454,26.068,2337.8376
2318.4717700533333,25.98,2375.5286
2345.5831003733333,26.059,2420.9287
2289.018427555556,26.172,2385.9143
2302.2304704000003,25.986,2406.915
2336.6910229866658,25.852,2455.1472
2360.173167733333,25.645,2431.7888
2280.7097927288887,25.824,2411.3762
2352.4896090133334,25.837,2433.2493
2301.80624,25.903,2455.2876
2358.5305942488885,25.636,2440.9216
2326.25666688,25.594,2499.1226
2353.37813136,26.005,2447.5608
2401.4395592444444,25.364,2461.315
2401.9372462933334,25.275,2461.003
2392.7940192,25.396,2458.9966
3441.26637143111,25.322,3843.0469
3716.9224914666656,25.305,3723.0881
3871.7403152711104,25.38,3639.292
4079.923316800001,25.296,3864.8433
4001.8465459377776,25.342,3762.2217
3845.6217669955545,25.255,3680.1763
3855.0040999466655,25.296,3859.8604
3731.731544248889,25.3,3745.2695
3792.51679952,25.309,3862.3972
3796.598296071111,25.228,3847.981
3753.8455995200006,25.242,3789.4343
3817.59338544,25.213,3878.633
3787.9808855111096,25.249,3828.206
3792.593591137778,25.377,3847.7937
3816.390099786667,25.425,3875.5525
3812.707383537777,25.569,3863.7925
3932.101507822222,25.529,3976.7986
3803.714099626666,25.722,3812.969
3850.5212368622224,25.503,3875.4458
3832.073413964444,25.616,3849.4878
